first_name,second_name,element_type,now_cost,selected_by_percent,total_points,minutes,goals_scored,assists,clean_sheets,goals_conceded,yellow_cards,red_cards,bonus,bps,influence,creativity,threat,ict_index,season
Folarin,Balogun,FWD,44,0.2,0,0,0,0,0,0,0,0,0,0,0.0,0.0,0.0,0.0,2023-24
Cédric,Alves Soares,DEF,38,0.5,3,59,0,0,0,0,0,0,0,15,2.0,4.3,0.0,0.6,2023-24
Mohamed,Elneny,MID,44,0.1,6,25,0,1,0,0,0,0,0,16,4.0,2.1,10.0,1.6,2023-24
Fábio,Ferreira Vieira,MID,54,0.1,24,290,1,3,1,2,0,1,0,67,82.8,88.8,85.0,25.5,2023-24
Gabriel,dos Santos Magalhães,DEF,54,28.3,149,3042,3,1,16,26,4,0,8,676,675.8,121.9,379.0,117.9,2023-24
Kai,Havertz,MID,76,11.9,180,2627,13,10,16,22,11,0,15,515,763.2,613.4,1027.0,240.2,2023-24
Gabriel,Fernando de Jesus,FWD,77,2.6,85,1470,4,7,11,11,6,0,10,271,364.8,403.0,756.0,152.7,2023-24
Jorge Luiz,Frello Filho,MID,53,0.2,44,913,0,2,4,11,1,0,1,182,165.4,187.8,16.0,36.8,2023-24
Jakub,Kiwior,DEF,40,0.6,67,942,1,3,6,8,1,0,1,260,228.8,106.9,90.0,42.7,2023-24
Marcus,Oliveira Alencar,MID,45,0.0,0,0,0,0,0,0,0,0,0,0,0.0,0.0,0.0,0.0,2023-24
Gabriel,Martinelli Silva,MID,75,4.2,118,2010,6,5,10,23,1,0,6,404,500.4,717.1,795.0,200.8,2023-24
Eddie,Nketiah,FWD,50,3.1,71,1065,5,4,6,10,3,0,5,206,235.0,136.3,417.0,77.2,2023-24
Martin,Ødegaard,MID,86,18.0,186,3098,8,11,19,23,2,0,26,703,910.4,1499.4,757.0,317.0,2023-24
Thomas,Partey,MID,48,0.1,24,785,0,0,5,5,3,0,0,142,117.6,122.9,37.0,27.8,2023-24
Nicolas,Pépé,MID,49,0.0,0,0,0,0,0,0,0,0,0,0,0.0,0.0,0.0,0.0,2023-24
Aaron,Ramsdale,GK,45,5.4,20,540,0,0,2,5,0,0,0,90,73.2,0.0,0.0,7.3,2023-24
Rúnar Alex,Rúnarsson,GK,40,0.1,0,0,0,0,0,0,0,0,0,0,0.0,0.0,0.0,0.0,2023-24
Bukayo,Saka,MID,88,49.2,226,2922,16,12,16,27,4,0,29,776,1093.8,1319.8,1342.0,375.7,2023-24
William,Saliba,DEF,59,39.1,164,3420,2,1,18,29,4,0,13,781,697.2,152.1,140.0,99.1,2023-24
Emile,Smith Rowe,MID,53,0.1,25,343,0,2,3,3,0,0,0,73,62.4,72.2,128.0,25.6,2023-24
Kieran,Tierney,DEF,44,0.1,0,0,0,0,0,0,0,0,0,0,0.0,0.0,0.0,0.0,2023-24
Takehiro,Tomiyasu,DEF,45,0.5,70,1140,2,1,6,10,0,1,4,244,247.0,141.8,143.0,52.8,2023-24
Leandro,Trossard,MID,66,3.6,138,1633,12,2,12,10,2,0,11,398,563.6,384.7,746.0,169.5,2023-24
Benjamin,White,DEF,61,23.3,182,2987,4,5,18,26,8,0,14,776,765.8,589.4,234.0,159.0,2023-24
Granit,Xhaka,MID,60,0.0,0,0,0,0,0,0,0,0,0,0,0.0,0.0,0.0,0.0,2023-24
Oleksandr,Zinchenko,DEF,50,5.1,104,1717,1,2,9,15,2,0,16,468,395.4,474.8,133.0,100.4,2023-24
David,Raya Martin,GK,53,11.7,135,2880,0,0,16,24,2,0,6,569,413.0,0.0,0.0,41.1,2023-24
Declan,Rice,MID,55,6.2,165,3225,7,9,17,28,5,0,17,744,959.4,745.3,451.0,215.9,2023-24
Reiss,Nelson,MID,48,0.0,16,256,0,0,1,1,1,0,0,58,42.8,87.7,39.0,16.9,2023-24
Jurriën,Timber,DEF,46,0.4,0,70,0,0,0,0,2,0,0,4,5.8,4.7,2.0,1.3,2023-24
Karl,Hein,GK,40,0.1,0,0,0,0,0,0,0,0,0,0,0.0,0.0,0.0,0.0,2023-24
Charles,Sagoe,MID,45,0.0,0,0,0,0,0,0,0,0,0,0,0.0,0.0,0.0,0.0,2023-24
Reuell,Walters,DEF,40,0.0,0,0,0,0,0,0,0,0,0,0,0.0,0.0,0.0,0.0,2023-24
Bradley,Ibrahim,MID,45,0.0,0,0,0,0,0,0,0,0,0,0,0.0,0.0,0.0,0.0,2023-24
Myles,Lewis-Skelly,MID,45,0.0,0,0,0,0,0,0,0,0,0,0,0.0,0.0,0.0,0.0,2023-24
Ethan,Nwaneri,MID,45,0.0,1,13,0,0,0,0,0,0,0,3,2.0,12.3,4.0,1.8,2023-24
Mauro,Bandeira,MID,45,0.0,0,0,0,0,0,0,0,0,0,0,0.0,0.0,0.0,0.0,2023-24
James,Sweet,DEF,40,0.0,0,0,0,0,0,0,0,0,0,0,0.0,0.0,0.0,0.0,2023-24
Alexandre,Moreno Lopera,DEF,49,1.1,49,1024,2,0,3,20,2,0,5,211,217.8,156.9,152.0,52.7,2023-24
Leon,Bailey,MID,54,3.1,148,2063,10,11,5,32,5,0,11,482,663.2,707.1,623.0,199.1,2023-24
Emiliano,Buendía Stati,MID,57,0.0,0,0,0,0,0,0,0,0,0,0,0.0,0.0,0.0,0.0,2023-24
Matty,Cash,DEF,45,9.9,64,2138,2,2,3,36,8,0,4,337,465.2,231.8,378.0,107.1,2023-24
Calum,Chambers,DEF,38,2.2,6,149,0,1,0,6,1,0,0,37,39.0,12.2,0.0,5.1,2023-24
Philippe,Coutinho Correia,MID,58,0.2,2,24,0,0,0,1,0,0,0,7,4.0,2.8,12.0,1.8,2023-24
Keinan,Davis,FWD,49,0.1,0,0,0,0,0,0,0,0,0,0,0.0,0.0,0.0,0.0,2023-24
Leander,Dendoncker,MID,49,0.0,20,118,1,1,0,3,0,0,3,64,59.2,3.9,37.0,10.0,2023-24
Diego Carlos,Santos Silva,DEF,44,0.5,55,1809,0,0,6,36,4,0,1,338,370.4,59.8,100.0,53.2,2023-24
Lucas,Digne,DEF,46,3.1,85,2405,1,4,6,41,7,0,5,420,448.4,601.7,200.0,125.1,2023-24
Douglas Luiz,Soares de Paulo,MID,54,4.8,148,2994,9,5,6,57,12,0,25,666,761.8,867.0,381.0,201.1,2023-24
Jhon,Durán,FWD,50,0.2,50,461,5,1,0,12,5,0,7,162,190.2,55.2,165.0,40.2,2023-24
Kortney,Hause,DEF,39,0.2,0,0,0,0,0,0,0,0,0,0,0.0,0.0,0.0,0.0,2023-24
Tim,Iroegbunam,MID,44,0.0,10,157,0,0,0,7,0,0,0,29,18.6,4.0,0.0,2.1,2023-24
Boubacar,Kamara,MID,50,0.1,40,1653,0,1,7,22,7,1,1,247,256.2,292.7,44.0,59.1,2023-24
Ezri,Konsa Ngoyo,DEF,45,2.2,91,3069,1,1,7,54,5,0,7,562,554.4,170.6,223.0,95.0,2023-24
Emiliano,Martínez Romero,GK,52,10.5,115,3015,0,0,8,48,4,0,19,640,802.0,20.0,0.0,82.2,2023-24
John,McGinn,MID,53,0.9,119,3000,6,5,7,54,9,1,9,502,640.4,690.7,360.0,169.4,2023-24
Tyrone,Mings,DEF,41,1.0,0,30,0,0,0,2,0,0,0,5,3.6,13.0,5.0,2.2,2023-24
Robin,Olsen,GK,39,0.6,17,405,0,0,0,13,0,0,3,107,194.6,0.0,0.0,19.5,2023-24
Jaden,Philogene-Bidace,MID,45,0.0,1,3,0,0,0,1,0,0,0,3,0.4,0.3,2.0,0.3,2023-24
Jacob,Ramsey,MID,59,0.1,29,848,1,1,0,12,2,0,0,101,124.0,159.3,182.0,46.7,2023-24
Morgan,Sanson,MID,45,0.0,0,0,0,0,0,0,0,0,0,0,0.0,0.0,0.0,0.0,2023-24
Viljami,Sinisalo,GK,40,0.0,0,0,0,0,0,0,0,0,0,0,0.0,0.0,0.0,0.0,2023-24
Youri,Tielemans,MID,56,0.4,77,1613,2,6,4,27,3,0,2,318,369.2,325.4,136.0,83.3,2023-24
Bertrand,Traoré,MID,50,0.0,2,10,0,0,0,0,0,0,0,6,3.0,0.0,0.0,0.3,2023-24
Ollie,Watkins,FWD,89,35.9,228,3222,19,18,7,56,4,0,29,752,1024.6,588.5,1420.0,302.8,2023-24
Wesley,Moraes Ferreira da Silva,FWD,50,0.0,0,0,0,0,0,0,0,0,0,0,0.0,0.0,0.0,0.0,2023-24
Pau,Torres,DEF,46,2.8,85,2462,2,0,6,37,1,0,4,461,479.4,150.6,135.0,76.6,2023-24
Moussa,Diaby,MID,63,5.8,142,2168,6,11,8,40,1,0,10,429,515.4,617.8,675.0,180.6,2023-24
Omari,Kellyman,MID,45,0.0,2,35,0,0,0,1,0,0,0,6,2.6,0.5,2.0,0.5,2023-24
Filip,Marschall,GK,40,0.0,0,0,0,0,0,0,0,0,0,0,0.0,0.0,0.0,0.0,2023-24
Nicolò,Zaniolo,MID,54,0.0,34,824,2,0,2,13,7,0,0,36,146.8,120.1,357.0,61.9,2023-24
Oliwier,Zych,GK,40,0.0,0,0,0,0,0,0,0,0,0,0,0.0,0.0,0.0,0.0,2023-24
Clément,Lenglet,DEF,45,0.2,24,1153,0,1,2,27,3,0,0,207,250.6,41.8,103.0,39.5,2023-24
Sam,Proctor,GK,40,0.0,0,0,0,0,0,0,0,0,0,0,0.0,0.0,0.0,0.0,2023-24
Tommi,O'Reilly,MID,45,0.0,0,0,0,0,0,0,0,0,0,0,0.0,0.0,0.0,0.0,2023-24
James,Wright,GK,40,0.0,0,0,0,0,0,0,0,0,0,0,0.0,0.0,0.0,0.0,2023-24
Kaine,Kesler-Hayden,DEF,40,0.0,3,5,0,0,0,0,0,0,0,9,0.0,0.0,0.0,0.0,2023-24
Morgan,Rogers,MID,50,0.0,35,636,3,1,2,13,3,0,0,114,177.8,118.4,150.0,44.5,2023-24
Joe,Gauci,GK,39,0.0,0,0,0,0,0,0,0,0,0,0,0.0,0.0,0.0,0.0,2023-24
Finley,Munroe,DEF,40,0.0,1,3,0,0,0,0,0,0,0,3,0.0,1.0,0.0,0.1,2023-24
Kadan,Young,MID,45,0.0,0,0,0,0,0,0,0,0,0,0,0.0,0.0,0.0,0.0,2023-24
Lander,Emery,GK,40,0.0,0,0,0,0,0,0,0,0,0,0,0.0,0.0,0.0,0.0,2023-24
Jaidon,Anthony,MID,49,0.0,3,151,0,0,0,5,1,0,0,4,9.0,4.6,16.0,3.0,2023-24
Philip,Billing,MID,51,0.3,60,1385,2,3,2,36,3,1,3,228,304.2,313.5,267.0,88.3,2023-24
David,Brooks,MID,47,0.0,23,271,1,1,0,7,1,0,2,71,88.2,112.4,113.0,31.4,2023-24
Ryan,Christie,MID,50,0.1,90,2908,0,5,8,56,6,0,5,433,620.2,780.2,351.0,175.4,2023-24
Lewis,Cook,MID,48,0.1,77,2787,0,3,8,51,5,1,5,446,520.2,681.9,67.0,127.2,2023-24
Siriki,Dembélé,MID,45,0.0,0,0,0,0,0,0,0,0,0,0,0.0,0.0,0.0,0.0,2023-24
Ryan,Fredericks,DEF,43,0.0,0,0,0,0,0,0,0,0,0,0,0.0,0.0,0.0,0.0,2023-24
James,Hill,DEF,40,0.1,5,74,0,0,0,1,0,0,0,22,32.6,2.2,0.0,3.5,2023-24
Lloyd,Kelly,DEF,45,0.1,48,1553,0,1,4,32,2,0,5,293,279.0,141.8,48.0,46.9,2023-24
Gavin,Kilkenny,MID,43,0.1,0,0,0,0,0,0,0,0,0,0,0.0,0.0,0.0,0.0,2023-24
Justin,Kluivert,MID,46,0.7,100,1910,7,1,11,23,5,0,2,229,362.2,283.2,619.0,126.4,2023-24
Jamal,Lowe,MID,49,0.0,0,0,0,0,0,0,0,0,0,0,0.0,0.0,0.0,0.0,2023-24
Emiliano,Marcondes,MID,43,0.0,0,0,0,0,0,0,0,0,0,0,0.0,0.0,0.0,0.0,2023-24
Chris,Mepham,DEF,43,0.1,16,613,0,1,1,16,2,0,0,113,142.6,40.0,27.0,21.0,2023-24
Kieffer,Moore,FWD,46,0.2,14,100,1,0,0,2,0,0,2,38,37.4,27.9,81.0,14.1,2023-24
Norberto,Murara Neto,GK,46,4.2,110,2880,0,0,7,55,5,0,14,592,875.2,0.0,0.0,87.5,2023-24
Dango,Ouattara,MID,47,0.0,56,1214,1,2,5,24,3,0,3,207,298.4,245.4,332.0,87.8,2023-24
Ben,Pearson,MID,45,0.0,0,0,0,0,0,0,0,0,0,0,0.0,0.0,0.0,0.0,2023-24
Darren,Randolph,GK,39,0.4,0,0,0,0,0,0,0,0,0,0,0.0,0.0,0.0,0.0,2023-24
Joe,Rothwell,MID,48,0.0,13,380,0,0,0,12,0,0,0,54,45.8,63.9,5.0,11.6,2023-24
Antoine,Semenyo,FWD,45,2.0,107,2099,8,4,8,33,6,0,14,363,506.8,411.2,748.0,166.8,2023-24
Marcos,Senesi,DEF,44,2.4,102,2239,4,5,6,44,13,0,13,486,735.0,311.2,147.0,119.7,2023-24
Adam,Smith,DEF,44,0.5,80,2148,0,3,8,33,6,0,4,378,336.4,296.5,27.0,66.1,2023-24
Dominic,Solanke,FWD,69,17.8,175,3325,19,3,10,61,3,0,20,560,902.0,479.6,1348.0,272.7,2023-24
Marcus,Tavernier,MID,50,0.3,89,2118,3,4,8,38,3,0,5,324,468.4,649.4,460.0,157.8,2023-24
Hamed,Traorè,MID,47,0.0,3,44,0,0,0,1,0,0,0,10,12.8,14.8,30.0,5.7,2023-24
Mark,Travers,GK,40,0.3,19,360,0,0,2,5,0,0,2,79,92.6,0.0,0.0,9.3,2023-24
Illia,Zabarnyi,DEF,44,1.9,84,3330,1,0,8,67,5,0,3,583,686.0,111.1,117.0,91.5,2023-24
Milos,Kerkez,DEF,44,0.3,59,1966,0,2,6,37,4,1,1,290,310.0,216.5,150.0,67.7,2023-24
Ionuț,Radu,GK,43,0.1,2,180,0,0,0,7,0,0,0,31,33.0,0.0,0.0,3.3,2023-24
Ben,Greenwood,DEF,40,0.1,0,0,0,0,0,0,0,0,0,0,0.0,0.0,0.0,0.0,2023-24
Max,Aarons,DEF,44,0.1,28,1233,0,1,2,35,1,0,0,199,179.6,114.0,27.0,31.8,2023-24
Alex,Scott,MID,49,0.0,41,1003,1,1,3,25,3,0,3,163,197.0,294.7,116.0,60.7,2023-24
Tyler,Adams,MID,49,0.0,5,118,0,0,0,3,0,0,1,28,24.6,14.1,10.0,4.9,2023-24
Luis,Sinisterra,MID,55,0.0,43,685,2,2,1,18,0,0,2,149,221.4,251.4,343.0,81.7,2023-24
Romain,Faivre,MID,50,0.0,4,37,0,0,0,1,1,0,0,9,5.0,2.5,13.0,1.8,2023-24
Max,Kinsey,DEF,40,0.0,0,0,0,0,0,0,0,0,0,0,0.0,0.0,0.0,0.0,2023-24
Enes,Ünal,FWD,50,0.0,40,317,2,4,1,9,1,0,3,99,142.4,58.6,242.0,43.7,2023-24
Dominic,Sadi,MID,45,0.0,1,1,0,0,0,0,0,0,0,3,0.0,0.0,0.0,0.0,2023-24
Michael,Dacosta Gonzalez,MID,45,0.0,0,0,0,0,0,0,0,0,0,0,0.0,0.0,0.0,0.0,2023-24
Callan,McKenna,GK,40,0.0,0,0,0,0,0,0,0,0,0,0,0.0,0.0,0.0,0.0,2023-24
Kristoffer,Ajer,DEF,44,0.7,68,1826,2,1,5,33,5,0,3,323,406.8,166.6,223.0,79.7,2023-24
Ellery,Balcombe,GK,39,0.2,0,0,0,0,0,0,0,0,0,0,0.0,0.0,0.0,0.0,2023-24
Shandon,Baptiste,MID,43,0.7,19,222,1,1,0,5,1,0,0,83,92.4,54.8,60.0,20.6,2023-24
Mads,Bech Sørensen,DEF,40,0.1,0,0,0,0,0,0,0,0,0,0,0.0,0.0,0.0,0.0,2023-24
Mads,Bidstrup,MID,45,0.0,0,0,0,0,0,0,0,0,0,0,0.0,0.0,0.0,0.0,2023-24
Sergi,Canós Tenés,MID,50,0.0,0,0,0,0,0,0,0,0,0,0,0.0,0.0,0.0,0.0,2023-24
Nathan,Collins,DEF,45,0.8,84,2649,1,1,7,51,3,0,8,489,653.8,151.5,180.0,98.7,2023-24
Matthew,Cox,GK,40,0.0,0,0,0,0,0,0,0,0,0,0,0.0,0.0,0.0,0.0,2023-24
Mikkel,Damsgaard,MID,48,0.0,45,829,0,4,5,9,2,0,0,155,162.6,179.1,103.0,44.7,2023-24
Josh,Dasilva,MID,47,0.0,3,22,0,0,0,0,0,0,0,6,6.8,15.4,14.0,3.6,2023-24
Halil,Dervişoğlu,FWD,45,0.0,0,0,0,0,0,0,0,0,0,0,0.0,0.0,0.0,0.0,2023-24
Mark,Flekken,GK,47,4.5,119,3285,0,1,7,63,3,0,12,685,921.2,40.3,0.0,96.2,2023-24
Charlie,Goode,DEF,39,0.1,0,0,0,0,0,0,0,0,0,0,0.0,0.0,0.0,0.0,2023-24
Rico,Henry,DEF,42,0.8,13,401,0,1,1,5,1,0,0,74,72.8,67.9,17.0,15.7,2023-24
Aaron,Hickey,DEF,43,0.1,17,713,0,0,2,12,5,0,0,87,66.6,28.4,37.0,12.9,2023-24
Vitaly,Janelt,MID,52,0.1,93,3054,1,4,9,52,8,0,1,466,503.4,562.5,285.0,135.3,2023-24
Mathias,Jensen,MID,52,0.7,98,2201,3,4,9,45,5,0,10,422,481.2,689.3,135.0,130.4,2023-24
Keane,Lewis-Potter,MID,47,0.1,73,1428,3,2,6,29,0,0,1,186,280.0,203.8,573.0,105.6,2023-24
Bryan,Mbeumo,MID,68,6.7,127,1957,9,7,5,31,2,0,12,364,554.2,572.1,576.0,170.1,2023-24
Ben,Mee,DEF,47,1.1,39,1272,2,1,1,28,1,1,3,210,334.8,88.2,118.0,54.2,2023-24
Christian,Nørgaard,MID,52,0.1,74,2504,2,1,6,51,8,0,3,414,501.8,396.2,316.0,121.8,2023-24
Frank,Onyeka,MID,49,0.0,39,1147,1,2,1,27,8,0,0,150,259.0,178.3,189.0,62.6,2023-24
Ethan,Pinnock,DEF,45,1.4,77,2521,2,0,5,46,1,0,5,479,653.2,63.4,221.0,94.2,2023-24
Mads,Roerslev Rasmussen,DEF,44,0.4,75,1975,1,2,5,40,1,0,3,354,382.0,281.3,94.0,76.3,2023-24
Kevin,Schade,MID,52,0.1,33,327,2,2,1,5,0,0,2,81,105.8,58.3,100.0,26.2,2023-24
Thomas,Strakosha,GK,39,1.2,4,135,0,0,0,2,0,0,0,24,42.8,0.0,0.0,4.3,2023-24
Ivan,Toney,FWD,77,3.7,57,1449,4,3,3,30,5,0,4,159,289.6,206.5,524.0,101.7,2023-24
Ryan,Trevitt,MID,45,0.0,0,0,0,0,0,0,0,0,0,0,0.0,0.0,0.0,0.0,2023-24
Yoane,Wissa,FWD,57,5.1,131,2488,12,4,11,40,7,0,15,457,592.8,384.0,769.0,173.2,2023-24
Yegor,Yarmoliuk,MID,42,0.7,33,670,0,0,4,9,2,0,0,95,98.4,66.9,127.0,29.0,2023-24
Mathias,Jorgensen,DEF,43,0.3,29,1086,1,0,2,24,4,0,3,179,216.0,94.0,90.0,40.0,2023-24
Neal,Maupay,FWD,49,0.9,76,1417,6,3,4,37,8,0,6,248,325.8,242.5,568.0,112.6,2023-24
Sergio,Reguilón,DEF,45,3.0,74,1524,0,6,5,30,7,1,14,350,390.2,436.3,111.0,93.8,2023-24
Michael,Olakigbe,MID,45,0.0,8,51,0,0,0,0,0,0,0,14,4.8,4.1,27.0,3.5,2023-24
Ethan,Brierley,MID,45,0.0,0,0,0,0,0,0,0,0,0,0,0.0,0.0,0.0,0.0,2023-24
Saman,Ghoddos,MID,45,0.0,26,728,1,0,0,20,5,0,0,127,139.8,163.8,45.0,35.1,2023-24
Ji-Soo,Kim,DEF,40,0.0,0,0,0,0,0,0,0,0,0,0,0.0,0.0,0.0,0.0,2023-24
Valintino,Adedokun,DEF,40,0.0,0,0,0,0,0,0,0,0,0,0,0.0,0.0,0.0,0.0,2023-24
Myles,Peart-Harris,MID,45,0.0,3,11,0,0,0,0,0,0,0,6,2.2,10.9,2.0,1.5,2023-24
Vincent,Angelini,GK,40,0.0,0,0,0,0,0,0,0,0,0,0,0.0,0.0,0.0,0.0,2023-24
Hákon,Valdimarsson,GK,40,0.0,0,0,0,0,0,0,0,0,0,0,0.0,0.0,0.0,0.0,2023-24
Benjamin,Fredrick,DEF,40,0.0,0,0,0,0,0,0,0,0,0,0,0.0,0.0,0.0,0.0,2023-24
Benjamin,Arthur,DEF,40,0.0,0,0,0,0,0,0,0,0,0,0,0.0,0.0,0.0,0.0,2023-24
Yunus,Konak,MID,45,0.0,0,0,0,0,0,0,0,0,0,0,0.0,0.0,0.0,0.0,2023-24
Simon,Adingra,MID,50,0.6,97,2220,6,1,4,38,3,0,8,330,477.6,507.8,751.0,173.4,2023-24
Steven,Alzate,MID,44,0.0,0,0,0,0,0,0,0,0,0,0,0.0,0.0,0.0,0.0,2023-24
Yasin,Ayari,MID,45,0.0,0,0,0,0,0,0,0,0,0,0,0.0,0.0,0.0,0.0,2023-24
Facundo,Buonanotte,MID,47,0.1,57,1356,3,1,6,19,7,0,1,160,254.8,291.3,238.0,78.4,2023-24
Aaron,Connolly,FWD,45,0.0,0,0,0,0,0,0,0,0,0,0,0.0,0.0,0.0,0.0,2023-24
Mahmoud,Dahoud,MID,48,0.1,14,449,0,1,1,6,1,1,0,68,70.4,127.2,24.0,21.7,2023-24
Lewis,Dunk,DEF,52,5.3,89,2869,3,1,5,53,6,1,11,567,823.0,205.4,389.0,141.7,2023-24
Julio,Enciso,MID,50,0.4,20,468,0,2,0,12,2,0,0,62,81.0,131.7,157.0,36.9,2023-24
Pervis,Estupiñán,DEF,47,14.5,57,1242,2,3,3,26,4,0,7,291,350.8,382.6,156.0,89.0,2023-24
Evan,Ferguson,FWD,57,3.5,69,1356,6,1,2,28,1,0,5,218,275.0,106.7,393.0,77.3,2023-24
Billy,Gilmour,MID,48,0.2,61,2116,0,3,6,37,8,1,4,354,291.4,481.5,104.0,87.7,2023-24
Pascal,Groß,MID,61,4.1,153,3112,4,11,7,50,6,0,29,724,988.6,1674.9,434.0,309.9,2023-24
João Pedro,Junqueira de Jesus,FWD,52,6.1,104,2037,9,3,5,38,2,0,12,406,622.4,578.8,932.0,213.4,2023-24
Michał,Karbownik,DEF,40,0.0,0,0,0,0,0,0,0,0,0,0,0.0,0.0,0.0,0.0,2023-24
Kacper,Kozłowski,MID,45,0.0,0,0,0,0,0,0,0,0,0,0,0.0,0.0,0.0,0.0,2023-24
Adam,Lallana,MID,49,0.0,30,839,0,1,2,13,2,0,0,95,83.0,248.7,130.0,45.8,2023-24
Tariq,Lamptey,DEF,39,3.6,31,908,0,3,1,20,3,0,0,155,144.6,173.7,60.0,37.6,2023-24
Solly,March,MID,61,2.0,39,555,3,1,2,11,1,0,6,134,197.4,126.5,139.0,46.4,2023-24
Tom,McGill,GK,39,0.2,0,0,0,0,0,0,0,0,0,0,0.0,0.0,0.0,0.0,2023-24
James,Milner,MID,48,0.1,28,770,0,2,4,12,3,0,0,146,152.8,253.5,61.0,46.8,2023-24
Kaoru,Mitoma,MID,64,11.8,74,1485,3,7,1,27,4,0,7,252,327.6,375.1,636.0,134.0,2023-24
Jakub,Moder,MID,44,0.1,21,608,0,0,1,13,2,0,0,89,87.2,82.3,84.0,25.4,2023-24
Jeremy,Sarmiento Morante,MID,45,0.0,0,0,0,0,0,0,0,0,0,0,0.0,0.0,0.0,0.0,2023-24
Kjell,Scherpen,GK,40,0.0,0,0,0,0,0,0,0,0,0,0,0.0,0.0,0.0,0.0,2023-24
Jason,Steele,GK,40,1.7,42,1530,0,0,2,34,0,0,5,300,382.2,0.1,0.0,38.2,2023-24
Deniz,Undav,FWD,55,0.0,0,0,0,0,0,0,0,0,0,0,0.0,0.0,0.0,0.0,2023-24
Jan Paul,van Hecke,DEF,40,2.1,61,2368,0,0,5,38,4,0,3,454,631.8,176.4,175.0,98.5,2023-24
Joël,Veltman,DEF,43,0.6,49,1579,1,1,3,32,4,0,0,294,320.8,97.8,98.0,51.8,2023-24
Bart,Verbruggen,GK,44,1.2,68,1890,0,0,4,28,3,0,7,417,541.4,1.0,0.0,54.3,2023-24
Adam,Webster,DEF,42,0.3,26,1142,0,0,2,22,2,0,2,212,252.2,89.3,54.0,39.7,2023-24
Danny,Welbeck,FWD,57,1.0,79,1687,5,4,8,28,4,0,5,261,326.2,320.9,492.0,114.0,2023-24
Andi,Zeqiri,FWD,44,0.4,0,0,0,0,0,0,0,0,0,0,0.0,0.0,0.0,0.0,2023-24
Igor Julio,dos Santos de Paulo,DEF,43,0.2,37,1631,0,0,2,26,4,0,1,311,297.8,135.5,23.0,45.8,2023-24
Jack,Hinshelwood,MID,45,0.0,42,866,3,0,2,17,1,0,5,155,200.2,118.9,230.0,55.0,2023-24
Carlos,Baleba,MID,45,0.0,34,1314,0,0,2,28,7,0,0,174,179.8,134.7,72.0,38.8,2023-24
Anssumane,Fati Vieira,MID,64,0.4,33,509,2,1,1,12,2,0,1,84,121.4,92.1,292.0,50.5,2023-24
Mark,O’Mahony,FWD,45,0.0,2,61,0,0,0,1,1,0,0,5,6.0,1.6,6.0,1.3,2023-24
Benicio,Baker-Boaitey,MID,45,0.0,4,37,0,0,0,1,1,0,0,10,4.6,12.6,4.0,1.9,2023-24
Ben,Jackson,DEF,40,0.0,0,0,0,0,0,0,0,0,0,0,0.0,0.0,0.0,0.0,2023-24
Joshua,Duffus,MID,44,0.0,0,0,0,0,0,0,0,0,0,0,0.0,0.0,0.0,0.0,2023-24
Leigh,Kavanagh,DEF,40,0.0,0,0,0,0,0,0,0,0,0,0,0.0,0.0,0.0,0.0,2023-24
Luca,Barrington,MID,45,0.0,0,0,0,0,0,0,0,0,0,0,0.0,0.0,0.0,0.0,2023-24
Cameron,Peupion,MID,45,0.0,0,0,0,0,0,0,0,0,0,0,0.0,0.0,0.0,0.0,2023-24
Valentín,Barco,DEF,40,0.0,5,307,0,0,0,9,1,0,0,33,44.8,69.6,39.0,15.5,2023-24
Samy,Chouchane,MID,45,0.0,0,0,0,0,0,0,0,0,0,0,0.0,0.0,0.0,0.0,2023-24
Odeluga,Offiah,DEF,40,0.0,4,126,0,0,0,3,0,0,0,21,6.4,5.5,4.0,1.6,2023-24
Noël,Atom,DEF,40,0.0,0,0,0,0,0,0,0,0,0,0,0.0,0.0,0.0,0.0,2023-24
Enock,Agyei,MID,42,0.4,0,0,0,0,0,0,0,0,0,0,0.0,0.0,0.0,0.0,2023-24
Ameen,Al-Dakhil,DEF,38,1.2,19,1055,1,0,0,26,1,0,0,127,193.0,42.8,84.0,32.0,2023-24
Samuel,Bastien,MID,49,0.0,0,0,0,0,0,0,0,0,0,0,0.0,0.0,0.0,0.0,2023-24
Manuel Benson,Hedilazio,MID,52,0.1,8,110,0,0,0,5,0,0,0,22,17.6,26.4,30.0,7.5,2023-24
Jordan,Beyer,DEF,39,0.8,30,1234,0,1,2,23,6,0,4,236,330.8,46.1,35.0,41.3,2023-24
Josh,Brownhill,MID,47,0.2,78,2248,4,2,2,56,4,1,2,365,499.0,501.5,234.0,123.5,2023-24
Darko,Churlinov,MID,44,0.0,0,0,0,0,0,0,0,0,0,0,0.0,0.0,0.0,0.0,2023-24
Jack,Cork,MID,48,0.0,4,25,0,0,0,0,0,0,0,8,4.2,5.2,2.0,1.1,2023-24
Dara,Costelloe,MID,45,0.0,0,0,0,0,0,0,0,0,0,0,0.0,0.0,0.0,0.0,2023-24
Josh,Cullen,MID,50,0.1,65,2055,2,4,0,48,9,0,5,375,458.0,426.7,106.0,98.9,2023-24
CJ,Egan-Riley,DEF,39,0.1,0,0,0,0,0,0,0,0,0,0,0.0,0.0,0.0,0.0,2023-24
Hjalmar,Ekdal,DEF,39,0.2,15,436,0,0,1,8,2,0,3,77,76.6,15.9,15.0,10.7,2023-24
Lyle,Foster,FWD,47,0.4,75,1898,5,3,2,43,0,1,4,229,364.2,263.4,467.0,109.6,2023-24
Denis,Franchi,GK,39,0.1,0,0,0,0,0,0,0,0,0,0,0.0,0.0,0.0,0.0,2023-24
Jóhann Berg,Gudmundsson,MID,48,0.0,48,1185,1,3,2,25,2,0,0,193,234.6,515.6,158.0,91.0,2023-24
Luke,McNally,DEF,40,0.0,0,0,0,0,0,0,0,0,0,0,0.0,0.0,0.0,0.0,2023-24
Arijanet,Muric,GK,43,0.6,47,900,0,0,0,16,0,0,12,241,513.0,40.3,0.0,55.3,2023-24
Dara,O'Shea,DEF,44,0.3,69,2892,3,4,2,71,5,1,2,478,772.0,189.7,213.0,117.7,2023-24
Michael,Obafemi,FWD,49,0.0,2,19,0,0,0,0,0,0,0,4,0.0,0.6,17.0,1.7,2023-24
Bailey,Peacock-Farrell,GK,40,0.0,0,0,0,0,0,0,0,0,0,0,0.0,0.0,0.0,0.0,2023-24
Connor,Roberts,DEF,43,0.1,12,817,0,1,0,23,3,1,0,111,142.8,104.1,12.0,25.7,2023-24
Jay,Rodriguez,FWD,53,0.2,41,811,2,1,1,18,0,0,3,108,138.8,66.2,232.0,42.6,2023-24
Charlie,Taylor,DEF,39,2.7,47,2329,1,1,2,46,8,0,1,347,395.6,275.7,59.0,73.3,2023-24
Bobby,Thomas,DEF,40,0.0,0,0,0,0,0,0,0,0,0,0,0.0,0.0,0.0,0.0,2023-24
Scott,Twine,MID,49,0.0,0,0,0,0,0,0,0,0,0,0,0.0,0.0,0.0,0.0,2023-24
Lawrence,Vigouroux,GK,39,0.2,0,0,0,0,0,0,0,0,0,0,0.0,0.0,0.0,0.0,2023-24
Victor,da Silva,DEF,44,0.2,60,2311,0,3,2,44,1,0,2,259,305.4,200.8,228.0,73.0,2023-24
Wout,Weghorst,FWD,55,0.0,0,0,0,0,0,0,0,0,0,0,0.0,0.0,0.0,0.0,2023-24
Anass,Zaroury,MID,46,0.0,4,149,0,0,0,4,0,1,0,10,6.8,36.3,19.0,5.6,2023-24
David Datro,Fofana,FWD,50,0.2,50,876,4,1,1,18,1,0,8,133,212.0,111.7,273.0,59.2,2023-24
Sander,Berge,MID,46,0.1,74,3002,1,2,2,70,8,1,3,430,533.6,446.3,161.0,114.3,2023-24
Zeki,Amdouni,FWD,51,0.2,85,1953,5,1,5,41,2,0,11,243,372.8,246.5,509.0,112.4,2023-24
James,Trafford,GK,44,0.9,70,2520,0,0,2,62,2,0,5,533,903.6,3.3,0.0,90.7,2023-24
Nathan,Redmond,MID,47,0.0,11,132,0,0,0,5,1,0,0,38,23.8,52.5,18.0,9.4,2023-24
Luca,Koleosho,MID,48,0.0,40,972,1,2,3,23,0,0,0,80,86.8,147.9,213.0,44.5,2023-24
Jacob,Bruun Larsen,MID,48,0.1,82,1235,6,0,3,23,1,0,7,237,335.8,416.5,448.0,119.5,2023-24
Owen,Dodgson,DEF,40,0.0,0,0,0,0,0,0,0,0,0,0,0.0,0.0,0.0,0.0,2023-24
Wilson,Odobert,MID,50,0.1,82,2095,3,4,2,48,3,0,3,303,331.0,435.4,445.0,121.1,2023-24
Hannes,Delcroix,DEF,40,0.1,7,584,0,0,0,25,2,0,0,88,110.0,57.8,42.0,20.9,2023-24
Aaron,Ramsey,MID,50,0.0,18,522,0,0,0,17,1,0,0,62,51.2,28.0,53.0,12.7,2023-24
Han-Noah,Massengo,MID,49,0.0,3,14,0,0,0,0,0,0,0,11,2.8,0.1,0.0,0.3,2023-24
Mike,Trésor,MID,52,0.0,20,410,0,0,0,10,0,0,0,73,44.4,110.5,24.0,18.0,2023-24
Lorenz,Assignon,DEF,40,0.2,25,1235,1,2,0,32,3,1,3,140,270.2,176.0,119.0,56.6,2023-24
Maxime,Esteve,DEF,40,0.0,15,1310,0,0,0,28,6,0,0,157,229.2,38.9,29.0,29.9,2023-24
Moisés,Caicedo Corozo,MID,45,1.2,84,2865,1,3,7,50,11,0,6,466,613.6,403.2,68.0,108.2,2023-24
Robert,Sánchez,GK,45,2.2,59,1433,0,0,3,25,2,0,7,317,450.6,0.1,0.0,45.2,2023-24
Ethan,Ampadu,DEF,40,0.0,0,0,0,0,0,0,0,0,0,0,0.0,0.0,0.0,0.0,2023-24
Andrey,Nascimento dos Santos,MID,42,0.1,1,7,0,0,0,0,0,0,0,1,0.0,0.5,3.0,0.2,2023-24
Kepa,Arrizabalaga,GK,50,0.2,0,0,0,0,0,0,0,0,0,0,0.0,0.0,0.0,0.0,2023-24
Pierre-Emerick,Aubameyang,FWD,65,0.0,0,0,0,0,0,0,0,0,0,0,0.0,0.0,0.0,0.0,2023-24
César,Azpilicueta,DEF,45,0.0,0,0,0,0,0,0,0,0,0,0,0.0,0.0,0.0,0.0,2023-24
Abdul Rahman,Baba,DEF,40,0.0,0,0,0,0,0,0,0,0,0,0,0.0,0.0,0.0,0.0,2023-24
Benoît,Badiashile,DEF,44,0.3,35,1337,0,1,3,31,3,0,4,267,336.4,87.4,51.0,47.5,2023-24
Marcus,Bettinelli,GK,40,0.0,-1,0,0,0,0,0,1,0,0,-3,0.0,0.0,0.0,0.0,2023-24
Trevoh,Chalobah,DEF,43,2.0,39,949,1,0,3,14,1,0,4,221,250.8,45.4,38.0,33.4,2023-24
Ben,Chilwell,DEF,54,4.7,24,752,0,2,1,14,5,0,2,123,128.4,212.8,139.0,48.0,2023-24
Carney,Chukwuemeka,MID,42,1.0,16,222,1,1,0,5,2,0,0,53,78.4,68.6,52.0,19.9,2023-24
Levi,Colwill,DEF,46,2.1,65,1794,1,1,5,26,2,0,4,355,394.6,113.2,163.0,67.2,2023-24
Marc,Cucurella Saseta,DEF,49,3.7,44,1783,0,3,4,33,10,0,3,318,384.4,283.9,122.0,79.3,2023-24
Enzo,Fernández,MID,48,1.9,77,2208,3,3,5,47,7,0,4,369,527.2,567.7,369.0,146.3,2023-24
Wesley,Fofana,DEF,44,0.0,0,0,0,0,0,0,0,0,0,0,0.0,0.0,0.0,0.0,2023-24
Conor,Gallagher,MID,54,1.7,129,3129,5,8,8,56,7,1,10,618,754.8,821.5,401.0,197.4,2023-24
Malo,Gusto,DEF,43,8.2,74,1746,0,6,5,28,7,1,10,409,434.8,494.8,174.0,110.4,2023-24
Reece,James,DEF,53,2.7,11,416,0,2,0,13,0,2,0,106,137.4,172.1,61.0,37.1,2023-24
Romelu,Lukaku Bolingoli,FWD,68,0.3,0,0,0,0,0,0,0,0,0,0,0.0,0.0,0.0,0.0,2023-24
Noni,Madueke,MID,53,1.2,76,1044,5,3,4,19,2,0,7,253,341.6,287.5,401.0,102.8,2023-24
Mykhailo,Mudryk,MID,63,0.9,94,1564,5,5,7,28,5,0,5,291,347.2,457.5,420.0,122.4,2023-24
Nicolas,Jackson,FWD,70,17.9,142,2801,14,6,9,48,10,0,12,479,783.8,501.7,1098.0,237.7,2023-24
Christopher,Nkunku,FWD,72,1.0,29,437,3,0,0,12,0,0,4,96,134.6,74.5,222.0,42.7,2023-24
Christian,Pulisic,MID,55,0.0,0,0,0,0,0,0,0,0,0,0,0.0,0.0,0.0,0.0,2023-24
Malang,Sarr,DEF,43,0.1,0,0,0,0,0,0,0,0,0,0,0.0,0.0,0.0,0.0,2023-24
Gabriel,Słonina,GK,40,0.0,0,0,0,0,0,0,0,0,0,0,0.0,0.0,0.0,0.0,2023-24
Raheem,Sterling,MID,68,4.8,123,1972,8,8,5,38,7,0,8,323,502.8,473.7,747.0,172.1,2023-24
Thiago,Emiliano da Silva,DEF,50,4.5,98,2525,3,1,7,45,4,0,12,604,797.0,138.7,165.0,110.6,2023-24
Hakim,Ziyech,MID,54,0.1,0,0,0,0,0,0,0,0,0,0,0.0,0.0,0.0,0.0,2023-24
Cole,Palmer,MID,63,51.3,244,2617,22,13,7,46,7,0,32,844,1240.2,1022.5,1016.0,327.8,2023-24
Ângelo Gabriel,Borges Damaceno,MID,50,0.0,0,0,0,0,0,0,0,0,0,0,0.0,0.0,0.0,0.0,2023-24
Ian,Maatsen,MID,51,0.0,11,200,0,0,0,5,1,0,0,24,29.4,44.8,29.0,10.3,2023-24
Axel,Disasi,DEF,49,3.4,71,2579,2,0,5,50,6,0,6,468,573.2,105.5,172.0,85.1,2023-24
Lesley,Ugochukwu,MID,44,0.1,13,296,0,0,1,6,2,0,0,62,60.8,44.4,4.0,10.9,2023-24
Mason,Burstow,FWD,45,0.1,2,8,0,0,0,1,0,0,0,6,0.4,0.6,2.0,0.3,2023-24
Lucas,Bergström,GK,39,0.0,0,0,0,0,0,0,0,0,0,0,0.0,0.0,0.0,0.0,2023-24
Roméo,Lavia,MID,49,0.0,1,32,0,0,0,0,0,0,0,2,3.6,1.9,0.0,0.6,2023-24
Bashir,Humphreys,DEF,40,0.0,0,0,0,0,0,0,0,0,0,0,0.0,0.0,0.0,0.0,2023-24
Deivid Washington,de Souza Eugênio,FWD,45,0.1,2,11,0,0,0,1,0,0,0,5,0.0,0.1,4.0,0.4,2023-24
Eddie,Beach,GK,40,0.0,0,0,0,0,0,0,0,0,0,0,0.0,0.0,0.0,0.0,2023-24
Diego Manuel Jadon,da Silva Moreira,MID,45,0.0,0,0,0,0,0,0,0,0,0,0,0.0,0.0,0.0,0.0,2023-24
Đorđe,Petrović,GK,47,8.4,71,1986,0,0,5,38,2,0,5,414,567.8,0.0,0.0,56.8,2023-24
Alfie,Gilchrist,DEF,40,0.1,20,200,1,0,1,6,1,0,0,67,70.6,8.6,33.0,11.1,2023-24
Ronnie,Stutter,FWD,45,0.0,0,0,0,0,0,0,0,0,0,0,0.0,0.0,0.0,0.0,2023-24
Alex,Matos,MID,45,0.0,1,1,0,0,0,0,0,0,0,2,0.0,0.0,0.0,0.0,2023-24
Josh,Brooking,DEF,40,0.0,0,0,0,0,0,0,0,0,0,0,0.0,0.0,0.0,0.0,2023-24
Leo,Castledine,MID,45,0.0,0,0,0,0,0,0,0,0,0,0,0.0,0.0,0.0,0.0,2023-24
Cesare,Casadei,MID,45,0.0,11,71,0,0,0,3,0,0,0,38,19.8,27.4,2.0,5.1,2023-24
Ishé,Samuels-Smith,DEF,40,0.0,0,0,0,0,0,0,0,0,0,0,0.0,0.0,0.0,0.0,2023-24
Ollie,Harrison,MID,45,0.0,0,0,0,0,0,0,0,0,0,0,0.0,0.0,0.0,0.0,2023-24
Jimi,Tauriainen,MID,45,0.0,1,1,0,0,0,0,0,0,0,3,0.0,0.0,0.0,0.0,2023-24
Josh,Acheampong,DEF,40,0.0,1,5,0,0,0,0,0,0,0,4,15.0,0.0,0.0,1.5,2023-24
Teddy,Sharman-Lowe,GK,40,0.0,0,0,0,0,0,0,0,0,0,0,0.0,0.0,0.0,0.0,2023-24
Tyrique,George,FWD,45,0.0,0,0,0,0,0,0,0,0,0,0,0.0,0.0,0.0,0.0,2023-24
Kiano,Dyer,MID,45,0.0,0,0,0,0,0,0,0,0,0,0,0.0,0.0,0.0,0.0,2023-24
Ted,Curd,GK,40,0.0,0,0,0,0,0,0,0,0,0,0,0.0,0.0,0.0,0.0,2023-24
Zak,Sturge,DEF,40,0.0,0,0,0,0,0,0,0,0,0,0,0.0,0.0,0.0,0.0,2023-24
Rob,Holding,DEF,43,0.1,0,0,0,0,0,0,0,0,0,0,0.0,0.0,0.0,0.0,2023-24
Naouirou,Ahamada,MID,43,0.4,16,332,0,0,0,14,2,1,0,52,41.2,25.2,61.0,12.9,2023-24
Joachim,Andersen,DEF,47,14.1,121,3416,2,3,10,58,7,0,12,679,873.6,301.1,253.0,143.1,2023-24
Jordan,Ayew,MID,53,0.3,109,2540,4,7,11,39,7,1,3,325,517.6,445.2,550.0,151.1,2023-24
Nathaniel,Clyne,DEF,43,0.2,52,1335,0,1,5,16,0,0,0,259,179.6,67.8,21.0,27.0,2023-24
Cheick,Doucouré,MID,48,0.0,21,920,0,0,3,12,2,0,0,141,165.8,138.5,36.0,34.2,2023-24
Malcolm,Ebiowei,MID,44,0.0,0,0,0,0,0,0,0,0,0,0,0.0,0.0,0.0,0.0,2023-24
Odsonne,Edouard,FWD,53,1.3,79,1545,7,0,6,24,4,0,9,246,359.6,256.7,663.0,128.0,2023-24
Eberechi,Eze,MID,60,5.4,136,2054,11,5,8,28,3,0,11,490,740.4,810.0,735.0,228.7,2023-24
Vicente,Guaita,GK,44,0.2,0,0,0,0,0,0,0,0,0,0,0.0,0.0,0.0,0.0,2023-24
Marc,Guéhi,DEF,42,1.3,66,2020,0,1,6,32,2,0,6,397,417.8,106.6,35.0,56.1,2023-24
Will,Hughes,MID,49,0.0,61,1886,0,2,8,38,6,0,2,252,319.2,338.6,67.0,72.3,2023-24
Sam,Johnstone,GK,43,1.3,68,1796,0,0,6,27,1,0,7,310,321.4,0.0,0.0,32.2,2023-24
Jefferson,Lerma Solís,MID,47,0.1,64,2399,1,1,5,46,8,0,4,338,417.6,366.1,240.0,102.4,2023-24
Jean-Philippe,Mateta,FWD,51,7.3,165,2274,16,7,8,44,3,0,22,563,775.0,404.0,741.0,191.9,2023-24
Remi,Matthews,GK,39,0.1,1,3,0,0,0,1,0,0,0,3,1.0,0.0,0.0,0.1,2023-24
Tyrick,Mitchell,DEF,45,4.7,119,3204,2,3,10,55,6,0,10,590,669.8,393.7,209.0,127.4,2023-24
Jake,O'Brien,DEF,40,0.0,0,0,0,0,0,0,0,0,0,0,0.0,0.0,0.0,0.0,2023-24
Michael,Olise,MID,57,5.3,125,1272,10,6,3,19,0,0,21,438,627.6,568.7,556.0,175.4,2023-24
Luke,Plange,FWD,45,0.0,0,0,0,0,0,0,0,0,0,0,0.0,0.0,0.0,0.0,2023-24
Chris,Richards,DEF,39,1.5,62,2091,1,1,4,38,3,0,4,370,456.2,87.5,108.0,65.2,2023-24
Jairo,Riedewald,MID,43,0.1,12,228,0,0,1,3,0,0,0,35,24.6,9.3,14.0,4.8,2023-24
Jeffrey,Schlupp,MID,48,0.1,66,1340,2,2,4,25,1,0,4,201,279.8,234.2,229.0,74.1,2023-24
James,Tomkins,DEF,39,0.4,3,8,0,0,0,2,0,0,0,12,3.0,0.3,0.0,0.3,2023-24
Joel,Ward,DEF,45,0.2,54,1978,0,1,5,34,4,0,0,304,348.2,79.0,41.0,46.8,2023-24
Joe,Whitworth,GK,39,0.9,0,0,0,0,0,0,0,0,0,0,0.0,0.0,0.0,0.0,2023-24
Dean,Henderson,GK,44,1.7,48,1620,0,0,4,30,2,0,2,293,434.8,0.0,0.0,43.7,2023-24
Matheus,França de Oliveira,MID,48,0.0,16,224,0,2,0,7,1,0,0,47,36.4,77.7,53.0,16.5,2023-24
Jesurun,Rak-Sakyi,MID,45,0.0,8,132,0,0,1,3,0,0,0,21,23.2,28.2,58.0,11.0,2023-24
John-Kymani,Gordon,FWD,45,0.0,0,0,0,0,0,0,0,0,0,0,0.0,0.0,0.0,0.0,2023-24
Ademola,Ola-Adebomi,FWD,45,0.0,0,0,0,0,0,0,0,0,0,0,0.0,0.0,0.0,0.0,2023-24
David,Ozoh,MID,45,0.0,8,148,0,0,0,5,1,0,0,27,25.2,4.0,0.0,2.9,2023-24
Jadan,Raymond,MID,45,0.0,0,0,0,0,0,0,0,0,0,0,0.0,0.0,0.0,0.0,2023-24
Tayo,Adaramola,DEF,40,0.0,0,0,0,0,0,0,0,0,0,0,0.0,0.0,0.0,0.0,2023-24
Daniel,Muñoz,DEF,45,0.6,56,1440,0,4,5,22,4,0,3,270,331.0,265.6,119.0,71.7,2023-24
Adam,Wharton,MID,50,0.0,50,1296,0,3,7,16,2,0,4,222,255.0,287.9,29.0,57.3,2023-24
Franco,Umeh-Chibueze,FWD,45,0.0,0,0,0,0,0,0,0,0,0,0,0.0,0.0,0.0,0.0,2023-24
Kaden,Rodney,MID,45,0.0,0,0,0,0,0,0,0,0,0,0,0.0,0.0,0.0,0.0,2023-24
Roshaun,Mathurin,MID,44,0.0,0,0,0,0,0,0,0,0,0,0,0.0,0.0,0.0,0.0,2023-24
André,Tavares Gomes,MID,44,0.1,20,505,1,0,3,7,4,0,0,64,72.8,88.3,81.0,24.1,2023-24
Jarrad,Branthwaite,DEF,45,10.8,124,3116,3,1,12,44,8,0,10,621,789.4,67.2,185.0,104.3,2023-24
Dominic,Calvert-Lewin,FWD,58,1.0,101,2166,7,3,13,27,2,0,9,259,403.0,255.6,901.0,154.8,2023-24
Seamus,Coleman,DEF,44,0.1,30,661,0,0,4,10,0,0,3,141,108.6,49.9,6.0,16.5,2023-24
Dele,Alli,MID,48,0.0,0,0,0,0,0,0,0,0,0,0,0.0,0.0,0.0,0.0,2023-24
Abdoulaye,Doucouré,MID,55,0.5,116,2632,7,3,12,36,7,0,7,335,462.4,456.5,687.0,161.0,2023-24
James,Garner,MID,49,0.1,87,3001,1,2,11,47,7,0,3,421,526.6,663.1,244.0,143.5,2023-24
Jean-Philippe,Gbamin,MID,44,0.0,0,0,0,0,0,0,0,0,0,0,0.0,0.0,0.0,0.0,2023-24
Ben,Godfrey,DEF,43,0.2,37,1120,0,0,4,13,2,0,0,166,221.4,64.9,156.0,44.3,2023-24
Demarai,Gray,MID,53,0.1,0,0,0,0,0,0,0,0,0,0,0.0,0.0,0.0,0.0,2023-24
Idrissa,Gueye,MID,48,0.1,73,1885,4,0,7,25,8,0,10,337,406.8,237.1,154.0,79.7,2023-24
Michael,Keane,DEF,42,0.2,18,437,1,0,1,13,2,0,2,72,108.2,4.6,92.0,20.5,2023-24
Dwight,McNeil,MID,54,0.3,124,2891,3,8,12,39,2,0,8,515,615.4,1110.8,400.0,212.7,2023-24
Vitalii,Mykolenko,DEF,45,2.6,101,2469,2,1,9,37,1,0,9,452,517.4,239.8,211.0,96.8,2023-24
Amadou,Onana,MID,47,0.2,66,2085,2,0,5,38,5,0,5,304,354.0,282.7,254.0,89.5,2023-24
Nathan,Patterson,DEF,43,0.1,34,1000,0,2,2,21,4,0,3,187,207.2,138.2,26.0,37.3,2023-24
Jordan,Pickford,GK,48,16.3,153,3420,0,0,13,51,5,0,22,734,969.2,43.4,0.0,101.3,2023-24
Ellis,Simms,FWD,45,0.0,0,0,0,0,0,0,0,0,0,0,0.0,0.0,0.0,0.0,2023-24
James,Tarkowski,DEF,46,5.4,117,3420,1,1,13,51,11,0,10,649,915.4,269.6,320.0,150.9,2023-24
João,Neves Virgínia,GK,39,0.4,0,0,0,0,0,0,0,0,0,0,0.0,0.0,0.0,0.0,2023-24
Andy,Lonergan,GK,39,0.1,0,0,0,0,0,0,0,0,0,0,0.0,0.0,0.0,0.0,2023-24
Ashley,Young,DEF,44,0.4,76,2277,0,1,9,34,5,1,3,375,284.8,365.2,87.0,74.0,2023-24
Arnaut,Danjuma Groeneveld,MID,52,0.1,26,587,1,0,2,10,0,0,0,53,73.6,79.3,271.0,42.4,2023-24
Lewis,Dobbin,MID,45,0.0,18,226,1,0,1,3,1,0,0,54,68.4,50.5,59.0,17.7,2023-24
Youssef,Ramalho Chermiti,FWD,48,0.1,16,196,0,0,1,4,3,0,0,28,19.2,51.2,84.0,14.9,2023-24
Thomas,Cannon,FWD,45,0.0,1,1,0,0,0,0,0,0,0,3,0.0,0.0,0.0,0.0,2023-24
Tyler,Onyango,MID,44,0.0,1,1,0,0,0,0,0,0,0,3,0.0,0.0,0.0,0.0,2023-24
Jack,Harrison,MID,55,0.1,92,2212,3,3,11,26,1,0,5,292,397.4,405.7,339.0,114.3,2023-24
Norberto Bercique,Gomes Betuncal,FWD,57,0.1,50,943,3,0,2,20,2,0,3,105,158.8,139.6,425.0,71.3,2023-24
Mackenzie,Hunt,MID,45,0.0,0,0,0,0,0,0,0,0,0,0,0.0,0.0,0.0,0.0,2023-24
Jenson,Metcalfe,MID,45,0.0,0,0,0,0,0,0,0,0,0,0,0.0,0.0,0.0,0.0,2023-24
Elijah,Campbell,DEF,40,0.0,0,0,0,0,0,0,0,0,0,0,0.0,0.0,0.0,0.0,2023-24
Lewis,Warrington,MID,45,0.0,1,1,0,0,0,0,0,0,0,3,0.0,0.0,0.0,0.0,2023-24
Billy,Crellin,GK,40,0.0,0,0,0,0,0,0,0,0,0,0,0.0,0.0,0.0,0.0,2023-24
Armando,Broja,FWD,49,0.2,35,529,1,2,3,9,0,0,0,72,75.6,70.3,152.0,29.0,2023-24
Alex,Iwobi,MID,53,0.4,102,2331,5,2,7,41,2,0,9,425,504.2,718.8,534.0,175.9,2023-24
Andreas,Hoelgebaum Pereira,MID,53,0.9,127,2611,3,9,14,40,6,0,7,459,503.6,1254.3,417.0,217.8,2023-24
Tom,Cairney,MID,49,0.0,70,1472,1,6,4,27,3,0,2,346,335.2,407.2,170.0,90.9,2023-24
Ivan,Neves Abreu Cavaleiro,MID,50,0.0,0,0,0,0,0,0,0,0,0,0,0.0,0.0,0.0,0.0,2023-24
Bobby,De Cordova-Reid,MID,52,0.1,92,1410,6,3,3,29,4,0,7,290,330.6,255.3,325.0,90.0,2023-24
Issa,Diop,DEF,44,0.4,43,1423,0,0,5,26,2,1,3,259,348.8,20.5,37.0,40.8,2023-24
Tyrese,Francois,MID,44,0.0,0,0,0,0,0,0,0,0,0,0,0.0,0.0,0.0,0.0,2023-24
Anthony,Knockaert,MID,44,0.0,0,0,0,0,0,0,0,0,0,0,0.0,0.0,0.0,0.0,2023-24
Terence,Kongolo,DEF,40,0.1,0,0,0,0,0,0,0,0,0,0,0.0,0.0,0.0,0.0,2023-24
Bernd,Leno,GK,48,14.6,133,3420,0,0,10,61,3,0,15,782,1069.8,0.1,0.0,106.7,2023-24
Saša,Lukić,MID,43,0.3,43,1113,1,0,5,20,3,0,0,157,192.4,155.6,115.0,46.2,2023-24
Kevin,Mbabu,DEF,40,0.2,0,0,0,0,0,0,0,0,0,0,0.0,0.0,0.0,0.0,2023-24
Aleksandar,Mitrović,FWD,74,0.6,1,32,0,0,0,0,0,0,0,6,6.4,0.3,26.0,3.3,2023-24
Rodrigo,Muniz Carvalho,FWD,43,4.4,97,1589,9,2,6,27,1,0,12,299,409.0,213.1,875.0,148.2,2023-24
João,Palhinha Gonçalves,MID,50,0.3,91,2698,4,1,9,46,13,0,8,387,659.2,219.0,365.0,124.5,2023-24
Tim,Ream,DEF,44,0.6,40,1503,1,0,3,31,2,1,4,267,339.8,18.2,45.0,40.4,2023-24
Harrison,Reed,MID,43,0.3,47,1317,0,2,6,23,6,0,0,205,213.8,212.6,45.0,47.2,2023-24
Antonee,Robinson,DEF,45,4.0,104,3266,0,6,9,60,6,0,8,662,805.8,536.7,241.0,158.6,2023-24
Marek,Rodák,GK,39,0.3,-1,0,0,0,0,0,1,0,0,-3,0.0,0.0,0.0,0.0,2023-24
Kenny,Tete,DEF,44,0.3,27,863,1,0,2,21,2,0,0,161,195.2,93.4,67.0,35.6,2023-24
Tosin,Adarabioyo,DEF,43,0.2,66,1616,2,0,6,25,2,0,2,327,431.8,39.3,152.0,62.4,2023-24
Carlos Vinícius,Alves Morais,FWD,45,0.9,22,306,2,0,0,5,2,0,2,77,83.6,61.3,139.0,28.2,2023-24
Harry,Wilson,MID,53,0.2,94,1603,4,7,5,30,6,0,5,307,375.0,357.3,340.0,107.2,2023-24
Raúl,Jiménez,FWD,50,0.6,72,1390,7,0,4,29,3,1,13,237,335.8,185.9,440.0,95.1,2023-24
Willian,Borges da Silva,MID,53,0.4,94,2048,4,3,9,28,1,0,6,390,416.4,701.3,439.0,155.5,2023-24
Calvin,Bassey,DEF,44,0.4,66,2299,1,0,6,42,4,1,4,442,462.8,34.8,50.0,55.0,2023-24
Luc,De Fougerolles,DEF,39,0.1,0,0,0,0,0,0,0,0,0,0,0.0,0.0,0.0,0.0,2023-24
Jay,Stansfield,FWD,45,0.0,0,0,0,0,0,0,0,0,0,0,0.0,0.0,0.0,0.0,2023-24
Matthew,Dibley-Dias,MID,45,0.0,0,0,0,0,0,0,0,0,0,0,0.0,0.0,0.0,0.0,2023-24
Adama,Traoré,MID,49,0.0,36,363,2,3,0,13,2,0,1,113,164.2,108.1,140.0,41.3,2023-24
Luke,Harris,MID,45,0.0,2,74,0,0,0,5,0,0,0,2,3.2,0.7,17.0,2.1,2023-24
Timothy,Castagne,DEF,45,1.6,105,2630,1,3,9,40,3,0,7,510,494.4,295.0,229.0,102.1,2023-24
Steven,Benda,GK,40,0.0,0,0,0,0,0,0,0,0,0,0,0.0,0.0,0.0,0.0,2023-24
Fodé,Ballo-Touré,DEF,45,0.1,5,65,0,0,0,1,1,0,0,18,13.6,2.2,2.0,1.9,2023-24
Devan,Tanton,DEF,40,0.0,0,0,0,0,0,0,0,0,0,0,0.0,0.0,0.0,0.0,2023-24
Kristian,Sekularac,MID,44,0.0,0,0,0,0,0,0,0,0,0,0,0.0,0.0,0.0,0.0,2023-24
Joshua,King,MID,45,0.0,0,0,0,0,0,0,0,0,0,0,0.0,0.0,0.0,0.0,2023-24
Adrián,San Miguel del Castillo,GK,38,0.2,0,0,0,0,0,0,0,0,0,0,0.0,0.0,0.0,0.0,2023-24
Trent,Alexander-Arnold,DEF,84,10.3,122,2153,3,5,8,28,6,0,19,590,601.8,1027.5,237.0,186.8,2023-24
Alisson,Ramses Becker,GK,57,9.7,107,2520,0,0,8,30,1,0,9,575,671.2,10.4,0.0,68.1,2023-24
Stefan,Bajcetic,MID,47,0.0,1,25,0,0,0,2,0,0,0,3,7.8,0.3,0.0,0.8,2023-24
Darwin,Núñez Ribeiro,FWD,75,11.7,132,2033,11,11,6,25,9,0,9,397,660.8,439.1,1223.0,232.4,2023-24
Diogo,Teixeira da Silva,MID,79,1.7,110,1141,10,7,5,11,1,1,7,328,483.8,290.2,639.0,141.4,2023-24
Harvey,Elliott,MID,48,0.4,96,1330,3,9,4,13,2,0,8,402,417.2,570.0,391.0,137.5,2023-24
Fabio Henrique,Tavares,MID,50,0.0,0,0,0,0,0,0,0,0,0,0,0.0,0.0,0.0,0.0,2023-24
Cody,Gakpo,FWD,71,3.1,106,1633,8,5,5,20,1,0,12,409,521.4,348.2,708.0,157.1,2023-24
Joe,Gomez,DEF,45,1.3,76,1772,0,2,7,19,5,0,2,390,316.0,338.3,119.0,77.7,2023-24
Jordan,Henderson,MID,50,0.0,0,0,0,0,0,0,0,0,0,0,0.0,0.0,0.0,0.0,2023-24
Curtis,Jones,MID,49,0.1,40,1156,1,1,2,19,3,1,2,171,174.0,203.2,195.0,57.0,2023-24
Caoimhin,Kelleher,GK,36,3.9,34,900,0,0,2,11,0,0,3,198,261.2,10.0,0.0,27.0,2023-24
Ibrahima,Konaté,DEF,49,2.0,56,1570,0,0,6,19,3,1,2,315,357.4,139.9,87.0,58.5,2023-24
Luis,Díaz,MID,76,10.0,142,2625,8,7,7,33,3,0,9,413,613.0,844.0,1190.0,264.6,2023-24
Alexis,Mac Allister,MID,59,3.9,109,2600,5,5,6,34,7,1,12,512,712.4,726.7,224.0,166.2,2023-24
Joel,Matip,DEF,48,0.3,21,779,0,0,2,9,2,0,0,145,192.8,33.3,35.0,26.1,2023-24
Nathaniel,Phillips,DEF,40,0.1,0,0,0,0,0,0,0,0,0,0,0.0,0.0,0.0,0.0,2023-24
Andrew,Robertson,DEF,65,4.2,76,1689,3,2,3,22,2,0,8,463,552.2,936.1,230.0,171.9,2023-24
Mohamed,Salah,MID,134,24.0,211,2531,18,12,8,30,2,0,24,621,1033.8,892.2,1531.0,346.0,2023-24
Dominik,Szoboszlai,MID,71,3.3,99,2102,3,4,8,23,1,0,7,437,423.4,830.0,377.0,162.8,2023-24
Thiago,Alcántara do Nascimento,MID,47,0.1,1,5,0,0,0,1,0,0,0,3,0.6,0.4,0.0,0.1,2023-24
Konstantinos,Tsimikas,DEF,43,1.1,48,675,0,3,4,7,0,0,4,201,158.8,267.5,35.0,46.2,2023-24
Sepp,van den Berg,DEF,40,0.0,0,0,0,0,0,0,0,0,0,0,0.0,0.0,0.0,0.0,2023-24
Virgil,van Dijk,DEF,66,17.7,117,3177,2,2,9,40,3,1,8,662,911.2,176.3,449.0,153.8,2023-24
Jarell,Quansah,DEF,40,0.5,49,1188,2,0,2,15,1,0,5,263,331.6,58.8,104.0,49.4,2023-24
Bobby,Clark,MID,44,0.0,5,86,0,0,0,0,0,0,0,7,11.6,5.3,19.0,3.6,2023-24
Ben,Doak,MID,43,0.0,1,13,0,0,0,0,0,0,0,3,0.2,0.8,0.0,0.1,2023-24
James,McConnell,MID,44,0.0,3,3,0,0,0,0,0,0,0,8,1.0,0.4,0.0,0.1,2023-24
Wataru,Endo,MID,54,0.1,47,1714,1,0,6,16,10,0,0,250,281.6,269.5,53.0,60.1,2023-24
Ryan,Gravenberch,MID,50,0.1,45,1110,1,0,3,17,0,0,3,176,187.0,229.4,198.0,61.5,2023-24
Luke,Chambers,DEF,40,0.0,0,0,0,0,0,0,0,0,0,0,0.0,0.0,0.0,0.0,2023-24
Callum,Scanlon,DEF,39,0.0,0,0,0,0,0,0,0,0,0,0,0.0,0.0,0.0,0.0,2023-24
Treymaurice,Nyoni,MID,45,0.0,0,0,0,0,0,0,0,0,0,0,0.0,0.0,0.0,0.0,2023-24
Marcelo,de Araújo Pitaluga Filho,GK,40,0.0,0,0,0,0,0,0,0,0,0,0,0.0,0.0,0.0,0.0,2023-24
Conor,Bradley,DEF,41,2.1,50,752,1,3,3,7,2,0,7,211,230.4,215.8,160.0,60.6,2023-24
Owen,Beck,DEF,45,0.0,1,7,0,0,0,0,0,0,0,2,5.0,0.3,0.0,0.5,2023-24
Kaide,Gordon,MID,45,0.0,1,1,0,0,0,0,0,0,0,3,0.2,0.3,2.0,0.3,2023-24
Lewis,Koumas,FWD,45,0.0,0,0,0,0,0,0,0,0,0,0,0.0,0.0,0.0,0.0,2023-24
Fabian,Mrozek,GK,40,0.0,0,0,0,0,0,0,0,0,0,0,0.0,0.0,0.0,0.0,2023-24
Jayden,Danns,FWD,43,0.0,1,7,0,0,0,0,1,0,0,1,0.0,3.7,0.0,0.2,2023-24
Amara,Nallo,DEF,40,0.0,0,0,0,0,0,0,0,0,0,0,0.0,0.0,0.0,0.0,2023-24
Albert,Sambi Lokonga,MID,49,0.0,47,1304,1,3,2,31,4,0,4,231,289.8,154.9,56.0,49.9,2023-24
Marvelous,Nakamba,MID,43,0.4,21,1131,0,0,0,24,5,0,0,131,146.4,102.8,14.0,26.5,2023-24
Elijah,Adebayo,FWD,48,1.0,94,1405,10,1,2,36,1,0,9,288,413.6,177.0,527.0,111.8,2023-24
Mads Juel,Andersen,DEF,38,0.5,15,397,1,0,0,6,1,0,1,75,126.8,1.8,27.0,15.6,2023-24
Amari'i,Bell,DEF,38,2.2,35,1720,0,0,2,41,0,0,3,263,358.2,119.6,50.0,52.7,2023-24
Luke,Berry,MID,46,0.0,31,309,2,1,0,8,1,0,0,94,112.6,29.7,117.0,25.6,2023-24
Reece,Burke,DEF,40,0.2,40,1659,0,4,1,37,5,0,2,260,406.4,172.4,131.0,70.9,2023-24
Allan,Campbell,MID,49,0.0,0,0,0,0,0,0,0,0,0,0,0.0,0.0,0.0,0.0,2023-24
Jordan,Clark,MID,48,0.0,44,1297,1,1,1,41,4,0,3,156,198.8,187.5,177.0,56.5,2023-24
Alfie,Doughty,DEF,43,6.2,101,2923,2,10,2,74,5,0,11,577,690.4,1126.0,318.0,213.3,2023-24
Luke,Freeman,MID,49,0.0,0,0,0,0,0,0,0,0,0,0,0.0,0.0,0.0,0.0,2023-24
Matt,Macey,GK,40,0.2,0,0,0,0,0,0,0,0,0,0,0.0,0.0,0.0,0.0,2023-24
John,McAtee,FWD,45,0.4,0,0,0,0,0,0,0,0,0,0,0.0,0.0,0.0,0.0,2023-24
Carlos,Mendes Gomes,MID,45,0.0,0,0,0,0,0,0,0,0,0,0,0.0,0.0,0.0,0.0,2023-24
Carlton,Morris,FWD,47,4.3,146,2859,11,6,3,72,4,0,18,451,620.2,305.6,908.0,183.4,2023-24
Admiral,Muskwe,FWD,45,0.1,0,0,0,0,0,0,0,0,0,0,0.0,0.0,0.0,0.0,2023-24
Chiedozie,Ogbene,FWD,48,0.1,84,1987,4,4,2,47,1,0,7,387,412.6,378.3,486.0,127.7,2023-24
Fred,Onyedinma,MID,50,0.0,11,403,0,0,0,14,1,0,0,19,36.2,32.8,71.0,14.1,2023-24
Gabriel,Osho,DEF,44,0.1,41,1846,2,0,2,47,3,0,1,286,448.6,37.9,103.0,59.0,2023-24
Aribim,Pepple,FWD,45,0.0,0,0,0,0,0,0,0,0,0,0,0.0,0.0,0.0,0.0,2023-24
Dion,Pereira,MID,44,0.0,0,0,0,0,0,0,0,0,0,0,0.0,0.0,0.0,0.0,2023-24
Dan,Potts,DEF,39,0.1,0,0,0,0,0,0,0,0,0,0,0.0,0.0,0.0,0.0,2023-24
Glen,Rea,MID,44,0.0,0,0,0,0,0,0,0,0,0,0,0.0,0.0,0.0,0.0,2023-24
James,Shea,GK,42,0.1,1,14,0,0,0,0,0,0,0,8,11.0,0.0,0.0,1.1,2023-24
Joe,Taylor,FWD,45,0.1,0,0,0,0,0,0,0,0,0,0,0.0,0.0,0.0,0.0,2023-24
Elliot,Thorpe,MID,45,0.0,0,0,0,0,0,0,0,0,0,0,0.0,0.0,0.0,0.0,2023-24
Jack,Walton,GK,40,0.0,0,0,0,0,0,0,0,0,0,0,0.0,0.0,0.0,0.0,2023-24
Louie,Watson,MID,44,0.1,0,0,0,0,0,0,0,0,0,0,0.0,0.0,0.0,0.0,2023-24
Cauley,Woodrow,FWD,43,0.6,33,406,1,1,0,11,2,0,3,118,127.0,127.1,103.0,35.8,2023-24
Teden,Mengi,DEF,39,1.5,42,2467,1,0,1,59,3,0,1,345,579.6,83.0,95.0,76.0,2023-24
Ryan,Giles,DEF,42,0.1,11,498,0,0,0,14,0,0,0,81,83.2,108.7,38.0,23.1,2023-24
Tom,Lockyer,DEF,42,0.1,23,1169,1,1,0,23,4,0,1,162,286.2,39.2,80.0,40.6,2023-24
Pelly Ruddock,Mpanzu,MID,46,0.0,35,1085,0,0,1,29,1,0,0,107,108.8,102.3,70.0,28.0,2023-24
Tahith,Chong,MID,44,0.2,78,1972,4,2,0,51,4,0,3,222,303.6,206.3,310.0,81.6,2023-24
Issa,Kaboré,DEF,40,1.9,34,1727,0,3,0,39,7,0,3,236,326.6,253.0,62.0,64.0,2023-24
Thomas,Kaminski,GK,45,0.7,86,3405,0,0,2,85,3,0,3,642,1116.6,10.0,0.0,112.2,2023-24
Ross,Barkley,MID,45,0.9,101,2616,5,5,2,66,6,0,4,498,687.4,622.8,379.0,168.7,2023-24
Jacob,Brown,FWD,49,0.1,39,1013,2,1,1,26,4,0,3,115,162.6,116.4,249.0,52.0,2023-24
Aidan,Francis-Clarke,DEF,40,0.0,0,0,0,0,0,0,0,0,0,0,0.0,0.0,0.0,0.0,2023-24
Tim,Krul,GK,44,0.1,0,0,0,0,0,0,0,0,0,0,0.0,0.0,0.0,0.0,2023-24
Joseph,Johnson,DEF,40,0.0,0,75,0,0,0,5,1,0,0,5,1.0,0.9,0.0,0.2,2023-24
Andros,Townsend,MID,50,0.1,61,1197,1,4,3,27,1,0,3,208,221.4,293.6,148.0,65.9,2023-24
Jayden,Luker,MID,45,0.0,0,0,0,0,0,0,0,0,0,0,0.0,0.0,0.0,0.0,2023-24
Zack,Nelson,MID,45,0.0,2,4,0,0,0,1,0,0,0,6,2.0,0.1,0.0,0.2,2023-24
Daiki,Hashioka,DEF,40,0.0,4,592,0,0,0,21,0,0,0,72,101.4,51.9,8.0,16.2,2023-24
Axel,Piesold,MID,45,0.0,0,0,0,0,0,0,0,0,0,0,0.0,0.0,0.0,0.0,2023-24
Dominic,Dos Santos Martins,MID,45,0.0,0,0,0,0,0,0,0,0,0,0,0.0,0.0,0.0,0.0,2023-24
Christian,Chigozie,DEF,40,0.0,0,0,0,0,0,0,0,0,0,0,0.0,0.0,0.0,0.0,2023-24
Taylan,Harris,FWD,45,0.0,0,0,0,0,0,0,0,0,0,0,0.0,0.0,0.0,0.0,2023-24
Manuel,Akanji,DEF,50,5.6,112,2512,2,0,11,23,2,1,8,560,536.4,298.7,137.0,97.4,2023-24
Nathan,Aké,DEF,50,5.2,99,2039,2,3,6,20,0,0,6,483,447.2,197.7,249.0,89.7,2023-24
Julián,Álvarez,FWD,64,15.4,158,2644,11,11,12,24,2,0,17,662,737.0,1005.2,992.0,273.3,2023-24
Bernardo,Veiga de Carvalho e Silva,MID,62,2.9,141,2576,6,9,10,26,8,0,20,604,747.4,959.5,570.0,228.0,2023-24
Oscar,Bobb,MID,44,0.1,30,294,1,2,1,5,0,0,2,112,105.4,147.1,107.0,36.0,2023-24
João,Cancelo,DEF,58,1.0,0,0,0,0,0,0,0,0,0,0,0.0,0.0,0.0,0.0,2023-24
Scott,Carson,GK,38,0.1,0,0,0,0,0,0,0,0,0,0,0.0,0.0,0.0,0.0,2023-24
Shea,Charles,MID,45,0.0,0,0,0,0,0,0,0,0,0,0,0.0,0.0,0.0,0.0,2023-24
Kevin,De Bruyne,MID,106,16.6,98,1219,4,10,7,8,2,0,11,415,527.6,901.1,406.0,183.6,2023-24
Rúben,Gato Alves Dias,DEF,55,7.2,88,2557,0,0,9,28,0,0,3,513,578.4,208.5,225.0,101.5,2023-24
Ederson,Santana de Moraes,GK,55,13.1,112,2785,0,0,11,27,5,0,5,569,551.8,10.0,0.0,56.0,2023-24
Phil,Foden,MID,85,43.3,230,2860,19,8,14,27,2,0,31,866,1154.8,1157.8,1172.0,348.8,2023-24
Jack,Grealish,MID,72,1.5,50,998,3,1,3,13,6,0,6,199,240.4,384.1,295.0,91.9,2023-24
Erling,Haaland,FWD,143,73.6,217,2553,27,8,11,25,1,0,29,792,1094.6,367.2,1581.0,303.3,2023-24
Mateo,Kovačić,MID,46,0.3,59,1539,1,0,9,14,4,0,2,316,265.0,365.9,129.0,76.0,2023-24
Aymeric,Laporte,DEF,49,0.1,1,11,0,0,0,0,0,0,0,4,11.4,0.1,17.0,2.9,2023-24
Rico,Lewis,DEF,42,0.4,52,804,2,0,4,9,1,0,2,215,148.0,195.9,114.0,45.8,2023-24
Riyad,Mahrez,MID,75,0.0,0,0,0,0,0,0,0,0,0,0,0.0,0.0,0.0,0.0,2023-24
Stefan,Ortega Moreno,GK,36,2.3,22,632,0,0,1,7,0,0,2,114,171.2,0.0,0.0,17.3,2023-24
Máximo,Perrone,MID,44,0.0,0,0,0,0,0,0,0,0,0,0,0.0,0.0,0.0,0.0,2023-24
Rodrigo,Hernandez,MID,56,6.1,159,2931,8,10,14,26,8,1,19,737,1043.8,894.8,484.0,242.3,2023-24
Sergio,Gómez,DEF,38,1.0,9,48,0,1,0,2,0,0,0,24,22.6,23.0,10.0,5.6,2023-24
Zack,Steffen,GK,39,0.1,0,0,0,0,0,0,0,0,0,0,0.0,0.0,0.0,0.0,2023-24
John,Stones,DEF,53,3.1,53,1061,1,0,5,9,2,0,3,239,188.4,128.4,70.0,38.7,2023-24
Kyle,Walker,DEF,55,15.1,123,2766,0,5,10,29,2,0,13,633,465.4,534.1,126.0,112.6,2023-24
Matheus Luiz,Nunes,MID,47,0.1,32,831,0,2,2,13,0,1,1,118,146.0,221.3,150.0,51.8,2023-24
Joško,Gvardiol,DEF,52,18.1,123,2327,4,2,9,23,3,0,12,549,544.4,362.2,389.0,129.7,2023-24
Jérémy,Doku,MID,64,1.9,98,1585,3,10,1,19,3,0,13,391,524.2,640.2,875.0,203.9,2023-24
Mahamadou,Susoho,MID,45,0.0,0,0,0,0,0,0,0,0,0,0,0.0,0.0,0.0,0.0,2023-24
Micah,Hamilton,MID,45,0.0,0,0,0,0,0,0,0,0,0,0,0.0,0.0,0.0,0.0,2023-24
Jacob,Wright,MID,45,0.0,0,0,0,0,0,0,0,0,0,0,0.0,0.0,0.0,0.0,2023-24
Mason,Mount,MID,68,0.8,23,509,1,0,1,13,2,0,0,93,105.8,107.6,64.0,27.9,2023-24
Alex,Telles,DEF,45,0.0,0,0,0,0,0,0,0,0,0,0,0.0,0.0,0.0,0.0,2023-24
Amad,Diallo,MID,44,0.1,23,385,1,1,1,6,1,0,3,68,117.0,123.8,114.0,35.2,2023-24
Antony Matheus,dos Santos,MID,68,0.6,47,1311,1,1,3,26,5,0,0,184,247.8,327.7,347.0,91.8,2023-24
Bruno,Borges Fernandes,MID,85,14.6,166,3118,10,9,7,52,9,0,24,729,1101.6,1663.0,748.0,351.3,2023-24
Brandon,Williams,DEF,40,0.1,0,0,0,0,0,0,0,0,0,0,0.0,0.0,0.0,0.0,2023-24
Eric,Bailly,DEF,40,0.1,0,0,0,0,0,0,0,0,0,0,0.0,0.0,0.0,0.0,2023-24
Carlos Henrique,Casimiro,MID,53,1.9,58,1981,1,3,5,34,7,0,0,323,628.4,247.9,323.0,119.9,2023-24
Diogo,Dalot Teixeira,DEF,52,7.4,111,3174,2,3,8,55,4,1,13,662,738.6,590.8,212.0,154.4,2023-24
Christian,Eriksen,MID,58,0.4,48,1134,1,2,2,27,1,0,4,248,255.4,400.5,93.0,75.0,2023-24
Álvaro,Fernández Carreras,DEF,40,0.1,0,0,0,0,0,0,0,0,0,0,0.0,0.0,0.0,0.0,2023-24
Frederico,Rodrigues de Paula Santos,MID,50,0.0,0,0,0,0,0,0,0,0,0,0,0.0,0.0,0.0,0.0,2023-24
Alejandro,Garnacho,MID,50,9.8,131,2564,7,7,8,39,4,0,7,372,527.2,616.8,1103.0,224.3,2023-24
Hannibal,Mejbri,MID,43,0.1,11,131,1,0,1,1,1,0,0,34,48.2,29.8,13.0,9.0,2023-24
Tom,Heaton,GK,39,0.1,0,0,0,0,0,0,0,0,0,0,0.0,0.0,0.0,0.0,2023-24
Victor,Lindelöf,DEF,45,0.2,62,1328,1,1,5,16,2,0,7,291,263.8,125.9,105.0,49.6,2023-24
Harry,Maguire,DEF,43,1.3,73,1650,2,4,4,29,3,0,6,351,493.4,90.9,192.0,77.7,2023-24
Kobbie,Mainoo,MID,44,0.9,77,1927,3,1,7,31,3,0,8,327,413.4,256.7,134.0,80.6,2023-24
Tyrell,Malacia,DEF,43,0.0,0,0,0,0,0,0,0,0,0,0,0.0,0.0,0.0,0.0,2023-24
Anthony,Martial,FWD,64,0.3,25,439,1,1,1,6,0,0,2,73,67.2,85.0,97.0,24.5,2023-24
Lisandro,Martínez,DEF,47,2.1,15,643,0,1,1,12,3,0,0,134,144.4,45.7,4.0,19.4,2023-24
Scott,McTominay,MID,45,0.8,98,1891,7,1,7,30,2,0,5,307,539.4,179.5,492.0,121.3,2023-24
Facundo,Pellistri Rebollo,MID,42,0.1,13,164,0,1,0,2,0,0,0,36,47.0,19.3,66.0,13.3,2023-24
Raphaël,Varane,DEF,49,2.1,44,1370,1,0,3,23,2,0,2,273,356.2,35.3,85.0,47.7,2023-24
Marcus,Rashford,MID,84,9.5,108,2264,7,3,7,37,2,0,0,330,453.2,358.6,672.0,148.3,2023-24
Jadon,Sancho,MID,67,0.4,3,76,0,0,0,1,0,0,0,11,9.8,14.8,12.0,3.6,2023-24
Luke,Shaw,DEF,52,2.7,31,960,0,1,4,13,6,0,0,195,197.2,199.3,29.0,42.6,2023-24
Shola,Shoretire,FWD,44,0.2,0,0,0,0,0,0,0,0,0,0,0.0,0.0,0.0,0.0,2023-24
Donny,van de Beek,MID,47,0.0,1,2,0,0,0,0,0,0,0,3,0.0,10.3,6.0,1.6,2023-24
Aaron,Wan-Bissaka,DEF,44,2.0,47,1778,0,2,3,34,4,0,5,323,397.8,196.5,60.0,65.5,2023-24
André,Onana,GK,50,15.5,133,3420,0,0,9,58,5,0,10,741,1167.8,33.2,0.0,120.2,2023-24
Rasmus,Højlund,FWD,71,5.6,112,2156,10,2,6,35,2,0,14,362,480.6,345.8,648.0,147.0,2023-24
Omari,Forson,MID,44,0.0,7,67,0,1,0,2,0,0,0,23,24.2,23.6,4.0,5.2,2023-24
Radek,Vítek,GK,40,0.0,0,0,0,0,0,0,0,0,0,0,0.0,0.0,0.0,0.0,2023-24
Daniel,Gore,MID,45,0.0,1,1,0,0,0,0,0,0,0,5,3.0,0.0,0.0,0.3,2023-24
Altay,Bayindir,GK,39,0.1,0,0,0,0,0,0,0,0,0,0,0.0,0.0,0.0,0.0,2023-24
Jonny,Evans,DEF,40,0.6,49,1389,0,1,4,24,2,0,3,293,330.8,81.2,21.0,43.6,2023-24
Sofyan,Amrabat,MID,50,0.1,26,929,0,0,2,15,6,0,0,125,159.0,102.5,6.0,27.0,2023-24
Joe,Hugill,FWD,45,0.0,0,0,0,0,0,0,0,0,0,0,0.0,0.0,0.0,0.0,2023-24
Willy,Kambwala,DEF,39,0.1,5,325,0,0,0,10,1,0,0,48,53.8,2.4,0.0,5.5,2023-24
Rhys,Bennett,DEF,40,0.0,0,0,0,0,0,0,0,0,0,0,0.0,0.0,0.0,0.0,2023-24
Toby,Collyer,MID,45,0.0,0,0,0,0,0,0,0,0,0,0,0.0,0.0,0.0,0.0,2023-24
Habeeb,Ogunneye,DEF,40,0.0,0,0,0,0,0,0,0,0,0,0,0.0,0.0,0.0,0.0,2023-24
Dermot,Mee,GK,40,0.0,0,0,0,0,0,0,0,0,0,0,0.0,0.0,0.0,0.0,2023-24
Harry,Amass,DEF,40,0.0,0,0,0,0,0,0,0,0,0,0,0.0,0.0,0.0,0.0,2023-24
Ethan,Wheatley,FWD,45,0.0,3,13,0,0,0,0,0,0,0,6,2.0,0.0,0.0,0.2,2023-24
Louis,Jackson,DEF,40,0.0,0,0,0,0,0,0,0,0,0,0,0.0,0.0,0.0,0.0,2023-24
Lewis,Hall,DEF,42,0.6,38,773,1,0,2,12,2,0,3,171,194.8,69.1,85.0,34.9,2023-24
Miguel,Almirón Rejala,MID,60,2.7,77,1930,3,1,5,40,2,0,4,277,299.8,369.7,434.0,110.1,2023-24
Elliot,Anderson,MID,42,1.8,42,1018,0,2,5,14,3,0,3,144,187.4,223.7,201.0,61.1,2023-24
Harrison,Ashby,DEF,40,0.0,0,0,0,0,0,0,0,0,0,0,0.0,0.0,0.0,0.0,2023-24
Sven,Botman,DEF,45,4.3,51,1375,2,2,3,29,2,0,4,298,386.8,62.9,104.0,55.5,2023-24
Bruno,Guimarães Rodriguez Moura,MID,58,3.3,153,3264,7,9,10,60,8,0,15,691,968.4,948.7,489.0,241.0,2023-24
Dan,Burn,DEF,47,12.7,97,2725,2,2,8,45,4,0,4,493,656.4,153.8,286.0,109.7,2023-24
Karl,Darlow,GK,40,0.0,0,0,0,0,0,0,0,0,0,0,0.0,0.0,0.0,0.0,2023-24
Martin,Dubravka,GK,43,8.7,75,1984,0,0,4,42,1,0,3,426,661.0,10.0,0.0,67.2,2023-24
Ryan,Fraser,MID,49,0.0,0,0,0,0,0,0,0,0,0,0,0.0,0.0,0.0,0.0,2023-24
Mark,Gillespie,GK,39,0.1,0,0,0,0,0,0,0,0,0,0,0.0,0.0,0.0,0.0,2023-24
Anthony,Gordon,MID,64,20.6,183,2896,11,16,12,48,10,1,14,594,822.6,843.7,905.0,256.7,2023-24
Isaac,Hayden,MID,44,0.0,0,0,0,0,0,0,0,0,0,0,0.0,0.0,0.0,0.0,2023-24
Jeff,Hendrick,MID,44,0.0,0,0,0,0,0,0,0,0,0,0,0.0,0.0,0.0,0.0,2023-24
Alexander,Isak,FWD,84,41.0,172,2253,21,4,7,41,1,0,23,645,877.4,362.5,1054.0,229.3,2023-24
Joelinton Cássio,Apolinário de Lira,MID,58,0.4,45,1276,2,1,3,23,6,0,3,209,295.2,314.9,206.0,81.6,2023-24
Emil,Krafth,DEF,44,0.1,33,909,0,0,3,15,2,0,1,187,164.2,145.4,28.0,33.8,2023-24
Garang,Kuol,MID,45,0.0,0,0,0,0,0,0,0,0,0,0,0.0,0.0,0.0,0.0,2023-24
Jamaal,Lascelles,DEF,37,1.9,46,1077,1,0,5,15,4,0,3,212,233.0,35.4,69.0,33.8,2023-24
Jamal,Lewis,DEF,40,0.0,0,0,0,0,0,0,0,0,0,0,0.0,0.0,0.0,0.0,2023-24
Sean,Longstaff,MID,48,0.4,110,2742,6,3,10,50,7,0,3,418,550.0,357.1,479.0,138.8,2023-24
Javier,Manquillo Gaitán,DEF,40,0.0,0,0,0,0,0,0,0,0,0,0,0.0,0.0,0.0,0.0,2023-24
Jacob,Murphy,MID,48,0.2,82,1184,3,8,5,21,1,0,4,312,377.8,453.4,270.0,110.0,2023-24
Nick,Pope,GK,53,4.8,57,1345,0,0,6,16,1,0,1,279,323.0,0.0,4.0,32.7,2023-24
Matt,Ritchie,MID,43,0.2,17,120,1,0,0,5,1,0,0,49,70.0,9.1,106.0,18.5,2023-24
Allan,Saint-Maximin,MID,60,0.0,0,0,0,0,0,0,0,0,0,0,0.0,0.0,0.0,0.0,2023-24
Fabian,Schär,DEF,56,7.3,123,3055,4,3,9,58,5,0,12,629,826.6,166.7,278.0,127.4,2023-24
Matt,Targett,DEF,42,0.1,2,77,0,0,0,4,1,0,0,15,9.2,11.9,0.0,2.2,2023-24
Sandro,Tonali,MID,52,1.0,16,437,1,0,1,5,2,0,0,86,81.8,105.0,50.0,23.8,2023-24
Kieran,Trippier,DEF,66,21.2,111,2235,1,10,6,43,5,0,20,589,719.0,1028.5,102.0,185.2,2023-24
Kell,Watts,DEF,40,0.0,0,0,0,0,0,0,0,0,0,0,0.0,0.0,0.0,0.0,2023-24
Joe,Willock,MID,53,0.1,18,415,1,0,1,9,0,0,0,60,89.8,92.5,106.0,28.8,2023-24
Callum,Wilson,FWD,78,3.0,69,981,9,1,6,15,3,0,4,246,366.2,110.3,563.0,103.2,2023-24
Loris,Karius,GK,39,0.2,1,90,0,0,0,4,0,0,0,17,31.8,0.0,0.0,3.2,2023-24
Paul,Dummett,DEF,39,0.3,5,18,0,0,0,1,0,0,0,10,5.2,1.1,4.0,0.5,2023-24
Harvey,Barnes,MID,62,1.2,64,788,5,3,2,10,2,0,3,205,279.2,181.5,334.0,79.5,2023-24
Tino,Livramento,DEF,40,1.1,45,1302,1,0,2,27,1,0,4,253,292.0,193.9,96.0,58.4,2023-24
Alex,Murphy,DEF,39,0.4,2,11,0,0,0,0,0,0,0,6,2.6,1.0,0.0,0.3,2023-24
Lewis,Miley,MID,45,0.1,44,1203,1,3,1,29,1,0,1,232,237.4,192.8,136.0,56.7,2023-24
Amadou,Diallo,MID,45,0.0,1,1,0,0,0,0,0,0,0,3,0.0,0.0,0.0,0.0,2023-24
Ben,Parkinson,FWD,45,0.0,1,24,0,0,0,1,0,0,0,2,2.0,0.0,0.0,0.2,2023-24
Michael,Ndiweni,FWD,44,0.0,1,1,0,0,0,0,0,0,0,3,0.2,0.0,0.0,0.0,2023-24
Joe,White,MID,45,0.0,3,12,0,0,0,0,1,0,0,9,0.8,1.1,0.0,0.1,2023-24
Travis,Hernes,MID,45,0.0,0,0,0,0,0,0,0,0,0,0,0.0,0.0,0.0,0.0,2023-24
Nuno,Varela Tavares,DEF,40,0.2,11,454,0,0,1,9,2,0,0,69,61.8,48.8,28.0,13.8,2023-24
Matt,Turner,GK,37,8.6,41,1530,0,0,2,28,2,0,0,278,379.6,0.0,0.0,37.9,2023-24
Callum,Hudson-Odoi,MID,47,0.8,109,1846,8,2,2,41,0,0,14,371,489.0,514.2,444.0,145.0,2023-24
Anthony,Elanga,MID,49,1.1,119,2424,5,9,2,47,1,0,5,386,536.4,441.6,618.0,159.2,2023-24
Brandon,Aguilera Zamora,MID,45,0.0,1,4,0,0,0,0,0,0,0,0,0.0,1.6,0.0,0.0,2023-24
Harry,Arter,MID,43,0.1,0,0,0,0,0,0,0,0,0,0,0.0,0.0,0.0,0.0,2023-24
Serge,Aurier,DEF,45,0.6,27,831,0,2,1,15,2,0,3,137,187.6,84.8,45.0,31.8,2023-24
Taiwo,Awoniyi,FWD,63,1.3,67,1036,6,3,3,21,2,0,5,247,303.2,134.4,308.0,74.2,2023-24
Giulian,Biancone,DEF,39,0.1,0,0,0,0,0,0,0,0,0,0,0.0,0.0,0.0,0.0,2023-24
Willy,Boly,DEF,45,0.5,58,1437,2,1,3,26,1,1,7,275,480.0,100.5,200.0,78.1,2023-24
Josh,Bowler,MID,45,0.0,0,0,0,0,0,0,0,0,0,0,0.0,0.0,0.0,0.0,2023-24
Steve,Cook,DEF,45,0.0,0,0,0,0,0,0,0,0,0,0,0.0,0.0,0.0,0.0,2023-24
Danilo,dos Santos de Oliveira,MID,53,0.1,65,1787,2,2,1,42,4,0,4,302,368.0,277.6,137.0,78.1,2023-24
Emmanuel,Dennis,FWD,48,0.1,0,0,0,0,0,0,0,0,0,0,0.0,0.0,0.0,0.0,2023-24
Mohamed,Dräger,DEF,40,0.0,0,0,0,0,0,0,0,0,0,0,0.0,0.0,0.0,0.0,2023-24
Felipe Augusto,de Almeida Monteiro,DEF,44,0.0,7,372,0,0,1,10,4,0,0,59,61.2,23.2,18.0,10.3,2023-24
Remo,Freuler,MID,49,0.0,0,0,0,0,0,0,0,0,0,0,0.0,0.0,0.0,0.0,2023-24
Morgan,Gibbs-White,MID,57,2.1,142,3156,5,12,5,59,9,0,13,563,703.2,1155.2,495.0,235.6,2023-24
Wayne,Hennessey,GK,39,0.2,0,0,0,0,0,0,0,0,0,0,0.0,0.0,0.0,0.0,2023-24
Ethan,Horvath,GK,43,0.1,0,0,0,0,0,0,0,0,0,0,0.0,0.0,0.0,0.0,2023-24
Cheikhou,Kouyaté,MID,48,0.0,12,206,0,0,0,6,2,0,0,32,36.0,14.3,25.0,7.1,2023-24
Richie,Laryea,DEF,45,0.0,0,0,0,0,0,0,0,0,0,0,0.0,0.0,0.0,0.0,2023-24
Orel,Mangala,MID,50,0.0,40,1562,1,0,3,31,6,0,0,186,208.0,108.7,44.0,36.0,2023-24
Loïc,Mbe Soh,DEF,40,0.0,0,0,0,0,0,0,0,0,0,0,0.0,0.0,0.0,0.0,2023-24
Scott,McKenna,DEF,44,0.1,12,416,0,0,1,6,0,0,1,64,89.0,32.4,17.0,13.8,2023-24
Alex,Mighten,MID,44,0.0,0,0,0,0,0,0,0,0,0,0,0.0,0.0,0.0,0.0,2023-24
Moussa,Niakhaté,DEF,45,0.1,29,1456,1,0,1,36,3,1,1,238,316.6,51.7,55.0,42.3,2023-24
Lewis,O'Brien,MID,49,0.0,0,0,0,0,0,0,0,0,0,0,0.0,0.0,0.0,0.0,2023-24
Braian,Ojeda Rodríguez,MID,45,0.0,0,0,0,0,0,0,0,0,0,0,0.0,0.0,0.0,0.0,2023-24
Jonathan,Panzo,DEF,40,0.1,0,0,0,0,0,0,0,0,0,0,0.0,0.0,0.0,0.0,2023-24
Omar,Richards,DEF,44,0.0,0,0,0,0,0,0,0,0,0,0,0.0,0.0,0.0,0.0,2023-24
Gustavo Henrique,Furtado Scarpa,MID,45,0.0,0,0,0,0,0,0,0,0,0,0,0.0,0.0,0.0,0.0,2023-24
Jonjo,Shelvey,MID,48,0.0,0,0,0,0,0,0,0,0,0,0,0.0,0.0,0.0,0.0,2023-24
Sam,Surridge,FWD,45,0.1,0,0,0,0,0,0,0,0,0,0,0.0,0.0,0.0,0.0,2023-24
Harry,Toffolo,DEF,44,0.1,52,1452,1,3,2,29,3,0,3,263,355.0,268.4,171.0,79.3,2023-24
Hwang,Ui-jo,FWD,44,0.2,0,0,0,0,0,0,0,0,0,0,0.0,0.0,0.0,0.0,2023-24
Neco,Williams,DEF,43,0.2,39,1630,0,1,1,33,4,0,2,224,393.4,195.2,139.0,72.8,2023-24
Chris,Wood,FWD,47,1.7,131,1801,14,1,2,34,0,0,22,456,598.2,281.1,795.0,167.4,2023-24
Joe,Worrall,DEF,43,0.1,13,438,0,0,1,9,0,1,3,74,90.0,22.1,18.0,13.0,2023-24
Ryan,Yates,MID,48,0.0,59,1979,1,1,1,38,6,0,1,235,330.4,133.8,258.0,72.1,2023-24
Olu,Aina,DEF,45,0.3,45,1690,1,1,2,39,3,0,2,289,312.0,181.7,49.0,54.4,2023-24
George,Shelvey,GK,39,0.0,0,0,0,0,0,0,0,0,0,0,0.0,0.0,0.0,0.0,2023-24
Josh,Powell,DEF,39,0.2,0,0,0,0,0,0,0,0,0,0,0.0,0.0,0.0,0.0,2023-24
Gonzalo,Montiel,DEF,44,0.1,28,796,0,2,1,11,5,0,4,152,170.6,118.3,32.0,31.9,2023-24
Murillo,Santiago Costa dos Santos,DEF,45,0.3,58,2790,0,2,3,56,5,0,1,451,678.4,115.0,164.0,95.8,2023-24
Odysseas,Vlachodimos,GK,45,0.1,12,450,0,0,1,12,0,0,0,79,101.8,10.0,0.0,11.2,2023-24
Andrew,Omobamidele,DEF,45,0.0,11,782,0,0,0,15,2,0,0,94,148.6,25.1,16.0,18.9,2023-24
Nicolás,Domínguez,MID,50,0.0,67,1489,2,2,6,27,4,0,6,276,340.4,176.2,187.0,70.6,2023-24
Ibrahim,Sangaré,MID,49,0.0,25,1031,0,0,4,16,6,0,0,89,168.8,112.9,43.0,32.5,2023-24
Divock,Origi,FWD,50,0.1,25,594,0,1,2,6,1,0,0,59,50.4,107.8,99.0,25.0,2023-24
Jamie,McDonnell,MID,45,0.0,0,0,0,0,0,0,0,0,0,0,0.0,0.0,0.0,0.0,2023-24
Detlef Esapa,Osong,FWD,45,0.0,0,0,0,0,0,0,0,0,0,0,0.0,0.0,0.0,0.0,2023-24
Joe,Gardner,FWD,45,0.0,0,0,0,0,0,0,0,0,0,0,0.0,0.0,0.0,0.0,2023-24
Giovanni,Reyna,MID,46,0.0,13,228,0,1,0,3,0,0,0,44,55.0,102.7,55.0,21.4,2023-24
Matz,Sels,GK,45,0.2,34,1440,0,0,1,27,1,0,1,206,293.2,10.0,0.0,30.3,2023-24
Rodrigo,Duarte Ribeiro,FWD,45,0.0,4,14,0,0,0,0,0,0,0,9,1.2,1.3,6.0,0.9,2023-24
Auston,Trusty,DEF,39,1.8,28,2568,0,0,1,81,4,0,0,349,517.4,107.3,106.0,73.4,2023-24
Cameron,Archer,FWD,42,3.4,82,1829,4,3,2,50,2,0,9,241,266.0,309.3,353.0,92.8,2023-24
Mason,Holgate,DEF,40,0.4,1,711,0,0,0,27,3,1,0,69,117.8,22.7,19.0,15.9,2023-24
James,McAtee,MID,44,0.4,77,1815,3,4,2,65,2,0,0,259,333.8,394.4,333.0,106.0,2023-24
Anel,Ahmedhodžić,DEF,43,0.2,31,2649,2,0,1,89,9,1,4,325,568.4,96.7,228.0,89.6,2023-24
Jordan,Amissah,GK,39,0.3,0,0,0,0,0,0,0,0,0,0,0.0,0.0,0.0,0.0,2023-24
George,Baldock,DEF,38,4.0,21,968,0,2,0,21,4,0,2,117,173.6,102.6,21.0,29.6,2023-24
Chris,Basham,DEF,39,0.3,8,316,0,0,0,6,1,0,0,35,69.2,27.4,14.0,11.1,2023-24
Jayden,Bogle,DEF,45,0.1,63,2787,3,3,3,79,9,0,0,354,514.4,183.5,339.0,103.7,2023-24
Rhian,Brewster,FWD,49,0.0,11,338,0,0,0,8,0,1,0,14,21.0,28.3,85.0,13.3,2023-24
Ismaila,Coulibaly,MID,44,0.0,0,0,0,0,0,0,0,0,0,0,0.0,0.0,0.0,0.0,2023-24
Adam,Davies,GK,40,0.2,0,0,0,0,0,0,0,0,0,0,0.0,0.0,0.0,0.0,2023-24
John,Egan,DEF,42,0.1,1,482,0,0,0,17,2,0,0,54,91.2,1.4,38.0,13.1,2023-24
John,Fleck,MID,49,0.0,3,89,0,0,0,5,1,0,0,13,5.4,26.0,2.0,3.3,2023-24
Wes,Foderingham,GK,44,0.3,70,2648,0,0,1,79,2,0,7,531,966.0,10.0,0.0,97.7,2023-24
Daniel,Jebbison,FWD,48,0.0,1,20,0,0,0,0,0,0,0,3,0.0,0.1,4.0,0.4,2023-24
Max,Lowe,DEF,43,0.0,13,498,0,1,0,12,1,0,0,47,102.2,31.9,18.0,15.2,2023-24
Oliver,McBurnie,FWD,54,0.1,66,1279,6,3,1,43,3,2,9,225,377.4,195.9,501.0,107.5,2023-24
Iliman,Ndiaye,FWD,55,0.0,0,0,0,0,0,0,0,0,0,0,0.0,0.0,0.0,0.0,2023-24
Rhys,Norrington-Davies,DEF,39,0.1,2,109,0,0,0,6,1,0,0,12,8.2,11.7,2.0,2.0,2023-24
Oliver,Norwood,MID,48,0.0,42,1429,1,0,0,47,8,0,3,232,311.2,275.3,82.0,66.8,2023-24
Ben,Osborn,MID,48,0.0,38,1359,0,2,0,40,3,0,0,182,191.4,212.2,26.0,42.8,2023-24
William,Osula,FWD,42,0.8,25,778,0,1,0,23,4,0,0,27,27.0,24.9,200.0,24.4,2023-24
Jack,Robinson,DEF,43,0.1,33,2883,1,1,1,83,10,0,1,375,602.8,162.1,190.0,95.7,2023-24
Anis,Slimane,MID,47,0.0,14,409,0,0,1,14,2,0,0,23,41.6,46.7,72.0,16.1,2023-24
Yasser,Larouci,DEF,43,0.0,10,527,0,0,0,11,1,0,0,63,80.8,27.8,39.0,14.8,2023-24
Bénie,Traoré,FWD,51,0.0,11,383,0,0,0,13,0,0,0,14,25.8,56.7,31.0,11.2,2023-24
Vini,de Souza Costa,MID,50,0.0,73,2664,1,1,1,80,3,0,4,357,558.4,101.8,152.0,81.1,2023-24
Femi,Seriki,DEF,39,0.1,0,0,0,0,0,0,0,0,0,0,0.0,0.0,0.0,0.0,2023-24
Louie,Marsh,FWD,45,0.0,0,0,0,0,0,0,0,0,0,0,0.0,0.0,0.0,0.0,2023-24
Andre,Brooks,MID,44,0.0,26,932,0,0,1,29,1,0,0,82,88.6,51.9,76.0,21.8,2023-24
Antwoine,Hackford,FWD,44,0.1,2,11,0,0,0,1,0,0,0,5,0.0,0.3,0.0,0.0,2023-24
Gustavo,Hamer,MID,49,0.2,108,2908,4,7,2,83,9,0,5,462,581.2,929.8,294.0,180.4,2023-24
Tom,Davies,MID,50,0.0,7,214,0,0,0,11,2,0,0,11,26.4,18.1,48.0,9.4,2023-24
Luke,Thomas,DEF,40,0.0,7,916,0,0,0,29,3,0,0,80,127.8,53.9,64.0,24.7,2023-24
Ryan,Oné,MID,44,0.0,1,7,0,0,0,2,0,0,0,3,0.0,0.3,0.0,0.0,2023-24
Jili,Buyabu,DEF,40,0.0,0,0,0,0,0,0,0,0,0,0,0.0,0.0,0.0,0.0,2023-24
Sydie,Peck,MID,44,0.0,1,9,0,0,0,0,0,0,0,3,0.0,0.1,0.0,0.0,2023-24
Ben,Brereton,MID,50,0.2,62,1105,6,1,0,37,3,0,5,173,312.2,124.0,422.0,85.3,2023-24
Ivo,Grbic,GK,45,0.0,15,771,0,0,0,25,1,0,0,149,257.6,0.0,0.0,25.6,2023-24
Billy,Blacker,FWD,45,0.0,0,0,0,0,0,0,0,0,0,0,0.0,0.0,0.0,0.0,2023-24
Oliver,Arblaster,MID,45,0.0,19,942,0,0,0,28,2,0,0,131,155.4,140.5,23.0,32.0,2023-24
Dovydas,Sasnauskas,DEF,40,0.0,0,0,0,0,0,0,0,0,0,0,0.0,0.0,0.0,0.0,2023-24
Sam,Curtis,DEF,40,0.0,1,27,0,0,0,0,0,0,0,2,2.2,0.3,0.0,0.3,2023-24
Owen,Hampson,MID,45,0.0,0,0,0,0,0,0,0,0,0,0,0.0,0.0,0.0,0.0,2023-24
Brennan,Johnson,MID,58,2.0,131,2317,5,12,5,42,3,0,9,397,554.4,624.3,782.0,196.3,2023-24
Brandon,Austin,GK,39,0.2,0,0,0,0,0,0,0,0,0,0,0.0,0.0,0.0,0.0,2023-24
Rodrigo,Bentancur,MID,54,0.0,32,997,1,1,1,25,7,0,0,153,193.0,174.9,156.0,52.1,2023-24
Yves,Bissouma,MID,50,0.3,44,2070,0,0,7,35,8,2,0,315,403.0,279.4,140.0,82.3,2023-24
Bryan,Gil Salvatierra,MID,49,0.0,12,200,0,0,0,11,0,0,0,41,28.6,70.1,59.0,15.9,2023-24
Ben,Davies,DEF,43,0.4,34,1085,1,2,1,21,2,0,0,216,294.8,81.0,124.0,50.3,2023-24
Eric,Dier,DEF,42,0.3,2,199,0,0,0,8,0,0,0,31,55.8,1.0,4.0,6.0,2023-24
Emerson,Leite de Souza Junior,DEF,43,0.8,27,1152,1,0,0,31,4,0,4,233,316.0,119.5,55.0,49.4,2023-24
Fraser,Forster,GK,38,1.6,0,0,0,0,0,0,0,0,0,0,0.0,0.0,0.0,0.0,2023-24
Pierre-Emile,Højbjerg,MID,51,0.3,39,1289,0,0,1,28,4,0,0,239,282.2,205.8,108.0,59.7,2023-24
Harry,Kane,FWD,125,0.6,0,0,0,0,0,0,0,0,0,0,0.0,0.0,0.0,0.0,2023-24
Dejan,Kulusevski,MID,67,2.1,130,2759,8,3,8,46,7,0,14,463,698.8,950.4,953.0,260.1,2023-24
Hugo,Lloris,GK,47,0.5,0,0,0,0,0,0,0,0,0,0,0.0,0.0,0.0,0.0,2023-24
Giovani,Lo Celso,MID,48,0.1,47,491,2,2,1,12,2,0,6,189,225.8,262.8,110.0,60.0,2023-24
James,Maddison,MID,78,10.0,117,2137,4,11,7,31,5,0,9,495,630.4,979.5,605.0,221.4,2023-24
Tanguy,Ndombélé Alvaro,MID,44,0.2,0,0,0,0,0,0,0,0,0,0,0.0,0.0,0.0,0.0,2023-24
Pedro,Porro,DEF,59,22.4,136,3090,3,8,7,54,3,0,20,720,839.0,877.4,365.0,208.5,2023-24
Ivan,Perišić,DEF,47,0.7,6,98,0,1,0,1,2,0,0,34,41.6,71.2,27.0,14.0,2023-24
Richarlison,de Andrade,MID,68,2.5,122,1481,11,4,7,18,3,0,7,305,560.6,208.4,758.0,152.1,2023-24
Joe,Rodon,DEF,40,0.1,0,0,0,0,0,0,0,0,0,0,0.0,0.0,0.0,0.0,2023-24
Cristian,Romero,DEF,51,12.2,107,2790,5,0,7,46,7,1,15,591,841.8,161.9,252.0,125.9,2023-24
Davinson,Sánchez,DEF,44,0.1,0,76,0,0,0,2,1,0,0,9,17.0,5.0,4.0,2.6,2023-24
Pape Matar,Sarr,MID,44,1.6,86,2063,3,3,9,27,9,0,4,397,406.0,373.3,317.0,110.2,2023-24
Ryan,Sessegnon,DEF,44,0.0,0,0,0,0,0,0,0,0,0,0,0.0,0.0,0.0,0.0,2023-24
Oliver,Skipp,MID,45,0.1,22,691,0,0,0,17,3,0,0,105,92.0,126.2,65.0,28.1,2023-24
Son,Heung-min,MID,100,34.4,213,2934,17,10,8,51,1,0,25,707,993.2,921.9,1131.0,304.7,2023-24
Djed,Spence,DEF,40,0.2,0,0,0,0,0,0,0,0,0,0,0.0,0.0,0.0,0.0,2023-24
Japhet,Tanganga,DEF,40,0.3,0,0,0,0,0,0,0,0,0,0,0.0,0.0,0.0,0.0,2023-24
Destiny,Udogie,DEF,49,5.2,79,2391,2,3,5,43,5,1,8,402,534.8,357.9,279.0,117.3,2023-24
Guglielmo,Vicario,GK,53,9.4,112,3420,0,0,7,61,2,0,9,730,974.2,0.0,0.0,97.4,2023-24
Alfie,Whiteman,GK,39,0.2,0,0,0,0,0,0,0,0,0,0,0.0,0.0,0.0,0.0,2023-24
Manor,Solomon,MID,51,0.1,14,196,0,2,0,2,1,0,2,53,73.4,144.3,61.0,28.0,2023-24
Micky,van de Ven,DEF,44,3.7,81,2341,3,0,5,38,5,0,10,501,561.6,56.7,85.0,70.5,2023-24
Dane,Scarlett,FWD,45,0.1,4,19,0,0,0,0,0,0,0,10,2.0,0.4,6.0,0.8,2023-24
Alejo,Véliz,FWD,54,0.1,11,45,1,0,0,2,1,0,0,40,35.2,0.9,29.0,6.5,2023-24
Ashley,Phillips,DEF,40,0.1,0,0,0,0,0,0,0,0,0,0,0.0,0.0,0.0,0.0,2023-24
Jamie,Donley,FWD,45,0.1,2,3,0,0,0,1,1,0,0,3,3.0,0.0,0.0,0.3,2023-24
Alfie,Dorrington,DEF,40,0.0,0,0,0,0,0,0,0,0,0,0,0.0,0.0,0.0,0.0,2023-24
Yago,de Santiago Alonso,MID,45,0.0,0,0,0,0,0,0,0,0,0,0,0.0,0.0,0.0,0.0,2023-24
Timo,Werner,FWD,63,0.5,46,808,2,4,0,16,1,0,5,173,179.0,239.0,305.0,72.3,2023-24
Radu,Dragusin,DEF,42,0.1,14,424,0,0,1,7,1,0,0,82,95.4,7.4,6.0,11.0,2023-24
Mikey,Moore,MID,45,0.0,2,3,0,0,0,0,0,0,0,4,1.0,0.5,0.0,0.1,2023-24
Tyrese,Hall,MID,45,0.0,0,0,0,0,0,0,0,0,0,0,0.0,0.0,0.0,0.0,2023-24
Kalvin,Phillips,MID,47,0.0,10,394,0,0,0,13,1,1,0,27,35.6,23.3,31.0,9.1,2023-24
Nayef,Aguerd,DEF,44,0.5,36,1857,1,0,2,44,1,1,0,282,439.4,58.1,145.0,64.4,2023-24
Michail,Antonio,FWD,57,1.9,78,1692,6,2,5,34,6,0,8,228,308.6,132.2,395.0,82.7,2023-24
Alphonse,Areola,GK,42,22.3,116,2700,0,0,4,53,1,0,11,598,1023.2,0.0,0.0,102.4,2023-24
Saïd,Benrahma,MID,56,0.3,20,611,0,1,2,8,1,0,0,64,85.4,164.9,196.0,44.6,2023-24
Jarrod,Bowen,MID,76,12.1,182,3020,16,6,5,63,2,0,14,519,890.4,463.8,1130.0,247.8,2023-24
Maxwel,Cornet,MID,52,0.1,13,109,1,0,0,3,0,0,0,40,44.0,48.4,54.0,14.6,2023-24
Vladimír,Coufal,DEF,45,2.0,85,3135,0,7,4,70,5,1,9,514,661.6,500.0,92.0,125.6,2023-24
Conor,Coventry,MID,43,0.1,0,0,0,0,0,0,0,0,0,0,0.0,0.0,0.0,0.0,2023-24
Aaron,Cresswell,DEF,42,0.3,10,431,0,0,0,11,1,0,0,71,58.8,77.2,2.0,13.9,2023-24
Flynn,Downes,MID,50,0.0,0,0,0,0,0,0,0,0,0,0,0.0,0.0,0.0,0.0,2023-24
Emerson,Palmieri dos Santos,DEF,43,1.9,82,3138,1,4,5,67,10,0,8,519,649.0,400.2,168.0,121.8,2023-24
Lukasz,Fabianski,GK,42,1.3,24,721,0,0,1,21,0,0,1,152,245.6,0.0,0.0,24.6,2023-24
Pablo,Fornals Malla,MID,46,0.0,19,418,0,0,1,9,0,0,0,68,64.2,75.5,79.0,21.9,2023-24
Danny,Ings,FWD,55,0.6,36,389,1,2,0,10,1,0,4,105,82.4,64.4,125.0,27.1,2023-24
Ben,Johnson,DEF,44,0.1,17,538,0,0,1,16,1,0,0,90,84.6,22.5,38.0,14.7,2023-24
Thilo,Kehrer,DEF,42,0.1,2,19,0,0,0,1,2,0,0,7,8.6,0.7,0.0,0.9,2023-24
Divin,Mubama,FWD,41,4.5,5,75,0,0,0,2,0,0,0,14,0.2,2.4,5.0,0.8,2023-24
Lucas,Tolentino Coelho de Lima,MID,60,1.4,100,2627,4,6,4,52,10,0,7,398,570.6,722.3,343.0,163.7,2023-24
Gianluca,Scamacca,FWD,60,0.0,0,0,0,0,0,0,0,0,0,0,0.0,0.0,0.0,0.0,2023-24
Tomáš,Souček,MID,49,0.8,116,2867,7,2,5,64,7,0,9,456,751.6,262.5,488.0,150.3,2023-24
Nikola,Vlašić,MID,45,0.0,0,0,0,0,0,0,0,0,0,0,0.0,0.0,0.0,0.0,2023-24
Kurt,Zouma,DEF,45,1.5,76,2838,3,0,3,63,3,0,6,444,636.8,55.1,227.0,92.0,2023-24
Angelo,Ogbonna,DEF,42,0.1,19,634,0,0,2,14,1,0,0,103,131.0,2.2,10.0,14.4,2023-24
Edson,Álvarez Velázquez,MID,50,0.2,62,2375,1,1,5,45,11,0,3,345,545.8,193.1,89.0,82.7,2023-24
Joseph,Anang,GK,40,0.1,0,0,0,0,0,0,0,0,0,0,0.0,0.0,0.0,0.0,2023-24
James,Ward-Prowse,MID,57,5.3,146,3000,7,7,5,65,4,0,19,708,831.0,1023.5,324.0,217.5,2023-24
Konstantinos,Mavropanos,DEF,45,0.1,40,1500,1,0,3,27,2,0,3,229,300.2,41.9,112.0,45.3,2023-24
Mohammed,Kudus,MID,67,3.0,137,2485,8,9,3,61,6,0,13,476,667.2,472.9,566.0,170.8,2023-24
Lewis,Orford,MID,45,0.0,0,0,0,0,0,0,0,0,0,0,0.0,0.0,0.0,0.0,2023-24
Kaelan,Casey,DEF,40,0.0,1,1,0,0,0,0,0,0,0,3,2.0,0.0,0.0,0.2,2023-24
Oliver,Scarles,DEF,40,0.0,0,0,0,0,0,0,0,0,0,0,0.0,0.0,0.0,0.0,2023-24
Callum,Marshall,FWD,45,0.0,0,0,0,0,0,0,0,0,0,0,0.0,0.0,0.0,0.0,2023-24
George,Earthy,MID,45,0.0,8,33,1,0,0,0,0,0,0,27,32.8,2.0,33.0,6.9,2023-24
Tommy,Doyle,MID,44,0.1,38,1209,0,0,3,24,2,0,0,197,198.4,173.7,55.0,42.7,2023-24
Rayan,Aït-Nouri,DEF,46,3.9,77,2327,2,3,3,43,7,0,6,365,448.4,376.9,253.0,107.7,2023-24
Daniel,Bentley,GK,39,0.8,18,382,0,0,2,7,0,0,1,73,70.8,0.0,0.0,7.1,2023-24
Bendegúz,Bolla,DEF,40,0.3,0,0,0,0,0,0,0,0,0,0,0.0,0.0,0.0,0.0,2023-24
Hugo,Bueno López,DEF,44,0.1,29,727,0,0,2,16,1,0,0,136,139.4,122.1,30.0,29.0,2023-24
Francisco Jorge,Tomás Oliveira,MID,45,0.0,0,0,0,0,0,0,0,0,0,0,0.0,0.0,0.0,0.0,2023-24
Luke,Cundle,MID,45,0.0,0,0,0,0,0,0,0,0,0,0,0.0,0.0,0.0,0.0,2023-24
Craig,Dawson,DEF,45,0.4,69,2209,1,1,6,38,7,0,6,421,611.8,108.6,222.0,94.4,2023-24
Fábio,Silva,FWD,52,0.2,8,259,0,0,1,8,2,0,0,7,25.2,51.6,93.0,16.9,2023-24
Gonçalo Manuel,Ganchinho Guedes,MID,54,0.0,0,0,0,0,0,0,0,0,0,0,0.0,0.0,0.0,0.0,2023-24
Joe,Hodge,MID,44,0.0,0,0,0,0,0,0,0,0,0,0,0.0,0.0,0.0,0.0,2023-24
Ki-Jana,Hoever,DEF,40,0.0,0,0,0,0,0,0,0,0,0,0,0.0,0.0,0.0,0.0,2023-24
Hwang,Hee-chan,MID,54,1.8,125,2116,12,3,3,37,6,0,10,334,534.2,259.9,614.0,140.7,2023-24
João Victor,Gomes da Silva,MID,49,0.1,75,2646,2,2,4,51,11,0,3,359,493.2,372.3,196.0,106.1,2023-24
Jonathan,Castro Otto,DEF,43,0.0,1,4,0,0,0,0,0,0,0,3,5.0,0.0,0.0,0.5,2023-24
Bruno,Cavaco Jordão,MID,43,0.2,0,0,0,0,0,0,0,0,0,0,0.0,0.0,0.0,0.0,2023-24
Sasa,Kalajdzic,FWD,49,0.1,24,158,2,0,1,2,0,0,4,88,94.0,48.7,66.0,20.7,2023-24
Max,Kilman,DEF,44,1.7,82,3420,2,0,5,65,7,0,3,592,853.6,233.1,212.0,130.2,2023-24
Tom,King,GK,39,0.6,0,0,0,0,0,0,0,0,0,0,0.0,0.0,0.0,0.0,2023-24
Mario,Lemina,MID,49,0.1,95,2969,4,1,4,55,10,1,13,490,621.6,333.6,470.0,142.7,2023-24
Pedro,Lomba Neto,MID,55,1.3,86,1516,2,11,3,27,4,0,8,310,371.4,599.2,389.0,135.5,2023-24
Daniel,Castelo Podence,MID,53,0.0,0,0,0,0,0,0,0,0,0,0,0.0,0.0,0.0,0.0,2023-24
José,Malheiro de Sá,GK,50,2.0,107,3037,0,1,4,58,1,0,8,622,1003.4,11.0,0.0,101.6,2023-24
Pablo,Sarabia,MID,45,0.5,99,1737,4,7,6,27,5,0,8,358,469.2,795.3,418.0,168.4,2023-24
Matija,Šarkić,GK,40,0.2,0,0,0,0,0,0,0,0,0,0,0.0,0.0,0.0,0.0,2023-24
Nélson,Cabral Semedo,DEF,45,0.6,63,3084,0,2,5,62,10,1,0,455,508.8,395.7,165.0,107.2,2023-24
Toti António,Gomes,DEF,44,0.3,82,2771,1,4,4,49,7,0,6,468,550.0,117.7,167.0,83.7,2023-24
Boubacar,Traoré,MID,43,0.3,25,802,0,0,0,23,4,0,0,122,114.4,106.5,27.0,25.2,2023-24
Matheus,Santos Carneiro Da Cunha,FWD,55,2.4,135,2438,12,7,6,46,9,0,15,520,786.0,409.8,872.0,206.4,2023-24
Matt,Doherty,DEF,43,0.2,41,1136,1,0,1,21,2,0,1,186,237.8,168.1,122.0,52.9,2023-24
Santiago,Bueno,DEF,45,0.0,13,819,0,0,0,18,1,0,0,124,173.8,27.1,2.0,20.3,2023-24
Enso,González,MID,50,0.0,1,1,0,0,0,0,0,0,0,3,0.2,0.8,0.0,0.1,2023-24
Nathan,Fraser,FWD,45,0.1,7,183,0,0,1,3,1,0,0,17,22.4,29.2,36.0,8.6,2023-24
Jean-Ricner,Bellegarde,MID,49,0.0,45,948,2,2,0,24,0,1,1,150,189.8,170.1,163.0,52.2,2023-24
Matthew,Whittingham,MID,45,0.0,0,0,0,0,0,0,0,0,0,0,0.0,0.0,0.0,0.0,2023-24
Tawanda,Chirewa,MID,44,0.0,8,138,0,0,0,2,1,0,0,21,22.0,24.7,21.0,6.6,2023-24
Justin,Hubner,DEF,40,0.0,0,0,0,0,0,0,0,0,0,0,0.0,0.0,0.0,0.0,2023-24
Owen,Hesketh,MID,45,0.0,0,0,0,0,0,0,0,0,0,0,0.0,0.0,0.0,0.0,2023-24
Ty,Barnett,MID,45,0.0,0,0,0,0,0,0,0,0,0,0,0.0,0.0,0.0,0.0,2023-24
Harvey,Griffiths,MID,45,0.0,0,0,0,0,0,0,0,0,0,0,0.0,0.0,0.0,0.0,2023-24
Yerson,Mosquera,DEF,40,0.0,0,0,0,0,0,0,0,0,0,0,0.0,0.0,0.0,0.0,2023-24
Noha,Lemina,MID,50,0.0,0,0,0,0,0,0,0,0,0,0,0.0,0.0,0.0,0.0,2023-24
Wesley,Okoduwa,DEF,40,0.0,0,0,0,0,0,0,0,0,0,0,0.0,0.0,0.0,0.0,2023-24
Leon,Chiwome,FWD,45,0.0,5,173,0,0,0,4,0,0,0,12,7.8,1.2,13.0,2.2,2023-24
Fletcher,Holman,FWD,45,0.0,0,0,0,0,0,0,0,0,0,0,0.0,0.0,0.0,0.0,2023-24
Temple,Ojinnaka,MID,45,0.0,0,0,0,0,0,0,0,0,0,0,0.0,0.0,0.0,0.0,2023-24
Fábio,Ferreira Vieira,MID,54,0.0,0,0,0,0,0,0,0,0,0,0,0.0,0.0,0.0,0.0,2024-25
Gabriel,Fernando de Jesus,FWD,65,1.0,42,600,3,2,2,5,4,0,6,152,154.4,119.5,255.0,52.6,2024-25
Gabriel,dos Santos Magalhães,DEF,61,12.2,117,2363,3,2,10,22,4,0,9,459,584.6,208.8,287.0,108.2,2024-25
Kai,Havertz,FWD,77,6.2,97,1872,9,3,7,20,5,0,14,343,467.6,269.0,711.0,144.8,2024-25
Karl,Hein,GK,40,0.0,0,0,0,0,0,0,0,0,0,0,0.0,0.0,0.0,0.0,2024-25
Jurriën,Timber,DEF,55,4.3,114,2415,1,3,11,21,7,0,9,426,393.0,296.8,254.0,94.2,2024-25
Jorge Luiz,Frello Filho,MID,46,0.2,20,701,0,0,2,7,5,0,0,112,44.8,88.8,8.0,14.2,2024-25
Jakub,Kiwior,DEF,49,3.8,43,1117,1,0,3,15,1,0,2,178,267.2,91.3,32.0,39.2,2024-25
Gabriel,Martinelli Silva,MID,65,3.1,125,2284,8,4,10,25,1,0,6,422,559.8,587.8,912.0,206.1,2024-25
Ethan,Nwaneri,MID,43,1.5,66,882,4,2,4,4,1,0,4,251,293.2,282.8,255.0,83.0,2024-25
Martin,Ødegaard,MID,82,5.7,116,2321,3,9,11,21,4,0,11,529,524.6,968.7,493.0,198.8,2024-25
David,Raya Martin,GK,56,32.6,142,3420,0,0,13,34,3,0,10,555,755.4,10.7,0.0,76.7,2024-25
Declan,Rice,MID,63,4.2,127,2823,4,7,11,29,5,1,17,627,733.0,959.6,399.0,208.8,2024-25
Bukayo,Saka,MID,104,20.2,127,1724,6,11,7,21,3,0,18,508,606.0,842.8,830.0,227.9,2024-25
William,Saliba,DEF,64,25.8,130,3039,2,0,12,29,2,1,14,564,672.6,150.1,116.0,94.2,2024-25
Thomas,Partey,MID,49,0.7,108,2793,4,3,9,30,4,0,8,567,626.6,377.9,223.0,123.2,2024-25
Kieran,Tierney,DEF,43,0.1,27,250,1,0,1,1,0,0,2,99,91.8,109.1,48.0,25.0,2024-25
Tomiyasu,Takehiro,DEF,48,0.0,1,6,0,0,0,0,0,0,0,2,0.4,0.3,9.0,1.0,2024-25
Leandro,Trossard,MID,67,4.5,152,2546,8,8,11,27,2,1,18,561,609.0,617.6,798.0,202.1,2024-25
Benjamin,White,DEF,62,4.4,50,1195,0,2,5,13,2,0,0,211,247.6,162.6,100.0,51.0,2024-25
Oleksandr,Zinchenko,DEF,48,0.9,40,518,0,1,4,1,1,0,2,141,83.4,92.8,66.0,24.1,2024-25
Norberto,Murara Neto,GK,41,0.7,7,180,0,0,0,2,0,0,0,30,77.8,0.0,0.0,7.8,2024-25
Raheem,Sterling,MID,67,0.8,26,490,0,2,1,4,1,0,0,64,67.2,125.5,122.0,31.3,2024-25
Riccardo,Calafiori,DEF,58,1.5,39,978,2,1,1,12,4,0,1,142,252.6,118.2,176.0,54.6,2024-25
Myles,Lewis-Skelly,MID,45,0.4,37,1362,1,0,5,16,3,2,0,237,176.0,170.7,57.0,40.0,2024-25
Mikel,Merino,MID,60,1.5,92,1575,7,2,4,17,2,1,8,326,456.8,265.8,511.0,123.3,2024-25
Salah-Eddine,Oulad M'hand,MID,45,0.0,0,0,0,0,0,0,0,0,0,0,0.0,0.0,0.0,0.0,2024-25
Tommy,Setford,GK,45,0.1,0,0,0,0,0,0,0,0,0,0,0.0,0.0,0.0,0.0,2024-25
Maldini,Kacurri,DEF,40,0.0,0,0,0,0,0,0,0,0,0,0,0.0,0.0,0.0,0.0,2024-25
Ismeal,Kabia,MID,45,0.0,0,0,0,0,0,0,0,0,0,0,0.0,0.0,0.0,0.0,2024-25
Josh,Nichols,DEF,40,0.1,0,0,0,0,0,0,0,0,0,0,0.0,0.0,0.0,0.0,2024-25
Nathan,Butler-Oyedeji,FWD,45,0.2,1,6,0,0,0,0,0,0,0,5,3.0,0.0,17.0,2.0,2024-25
Mikel,Arteta,AM,15,9.0,104,0,0,0,0,0,0,0,0,0,0.0,0.0,0.0,0.0,2024-25
Jack,Porter,GK,40,0.0,0,0,0,0,0,0,0,0,0,0,0.0,0.0,0.0,0.0,2024-25
Jimi,Gower,MID,45,0.0,0,0,0,0,0,0,0,0,0,0,0.0,0.0,0.0,0.0,2024-25
Jack,Henry-Francis,MID,45,0.0,0,0,0,0,0,0,0,0,0,0,0.0,0.0,0.0,0.0,2024-25
Brayden,Clarke,DEF,40,0.0,0,0,0,0,0,0,0,0,0,0,0.0,0.0,0.0,0.0,2024-25
Leon,Bailey,MID,62,0.8,47,1132,1,2,2,19,3,0,2,174,146.4,235.8,325.0,70.3,2024-25
Ross,Barkley,MID,52,0.2,44,567,3,1,1,10,3,0,5,166,215.4,128.1,206.0,54.8,2024-25
Enzo,Barrenechea,MID,49,0.0,0,0,0,0,0,0,0,0,0,0,0.0,0.0,0.0,0.0,2024-25
Emiliano,Buendía Stati,MID,51,0.1,11,89,0,0,0,2,1,0,0,37,16.4,23.2,16.0,5.2,2024-25
Matty,Cash,DEF,44,1.6,76,2069,1,1,7,22,7,0,2,286,359.2,181.0,171.0,71.3,2024-25
Leander,Dendoncker,MID,45,0.2,0,0,0,0,0,0,0,0,0,0,0.0,0.0,0.0,0.0,2024-25
Moussa,Diaby,MID,65,0.0,0,0,0,0,0,0,0,0,0,0,0.0,0.0,0.0,0.0,2024-25
Diego Carlos,Santos Silva,DEF,45,0.3,21,828,0,0,2,15,1,0,1,69,150.6,9.2,54.0,21.5,2024-25
Lucas,Digne,DEF,44,5.6,89,2348,0,5,6,36,4,0,7,383,512.6,583.9,112.0,120.7,2024-25
Lewis,Dobbin,MID,50,0.0,0,0,0,0,0,0,0,0,0,0,0.0,0.0,0.0,0.0,2024-25
Jhon,Durán,FWD,57,1.6,53,622,7,0,2,14,3,1,9,222,273.8,68.9,334.0,67.5,2024-25
Joe,Gauci,GK,40,0.5,0,0,0,0,0,0,0,0,0,0,0.0,0.0,0.0,0.0,2024-25
Kortney,Hause,DEF,39,0.5,0,0,0,0,0,0,0,0,0,0,0.0,0.0,0.0,0.0,2024-25
Samuel,Iling-Junior,MID,54,0.0,0,0,0,0,0,0,0,0,0,0,0.0,0.0,0.0,0.0,2024-25
Boubacar,Kamara,MID,50,0.1,57,1720,1,0,6,22,2,0,3,296,326.6,191.0,83.0,60.2,2024-25
Kaine,Kesler-Hayden,DEF,40,0.0,0,0,0,0,0,0,0,0,0,0,0.0,0.0,0.0,0.0,2024-25
Ezri,Konsa Ngoyo,DEF,45,9.5,103,2936,2,0,8,45,1,0,10,448,532.8,123.9,166.0,82.4,2024-25
Ian,Maatsen,DEF,45,1.6,57,1125,1,2,3,16,2,0,0,204,252.0,293.4,197.0,74.3,2024-25
Filip,Marschall,GK,40,0.0,0,0,0,0,0,0,0,0,0,0,0.0,0.0,0.0,0.0,2024-25
Emiliano,Martínez Romero,GK,50,13.3,111,3195,0,0,8,47,5,1,6,457,839.6,20.0,0.0,86.0,2024-25
John,McGinn,MID,52,0.7,78,2217,1,4,8,34,7,0,1,360,277.2,500.6,263.0,103.7,2024-25
Tyrone,Mings,DEF,44,0.2,47,1119,0,1,4,11,1,0,5,207,220.4,49.2,74.0,34.6,2024-25
Kosta,Nedeljković,DEF,39,0.5,5,121,0,0,0,4,0,0,0,11,22.8,7.2,0.0,3.0,2024-25
Robin,Olsen,GK,45,0.1,9,225,0,0,1,6,0,0,0,23,59.2,0.0,0.0,5.9,2024-25
Pau,Torres,DEF,42,0.8,55,2019,0,0,5,33,2,0,3,254,350.6,84.5,102.0,54.0,2024-25
Jacob,Ramsey,MID,54,0.3,66,1616,1,4,5,26,2,1,3,265,235.4,307.9,245.0,78.7,2024-25
Morgan,Rogers,MID,58,25.8,161,3115,8,11,10,40,10,0,15,534,730.6,722.7,689.0,214.2,2024-25
Viljami,Sinisalo,GK,40,0.0,0,0,0,0,0,0,0,0,0,0,0.0,0.0,0.0,0.0,2024-25
Lino,da Cruz Sousa,DEF,40,0.0,0,0,0,0,0,0,0,0,0,0,0.0,0.0,0.0,0.0,2024-25
Youri,Tielemans,MID,55,1.1,121,3025,3,7,7,46,4,0,15,686,799.6,963.1,333.0,209.6,2024-25
Ollie,Watkins,FWD,92,29.0,186,2593,16,8,10,40,2,0,32,631,766.0,345.2,1148.0,223.8,2024-25
Axel,Disasi,DEF,42,0.4,33,851,1,0,3,12,3,0,0,133,169.6,75.6,51.0,29.7,2024-25
Amadou,Onana,MID,48,2.1,65,1613,3,0,6,23,4,0,5,324,358.0,194.8,215.0,77.0,2024-25
Marcus,Rashford,MID,66,3.7,95,1414,6,4,7,15,2,0,9,333,398.4,451.1,369.0,122.1,2024-25
Lamare,Bogarde,DEF,39,0.2,6,473,0,0,0,11,2,0,0,22,84.8,33.3,15.0,13.3,2024-25
Sil,Swinkels,DEF,40,0.1,0,0,0,0,0,0,0,0,0,0,0.0,0.0,0.0,0.0,2024-25
Oliwier,Zych,GK,40,0.5,0,0,0,0,0,0,0,0,0,0,0.0,0.0,0.0,0.0,2024-25
Kadan,Young,MID,44,0.2,0,0,0,0,0,0,0,0,0,0,0.0,0.0,0.0,0.0,2024-25
Ben,Broggio,MID,45,0.0,0,0,0,0,0,0,0,0,0,0,0.0,0.0,0.0,0.0,2024-25
Jamaldeen,Jimoh,MID,45,0.0,0,0,0,0,0,0,0,0,0,0,0.0,0.0,0.0,0.0,2024-25
Donyell,Malen,MID,53,0.2,34,296,3,0,0,6,0,0,3,112,138.2,42.7,208.0,38.5,2024-25
Andrés,García,DEF,45,0.1,8,316,0,0,0,5,0,0,0,26,45.6,68.4,7.0,12.0,2024-25
Unai,Emery,AM,8,7.7,105,0,0,0,0,0,0,0,0,0,0.0,0.0,0.0,0.0,2024-25
Marco,Asensio,MID,60,2.4,44,740,3,2,3,8,2,0,6,158,200.6,232.5,242.0,67.2,2024-25
Max,Aarons,DEF,43,0.1,8,84,0,0,1,0,0,0,0,31,13.2,3.2,0.0,1.7,2024-25
Tyler,Adams,MID,49,0.1,58,1959,0,3,6,30,7,0,1,315,411.8,261.2,83.0,75.9,2024-25
Jaidon,Anthony,MID,45,0.1,0,0,0,0,0,0,0,0,0,0,0.0,0.0,0.0,0.0,2024-25
David,Brooks,MID,49,0.0,52,941,2,1,3,12,3,0,2,204,193.6,316.7,300.0,80.4,2024-25
Ryan,Christie,MID,48,0.1,76,2114,2,3,8,28,9,0,5,435,514.0,576.8,303.0,139.6,2024-25
Lewis,Cook,MID,50,0.1,82,2976,1,4,5,44,8,1,3,500,607.0,727.1,114.0,144.9,2024-25
Enes,Ünal,FWD,54,0.1,32,330,2,1,2,3,2,0,4,97,104.0,56.1,207.0,35.9,2024-25
Romain,Faivre,MID,50,0.0,0,0,0,0,0,0,0,0,0,0,0.0,0.0,0.0,0.0,2024-25
Hamed,Traorè,MID,45,0.0,0,0,0,0,0,0,0,0,0,0,0.0,0.0,0.0,0.0,2024-25
James,Hill,DEF,39,0.5,17,443,0,1,1,9,1,0,0,55,97.0,38.4,29.0,16.6,2024-25
Daniel,Jebbison,FWD,45,1.1,20,105,1,0,0,2,1,0,1,67,58.2,39.1,70.0,16.6,2024-25
Milos,Kerkez,DEF,53,20.0,134,3336,2,6,9,45,4,0,10,550,694.0,642.0,238.0,157.3,2024-25
Justin,Kluivert,MID,59,11.0,158,2339,12,6,13,29,8,0,14,532,700.0,654.1,771.0,212.0,2024-25
Chris,Mepham,DEF,44,0.0,0,0,0,0,0,0,0,0,0,0,0.0,0.0,0.0,0.0,2024-25
Dango,Ouattara,MID,45,0.9,111,1998,7,4,7,23,3,0,7,432,624.6,496.8,754.0,187.2,2024-25
Alex,Paulsen,GK,40,0.0,0,0,0,0,0,0,0,0,0,0,0.0,0.0,0.0,0.0,2024-25
Philip,Billing,MID,48,0.0,10,176,0,0,0,4,1,0,0,52,54.0,102.4,47.0,20.4,2024-25
Alex,Scott,MID,47,0.0,26,745,0,0,3,8,3,0,0,132,141.6,171.6,118.0,43.2,2024-25
Antoine,Semenyo,MID,57,8.0,165,3202,11,7,11,41,9,0,14,571,792.2,688.9,1204.0,267.8,2024-25
Marcos,Senesi,DEF,46,0.3,31,1103,0,0,2,17,5,0,3,114,271.6,84.2,39.0,39.6,2024-25
Luis,Sinisterra,MID,48,0.1,23,229,1,1,0,4,0,0,2,90,112.0,115.3,195.0,42.3,2024-25
Adam,Smith,DEF,44,0.1,57,1586,0,0,6,18,7,0,0,161,181.8,147.2,24.0,35.0,2024-25
Marcus,Tavernier,MID,54,0.2,87,1932,3,7,4,29,6,0,4,362,447.0,664.8,442.0,155.4,2024-25
Mark,Travers,GK,44,0.1,19,450,0,0,1,5,0,0,1,76,146.4,0.0,0.0,14.6,2024-25
Illia,Zabarnyi,DEF,44,0.5,94,3109,0,1,8,42,4,1,8,429,651.4,177.0,88.0,92.0,2024-25
Kepa,Arrizabalaga,GK,46,3.7,106,2790,0,0,8,39,3,0,7,406,744.4,10.4,4.0,75.8,2024-25
Dean,Huijsen,DEF,45,5.0,104,2422,3,2,7,31,10,0,14,449,826.4,217.6,193.0,123.6,2024-25
Julián,Araujo Zúñiga,DEF,43,0.1,12,492,0,0,0,10,2,0,0,20,56.8,30.6,4.0,9.2,2024-25
Will,Dennis,GK,39,0.3,0,0,0,0,0,0,0,0,0,0,0.0,0.0,0.0,0.0,2024-25
Francisco Evanilson,de Lima Barbosa,FWD,59,8.5,128,2317,10,5,11,30,1,1,20,487,456.0,331.9,966.0,174.8,2024-25
Max,Kinsey,DEF,40,0.0,0,0,0,0,0,0,0,0,0,0,0.0,0.0,0.0,0.0,2024-25
Ben,Winterburn,MID,45,0.0,4,22,0,0,0,0,0,0,0,14,2.4,0.2,2.0,0.4,2024-25
Archie,Harris,DEF,40,0.0,0,0,0,0,0,0,0,0,0,0,0.0,0.0,0.0,0.0,2024-25
Remy,Rees-Dottin,FWD,45,0.1,1,1,0,0,0,0,0,0,0,3,0.0,0.0,0.0,0.0,2024-25
Matai,Akinmboni,DEF,40,0.0,0,0,0,0,0,0,0,0,0,0,0.0,0.0,0.0,0.0,2024-25
Julio,Soler,DEF,39,0.0,3,9,0,0,0,1,0,0,0,8,2.2,1.8,0.0,0.4,2024-25
Daniel,Adu-Adjei,FWD,45,0.0,0,0,0,0,0,0,0,0,0,0,0.0,0.0,0.0,0.0,2024-25
Dominic,Sadi,MID,45,0.0,0,0,0,0,0,0,0,0,0,0,0.0,0.0,0.0,0.0,2024-25
Callan,McKenna,GK,40,0.0,0,0,0,0,0,0,0,0,0,0,0.0,0.0,0.0,0.0,2024-25
Zain,Silcott-Duberry,MID,45,0.0,1,1,0,0,0,0,0,0,0,5,2.0,1.0,0.0,0.3,2024-25
Andoni,Iraola,AM,11,4.8,82,0,0,0,0,0,0,0,0,0,0.0,0.0,0.0,0.0,2024-25
Kristoffer,Ajer,DEF,44,0.2,39,1433,0,0,3,25,5,0,0,120,199.0,128.1,158.0,48.5,2024-25
Ethan,Brierley,MID,44,0.1,0,0,0,0,0,0,0,0,0,0,0.0,0.0,0.0,0.0,2024-25
Nathan,Collins,DEF,46,4.5,127,3420,2,7,8,57,5,0,11,549,1023.2,160.5,311.0,149.6,2024-25
Mikkel,Damsgaard,MID,49,1.2,131,2911,2,10,11,41,2,0,10,611,714.8,1006.4,338.0,205.9,2024-25
Josh,Dasilva,MID,48,0.0,0,0,0,0,0,0,0,0,0,0,0.0,0.0,0.0,0.0,2024-25
Mark,Flekken,GK,45,10.0,138,3275,0,2,7,55,1,0,12,584,1298.4,30.3,0.0,132.5,2024-25
Rico,Henry,DEF,43,0.0,4,94,0,0,0,3,0,0,0,5,13.6,2.1,2.0,1.7,2024-25
Aaron,Hickey,DEF,43,0.0,0,0,0,0,0,0,0,0,0,0,0.0,0.0,0.0,0.0,2024-25
Vitaly,Janelt,MID,48,0.2,73,2251,1,3,6,38,3,0,2,384,356.6,284.2,131.0,77.2,2024-25
Mathias,Jensen,MID,53,0.1,38,846,0,2,2,17,2,0,1,179,157.0,249.5,32.0,43.8,2024-25
Kim,Ji-soo,DEF,39,0.3,3,28,0,0,0,0,0,0,0,8,5.0,0.8,0.0,0.6,2024-25
Yunus Emre,Konak,MID,44,0.1,10,53,0,0,0,2,0,0,0,30,8.0,4.5,3.0,1.2,2024-25
Keane,Lewis-Potter,MID,50,0.1,94,3092,1,5,8,49,7,0,0,460,542.0,462.2,391.0,139.9,2024-25
Bryan,Mbeumo,MID,83,46.7,236,3415,20,9,9,55,3,0,29,948,1236.8,1107.5,1060.0,340.8,2024-25
Ben,Mee,DEF,42,0.3,9,180,0,0,1,4,2,0,0,30,36.8,3.0,6.0,4.6,2024-25
Christian,Nørgaard,MID,48,0.2,107,2820,5,5,6,45,8,1,7,580,735.4,333.0,409.0,147.9,2024-25
Frank,Onyeka,MID,49,0.0,2,23,0,0,0,0,0,0,0,3,0.0,0.5,0.0,0.0,2024-25
Myles,Peart-Harris,MID,45,0.0,0,0,0,0,0,0,0,0,0,0,0.0,0.0,0.0,0.0,2024-25
Ethan,Pinnock,DEF,44,0.3,47,1912,2,0,2,35,2,0,0,233,540.2,101.2,193.0,83.6,2024-25
Mads,Roerslev Rasmussen,DEF,43,0.1,36,1100,0,2,2,20,2,0,0,125,214.4,185.8,78.0,48.0,2024-25
Kevin,Schade,MID,53,3.3,149,2281,11,4,10,34,3,0,12,498,630.8,312.7,892.0,183.3,2024-25
Igor Thiago,Nascimento Rodrigues,FWD,59,0.0,9,167,0,0,0,4,0,0,0,32,18.2,30.6,12.0,5.8,2024-25
Ivan,Toney,FWD,73,1.1,0,0,0,0,0,0,0,0,0,0,0.0,0.0,0.0,0.0,2024-25
Hákon,Valdimarsson,GK,39,2.9,2,144,0,0,0,2,0,0,0,14,21.4,0.1,0.0,2.1,2024-25
Yoane,Wissa,FWD,69,24.2,185,2921,18,6,9,45,5,0,32,739,849.4,400.0,1181.0,242.4,2024-25
Yehor,Yarmoliuk,MID,43,2.3,43,1435,0,0,3,25,6,0,0,255,259.6,196.1,89.0,54.4,2024-25
Mathias,Jorgensen,DEF,45,0.0,0,0,0,0,0,0,0,0,0,0,0.0,0.0,0.0,0.0,2024-25
Fábio,Freitas Gouveia Carvalho,MID,45,0.4,35,443,2,1,0,14,1,0,1,127,142.2,71.5,154.0,36.3,2024-25
Sepp,van den Berg,DEF,41,1.5,62,2584,0,1,5,49,3,0,1,266,587.4,108.3,226.0,92.3,2024-25
Ryan,Trevitt,MID,44,0.0,1,3,0,0,0,0,0,0,0,5,2.6,0.1,0.0,0.3,2024-25
Gustavo,Nunes Fernandes Gomes,MID,49,0.0,3,11,0,0,0,2,0,0,0,11,10.0,0.3,2.0,1.2,2024-25
Jayden,Meghoma,DEF,40,0.0,1,4,0,0,0,0,0,0,0,3,0.2,0.3,0.0,0.1,2024-25
Tony,Yogane,MID,45,0.0,0,0,0,0,0,0,0,0,0,0,0.0,0.0,0.0,0.0,2024-25
Paris,Maghoma,MID,45,0.0,8,112,0,0,0,1,0,0,0,32,27.8,15.8,10.0,5.4,2024-25
Benjamin,Arthur,DEF,40,0.0,0,0,0,0,0,0,0,0,0,0,0.0,0.0,0.0,0.0,2024-25
Thomas,Frank,AM,8,15.1,116,0,0,0,0,0,0,0,0,0,0.0,0.0,0.0,0.0,2024-25
Michael,Kayode,DEF,45,0.1,27,523,0,1,2,5,2,0,0,115,105.2,105.2,30.0,24.2,2024-25
Julian,Eyestone,GK,40,0.0,0,0,0,0,0,0,0,0,0,0,0.0,0.0,0.0,0.0,2024-25
Iwan,Morgan,FWD,45,0.0,0,0,0,0,0,0,0,0,0,0,0.0,0.0,0.0,0.0,2024-25
Benjamin,Fredrick,DEF,40,0.0,0,0,0,0,0,0,0,0,0,0,0.0,0.0,0.0,0.0,2024-25
Simon,Adingra,MID,51,0.3,60,1081,2,3,2,23,0,0,0,207,212.4,261.9,337.0,80.9,2024-25
Benicio,Baker-Boaitey,MID,45,0.0,0,0,0,0,0,0,0,0,0,0,0.0,0.0,0.0,0.0,2024-25
Carlos,Baleba,MID,50,0.2,87,2660,3,1,8,40,6,1,7,490,515.4,343.7,193.0,105.2,2024-25
Valentín,Barco,DEF,40,1.9,0,0,0,0,0,0,0,0,0,0,0.0,0.0,0.0,0.0,2024-25
Amario,Cozier-Duberry,MID,45,0.0,0,0,0,0,0,0,0,0,0,0,0.0,0.0,0.0,0.0,2024-25
Mahmoud,Dahoud,MID,49,0.0,0,0,0,0,0,0,0,0,0,0,0.0,0.0,0.0,0.0,2024-25
Lewis,Dunk,DEF,42,2.3,44,2081,0,1,4,42,5,0,0,223,425.4,115.7,128.0,66.9,2024-25
Pervis,Estupiñán,DEF,49,1.3,63,2399,1,1,3,44,5,0,7,313,504.4,530.1,173.0,120.8,2024-25
Billy,Gilmour,MID,50,0.0,3,97,0,0,0,1,0,0,0,21,11.4,11.9,2.0,2.5,2024-25
Pascal,Groß,MID,65,0.0,0,0,0,0,0,0,0,0,0,0,0.0,0.0,0.0,0.0,2024-25
Jack,Hinshelwood,MID,49,0.1,89,1839,5,3,6,30,5,0,8,404,394.6,268.1,304.0,97.0,2024-25
Ibrahim,Osman,MID,50,0.0,0,0,0,0,0,0,0,0,0,0,0.0,0.0,0.0,0.0,2024-25
Igor Julio,dos Santos de Paulo,DEF,43,0.1,18,959,0,0,1,17,4,0,0,113,189.6,54.7,4.0,24.9,2024-25
João Pedro,Junqueira de Jesus,FWD,55,8.5,126,1946,10,6,6,28,4,1,26,516,567.0,456.0,644.0,166.0,2024-25
Kacper,Kozłowski,MID,45,0.0,0,0,0,0,0,0,0,0,0,0,0.0,0.0,0.0,0.0,2024-25
Tariq,Lamptey,DEF,44,0.2,42,856,2,2,2,21,0,0,1,99,213.6,101.0,52.0,36.8,2024-25
Solly,March,MID,65,0.0,7,161,0,0,0,3,2,0,0,25,24.0,59.6,18.0,10.1,2024-25
Adrian,Mazilu,MID,45,0.0,0,0,0,0,0,0,0,0,0,0,0.0,0.0,0.0,0.0,2024-25
James,Milner,MID,50,0.0,6,170,0,0,1,1,1,0,0,27,28.6,66.3,12.0,10.7,2024-25
Yankuba,Minteh,MID,48,1.0,102,1831,6,5,4,33,6,0,8,398,523.8,448.9,615.0,159.1,2024-25
Mitoma,Kaoru,MID,63,6.3,145,2597,10,5,6,40,1,0,12,536,670.6,578.0,856.0,210.7,2024-25
Jakub,Moder,MID,44,0.4,4,9,0,0,0,0,0,0,0,17,15.8,36.0,2.0,5.4,2024-25
Mark,O’Mahony,FWD,45,0.2,0,0,0,0,0,0,0,0,0,0,0.0,0.0,0.0,0.0,2024-25
Odeluga,Offiah,DEF,40,0.1,0,0,0,0,0,0,0,0,0,0,0.0,0.0,0.0,0.0,2024-25
Cameron,Peupion,MID,44,0.0,0,0,0,0,0,0,0,0,0,0,0.0,0.0,0.0,0.0,2024-25
Jeremy,Sarmiento Morante,MID,49,0.0,1,8,0,0,0,0,0,0,0,3,0.2,0.8,0.0,0.1,2024-25
Jason,Steele,GK,40,0.7,9,180,0,0,1,1,0,0,1,46,40.4,0.0,0.0,4.1,2024-25
Deniz,Undav,FWD,55,0.0,0,0,0,0,0,0,0,0,0,0,0.0,0.0,0.0,0.0,2024-25
Jan Paul,van Hecke,DEF,45,0.7,87,2960,1,1,7,47,6,1,7,406,736.6,261.8,182.0,118.3,2024-25
Joël,Veltman,DEF,43,1.1,59,1694,0,0,6,24,5,0,7,249,273.0,147.2,59.0,48.1,2024-25
Bart,Verbruggen,GK,45,2.5,103,3240,0,1,7,58,5,0,6,366,849.8,10.0,0.0,85.8,2024-25
Adam,Webster,DEF,43,0.1,39,885,0,1,4,11,1,0,2,167,198.4,49.7,55.0,30.2,2024-25
Danny,Welbeck,FWD,55,6.9,125,2109,10,5,7,37,5,0,21,484,550.2,331.3,676.0,155.8,2024-25
Mats,Wieffer,MID,47,0.1,52,1003,1,5,2,22,6,0,4,243,328.8,230.4,129.0,68.5,2024-25
Brajan,Gruda,MID,54,0.1,45,676,1,4,1,15,0,0,1,176,196.6,311.6,187.0,69.1,2024-25
Yasin,Ayari,MID,50,0.1,74,1958,2,1,7,28,4,0,3,358,363.2,507.5,247.0,111.7,2024-25
Andrew,Moran,MID,50,0.0,0,0,0,0,0,0,0,0,0,0,0.0,0.0,0.0,0.0,2024-25
Carl,Rushworth,GK,39,0.1,0,0,0,0,0,0,0,0,0,0,0.0,0.0,0.0,0.0,2024-25
Georginio,Rutter,MID,50,0.3,95,1651,5,6,6,29,2,0,1,288,355.4,281.8,404.0,103.0,2024-25
Ferdi,Kadioglu,DEF,44,0.1,19,385,1,0,2,8,1,0,0,59,116.4,83.7,40.0,24.0,2024-25
Matt,O'Riley,MID,55,0.0,50,929,2,3,2,20,1,0,2,209,211.4,322.5,219.0,75.3,2024-25
Imari,Samuels,DEF,40,0.0,0,0,0,0,0,0,0,0,0,0,0.0,0.0,0.0,0.0,2024-25
Killian,Cahill,GK,39,0.9,0,0,0,0,0,0,0,0,0,0,0.0,0.0,0.0,0.0,2024-25
Ruairi,McConville,DEF,40,0.0,0,0,0,0,0,0,0,0,0,0,0.0,0.0,0.0,0.0,2024-25
Jacob,Slater,DEF,40,0.0,0,0,0,0,0,0,0,0,0,0,0.0,0.0,0.0,0.0,2024-25
Diego,Gómez,MID,55,0.0,30,507,1,1,0,13,0,0,2,130,124.2,143.2,69.0,33.6,2024-25
Fabian,Hürzeler,AM,11,2.3,119,0,0,0,0,0,0,0,0,0,0.0,0.0,0.0,0.0,2024-25
Joe,Knight,MID,45,0.0,0,0,0,0,0,0,0,0,0,0,0.0,0.0,0.0,0.0,2024-25
Eiran,Cashin,DEF,45,0.0,1,19,0,0,0,2,0,0,0,-2,7.0,0.6,0.0,0.7,2024-25
Charlie,Tasker,DEF,40,0.0,0,0,0,0,0,0,0,0,0,0,0.0,0.0,0.0,0.0,2024-25
Freddie,Simmonds,DEF,40,0.0,0,0,0,0,0,0,0,0,0,0,0.0,0.0,0.0,0.0,2024-25
Harry,Howell,MID,45,0.0,1,6,0,0,0,0,0,0,0,5,2.0,0.9,6.0,0.9,2024-25
Andrey,Nascimento dos Santos,MID,45,0.0,0,0,0,0,0,0,0,0,0,0,0.0,0.0,0.0,0.0,2024-25
Ângelo Gabriel,Borges Damaceno,MID,45,0.1,0,0,0,0,0,0,0,0,0,0,0.0,0.0,0.0,0.0,2024-25
Benoît,Badiashile,DEF,42,0.1,7,332,0,0,0,5,0,0,0,35,66.0,12.6,0.0,7.9,2024-25
Lucas,Bergström,GK,39,0.2,0,0,0,0,0,0,0,0,0,0,0.0,0.0,0.0,0.0,2024-25
Marcus,Bettinelli,GK,39,0.4,0,0,0,0,0,0,0,0,0,0,0.0,0.0,0.0,0.0,2024-25
Moisés,Caicedo Corozo,MID,49,1.0,98,3351,1,4,12,42,11,0,4,650,627.6,568.8,95.0,129.2,2024-25
Cesare,Casadei,MID,44,0.1,0,0,0,0,0,0,0,0,0,0,0.0,0.0,0.0,0.0,2024-25
Trevoh,Chalobah,DEF,44,0.7,93,1969,3,1,6,25,3,0,11,379,496.4,124.2,222.0,84.6,2024-25
Carney,Chukwuemeka,MID,47,0.0,0,0,0,0,0,0,0,0,0,0,0.0,0.0,0.0,0.0,2024-25
Levi,Colwill,DEF,44,2.4,109,3150,2,1,10,41,9,0,6,461,692.0,214.3,185.0,109.4,2024-25
Marc,Cucurella Saseta,DEF,54,11.8,133,2988,5,2,9,38,8,1,14,533,668.6,350.6,358.0,137.9,2024-25
David Datro,Fofana,FWD,54,0.1,0,0,0,0,0,0,0,0,0,0,0.0,0.0,0.0,0.0,2024-25
Deivid Washington,de Souza Eugênio,FWD,49,0.1,0,0,0,0,0,0,0,0,0,0,0.0,0.0,0.0,0.0,2024-25
Kiernan,Dewsbury-Hall,MID,55,0.1,18,257,0,1,0,3,0,0,1,71,57.4,47.4,21.0,12.6,2024-25
Enzo,Fernández,MID,47,4.1,135,2943,6,8,10,37,8,0,11,691,761.6,1131.6,517.0,241.3,2024-25
Conor,Gallagher,MID,59,0.1,0,0,0,0,0,0,0,0,0,0,0.0,0.0,0.0,0.0,2024-25
Alfie,Gilchrist,DEF,40,0.0,0,0,0,0,0,0,0,0,0,0,0.0,0.0,0.0,0.0,2024-25
Malo,Gusto,DEF,49,1.4,60,1853,0,1,4,26,4,0,2,285,336.8,394.6,147.0,87.9,2024-25
Reece,James,DEF,48,1.1,54,1057,1,2,3,14,1,0,5,223,207.6,202.1,56.0,46.7,2024-25
Omari,Kellyman,MID,43,0.1,0,0,0,0,0,0,0,0,0,0,0.0,0.0,0.0,0.0,2024-25
Roméo,Lavia,MID,45,0.4,26,792,0,1,3,11,4,0,0,125,113.2,121.7,7.0,24.4,2024-25
Romelu,Lukaku Bolingoli,FWD,63,0.2,0,0,0,0,0,0,0,0,0,0,0.0,0.0,0.0,0.0,2024-25
Malang,Sarr,DEF,45,0.0,0,0,0,0,0,0,0,0,0,0,0.0,0.0,0.0,0.0,2024-25
Noni,Madueke,MID,60,3.2,120,2028,7,5,6,28,3,0,12,425,479.2,475.1,998.0,195.3,2024-25
Marc,Guiu Paz,FWD,47,0.5,3,71,0,0,0,2,0,0,0,11,4.4,11.8,6.0,2.2,2024-25
Mykhailo,Mudryk,MID,61,0.2,7,145,0,0,0,2,0,0,0,26,23.2,31.5,31.0,8.5,2024-25
Nicolas,Jackson,FWD,77,6.2,121,2220,10,6,11,24,7,1,17,417,546.4,368.3,976.0,187.4,2024-25
Christopher,Nkunku,MID,57,2.0,60,904,3,2,2,16,2,0,5,190,230.2,204.9,339.0,77.1,2024-25
Cole,Palmer,MID,105,34.3,214,3193,15,10,10,41,7,0,35,952,1068.2,1259.2,1052.0,338.0,2024-25
Đorđe,Petrović,GK,44,0.1,0,0,0,0,0,0,0,0,0,0,0.0,0.0,0.0,0.0,2024-25
Renato,Palma Veiga,MID,44,0.1,7,176,0,0,1,2,2,0,0,22,30.4,9.2,19.0,5.9,2024-25
Robert,Sánchez,GK,45,6.2,126,2880,0,0,10,34,5,0,11,470,755.6,20.0,0.0,77.5,2024-25
Tosin,Adarabioyo,DEF,42,0.3,71,1403,1,1,7,14,4,0,7,305,352.2,48.2,92.0,49.6,2024-25
Wesley,Fofana,DEF,43,0.2,26,1172,0,0,2,13,7,0,2,162,200.2,85.0,33.0,31.9,2024-25
Jadon,Sancho,MID,62,0.9,86,1754,3,5,7,24,2,0,3,367,340.0,523.2,414.0,127.5,2024-25
Pedro,Lomba Neto,MID,61,1.4,104,2262,4,6,8,25,8,0,9,434,492.0,762.7,545.0,180.0,2024-25
Caleb,Wiley,DEF,40,0.0,0,0,0,0,0,0,0,0,0,0,0.0,0.0,0.0,0.0,2024-25
Filip,Jørgensen,GK,42,0.4,18,540,0,0,1,9,0,0,0,59,157.6,0.0,0.0,15.9,2024-25
João,Félix Sequeira,MID,59,0.4,24,362,1,2,1,4,2,0,0,90,88.0,95.4,141.0,32.3,2024-25
Samuel,Rak-Sakyi,MID,45,0.0,0,0,0,0,0,0,0,0,0,0,0.0,0.0,0.0,0.0,2024-25
Tyrique,George,MID,45,0.0,17,177,1,1,1,0,1,0,0,55,67.4,72.7,32.0,17.1,2024-25
Josh,Acheampong,DEF,40,0.1,4,168,0,0,0,3,1,0,0,8,13.6,2.5,13.0,2.9,2024-25
Enzo,Maresca,AM,15,1.7,94,0,0,0,0,0,0,0,0,0,0.0,0.0,0.0,0.0,2024-25
Mathis,Amougou,MID,45,0.0,1,7,0,0,0,0,0,0,0,2,1.0,0.9,0.0,0.2,2024-25
Aaron,Anselmino,DEF,40,0.0,0,0,0,0,0,0,0,0,0,0,0.0,0.0,0.0,0.0,2024-25
Shumaira,Mheuka,FWD,45,0.0,1,1,0,0,0,0,0,0,0,5,3.0,0.0,17.0,2.0,2024-25
Ishé,Samuels-Smith,DEF,40,0.0,0,0,0,0,0,0,0,0,0,0,0.0,0.0,0.0,0.0,2024-25
Genesis,Antwi,DEF,40,0.0,0,0,0,0,0,0,0,0,0,0,0.0,0.0,0.0,0.0,2024-25
Eddie,Nketiah,FWD,59,0.7,53,1018,3,2,2,17,4,1,4,186,192.2,163.7,475.0,82.5,2024-25
Ben,Chilwell,DEF,46,0.5,13,254,1,0,0,4,1,0,0,54,99.6,69.2,37.0,20.7,2024-25
Naouirou,Ahamada,MID,45,0.1,0,0,0,0,0,0,0,0,0,0,0.0,0.0,0.0,0.0,2024-25
Cheick,Doucouré,MID,48,0.0,19,443,0,1,1,6,1,0,0,71,58.6,25.7,23.0,10.8,2024-25
Chris,Richards,DEF,44,0.2,68,1921,1,1,7,31,2,1,2,249,470.8,45.0,181.0,69.6,2024-25
Chadi,Riad Dnanou,DEF,43,0.0,1,90,0,0,0,2,0,0,0,3,18.2,1.3,0.0,2.0,2024-25
Nathaniel,Clyne,DEF,43,0.1,18,477,0,0,1,11,1,0,0,48,66.6,51.8,8.0,12.4,2024-25
Malcolm,Ebiowei,MID,45,0.0,0,0,0,0,0,0,0,0,0,0,0.0,0.0,0.0,0.0,2024-25
Eberechi,Eze,MID,70,14.6,148,2588,8,8,10,34,1,0,15,605,685.0,849.2,691.0,222.4,2024-25
Marc,Guéhi,DEF,47,5.7,116,3059,3,2,11,42,7,1,11,492,827.0,237.6,247.0,131.0,2024-25
Dean,Henderson,GK,46,11.7,135,3420,0,0,11,51,3,0,8,466,853.6,30.0,4.0,88.6,2024-25
Rob,Holding,DEF,42,0.1,0,0,0,0,0,0,0,0,0,0,0.0,0.0,0.0,0.0,2024-25
Will,Hughes,MID,49,0.0,67,2100,0,4,10,31,11,0,3,278,335.2,462.6,90.0,87.5,2024-25
Daichi,Kamada,MID,51,0.1,45,1545,0,0,3,27,4,1,0,246,219.2,314.1,145.0,68.2,2024-25
Jefferson,Lerma Solís,MID,48,0.1,58,2270,0,1,6,36,9,0,2,326,401.4,190.2,197.0,78.7,2024-25
Jean-Philippe,Mateta,FWD,75,8.3,150,2642,14,2,9,37,2,0,27,576,671.6,405.4,800.0,187.3,2024-25
Matheus,França de Oliveira,MID,44,0.2,9,52,1,0,0,0,0,0,0,34,48.4,1.2,66.0,11.5,2024-25
Remi,Matthews,GK,39,0.4,0,0,0,0,0,0,0,0,0,0,0.0,0.0,0.0,0.0,2024-25
Tyrick,Mitchell,DEF,48,2.1,123,3090,0,6,12,46,2,0,4,455,630.8,559.1,170.0,136.2,2024-25
Daniel,Muñoz,DEF,52,19.3,142,3229,4,6,11,46,10,0,9,480,816.6,634.2,524.0,197.6,2024-25
David,Ozoh,MID,45,0.0,0,0,0,0,0,0,0,0,0,0,0.0,0.0,0.0,0.0,2024-25
Jesurun,Rak-Sakyi,MID,45,0.0,0,0,0,0,0,0,0,0,0,0,0.0,0.0,0.0,0.0,2024-25
Jeffrey,Schlupp,MID,46,0.0,12,95,0,0,0,3,0,0,0,43,22.8,42.9,46.0,11.0,2024-25
Joel,Ward,DEF,43,0.1,1,71,0,0,0,2,1,0,0,-3,5.8,10.3,0.0,1.6,2024-25
Adam,Wharton,MID,47,0.1,42,1314,0,2,4,21,2,0,0,244,261.2,381.4,69.0,71.2,2024-25
Matt,Turner,GK,39,7.2,0,0,0,0,0,0,0,0,0,0,0.0,0.0,0.0,0.0,2024-25
Ismaïla,Sarr,MID,55,5.3,149,2708,8,7,10,39,4,0,14,542,675.0,618.0,866.0,215.9,2024-25
Franco,Umeh-Chibueze,MID,44,0.0,0,0,0,0,0,0,0,0,0,0,0.0,0.0,0.0,0.0,2024-25
Justin,Devenny,MID,45,0.1,34,494,1,1,0,8,1,0,1,129,138.8,101.8,90.0,33.2,2024-25
Asher,Agbinone,MID,45,0.0,2,4,0,0,0,0,0,0,0,4,4.0,10.6,1.0,1.5,2024-25
Kaden,Rodney,MID,45,0.0,0,0,0,0,0,0,0,0,0,0,0.0,0.0,0.0,0.0,2024-25
Maxence,Lacroix,DEF,45,0.9,114,3116,1,2,11,45,5,0,9,463,723.8,113.7,277.0,111.4,2024-25
Caleb,Kporha,DEF,40,0.0,2,11,0,0,0,1,0,0,0,1,8.0,4.6,0.0,1.3,2024-25
Zach,Marsh,FWD,45,0.2,0,0,0,0,0,0,0,0,0,0,0.0,0.0,0.0,0.0,2024-25
Romain,Esse,MID,47,0.1,22,138,1,2,0,3,0,0,3,72,74.8,38.4,51.0,16.4,2024-25
Oliver,Glasner,AM,8,1.9,128,0,0,0,0,0,0,0,0,0,0.0,0.0,0.0,0.0,2024-25
Armando,Broja,FWD,53,0.1,12,327,0,0,2,2,1,0,0,23,20.2,53.8,43.0,10.9,2024-25
Abdoulaye,Doucouré,MID,51,0.5,94,2563,3,2,11,33,3,1,5,333,352.6,379.4,348.0,107.6,2024-25
Norberto Bercique,Gomes Betuncal,FWD,48,3.9,87,1521,8,0,4,24,2,0,11,295,373.2,163.9,666.0,119.5,2024-25
Jarrad,Branthwaite,DEF,49,1.9,88,2509,0,1,9,28,4,0,3,420,624.6,57.7,130.0,81.3,2024-25
Dominic,Calvert-Lewin,FWD,54,1.0,63,1602,3,2,8,18,2,0,3,157,200.2,126.1,573.0,89.2,2024-25
Séamus,Coleman,DEF,43,0.0,5,214,0,0,0,4,1,0,0,17,42.4,3.8,23.0,7.1,2024-25
Idrissa,Gueye,MID,48,0.2,89,3063,0,3,12,39,9,0,5,505,522.0,327.2,117.0,96.6,2024-25
James,Garner,MID,49,0.0,42,1590,0,1,5,19,5,0,0,244,264.8,248.2,93.0,60.4,2024-25
Jack,Harrison,MID,52,0.2,81,2068,1,3,7,27,0,0,4,291,277.0,527.7,288.0,108.6,2024-25
Mason,Holgate,DEF,40,0.1,1,5,0,0,0,1,0,0,0,-1,0.0,0.0,0.0,0.0,2024-25
Tim,Iroegbunam,MID,43,0.6,22,562,0,1,0,16,4,0,0,82,122.2,40.9,32.0,19.6,2024-25
João,Neves Virgínia,GK,38,1.0,0,0,0,0,0,0,0,0,0,0,0.0,0.0,0.0,0.0,2024-25
Michael,Keane,DEF,38,4.3,48,1046,3,0,3,20,5,0,4,139,306.6,23.2,123.0,45.4,2024-25
Neal,Maupay,FWD,49,0.2,0,0,0,0,0,0,0,0,0,0,0.0,0.0,0.0,0.0,2024-25
Dwight,McNeil,MID,51,1.4,93,1366,4,8,5,24,1,0,9,401,392.0,631.8,207.0,123.3,2024-25
Vitalii,Mykolenko,DEF,44,6.7,121,3082,1,3,11,39,4,0,9,467,621.4,428.5,100.0,115.2,2024-25
Iliman,Ndiaye,FWD,52,1.1,114,2426,9,0,15,24,3,0,21,552,598.0,326.4,493.0,142.0,2024-25
Nathan,Patterson,DEF,44,0.0,14,342,0,1,0,6,1,0,0,47,71.6,70.3,12.0,15.5,2024-25
Jordan,Pickford,GK,52,15.9,158,3420,0,1,12,44,7,0,15,593,1052.0,20.3,0.0,107.0,2024-25
James,Tarkowski,DEF,47,1.6,105,2922,1,1,10,38,6,0,8,468,859.0,188.8,217.0,126.9,2024-25
Youssef,Ramalho Chermiti,FWD,49,0.0,3,42,0,0,0,0,1,0,0,9,2.4,0.6,27.0,3.0,2024-25
Ashley,Young,DEF,42,1.4,98,1864,1,4,9,23,7,1,9,354,431.2,388.2,46.0,86.8,2024-25
Carlos,Alcaraz Durán,MID,47,0.1,44,766,2,3,1,9,4,0,5,191,219.4,205.7,227.0,65.4,2024-25
Jesper,Lindstrøm,MID,50,0.1,44,1229,0,1,6,14,2,0,0,167,214.2,309.6,237.0,76.0,2024-25
Jake,O'Brien,DEF,45,0.9,65,1568,2,0,5,17,5,0,5,233,341.4,108.9,109.0,56.0,2024-25
Harrison,Armstrong,MID,44,0.1,2,47,0,0,0,1,1,0,0,1,1.8,10.9,9.0,2.2,2024-25
Jenson,Metcalfe,MID,45,0.0,0,0,0,0,0,0,0,0,0,0,0.0,0.0,0.0,0.0,2024-25
Asmir,Begovic,GK,40,0.2,0,0,0,0,0,0,0,0,0,0,0.0,0.0,0.0,0.0,2024-25
Roman,Dixon,DEF,39,0.1,0,90,0,0,0,4,0,0,0,0,15.4,0.3,0.0,1.6,2024-25
Orel,Mangala,MID,50,0.0,39,1257,1,0,5,10,2,0,0,175,172.8,133.5,106.0,41.4,2024-25
Callum,Bates,MID,45,0.0,0,0,0,0,0,0,0,0,0,0,0.0,0.0,0.0,0.0,2024-25
Martin,Sherif,FWD,45,0.1,0,0,0,0,0,0,0,0,0,0,0.0,0.0,0.0,0.0,2024-25
David,Moyes,AM,5,5.3,137,0,0,0,0,0,0,0,0,0,0.0,0.0,0.0,0.0,2024-25
Isaac,Heath,MID,45,0.0,0,0,0,0,0,0,0,0,0,0,0.0,0.0,0.0,0.0,2024-25
Coby,Ebere,MID,45,0.0,0,0,0,0,0,0,0,0,0,0,0.0,0.0,0.0,0.0,2024-25
Reece,Welch,DEF,40,0.0,0,0,0,0,0,0,0,0,0,0,0.0,0.0,0.0,0.0,2024-25
Reiss,Nelson,MID,50,0.0,27,483,1,1,1,9,1,0,2,143,131.6,223.9,195.0,55.1,2024-25
Emile,Smith Rowe,MID,50,7.3,114,2036,6,3,7,28,3,0,15,449,433.8,422.3,386.0,124.4,2024-25
Joachim,Andersen,DEF,42,3.4,51,2673,0,0,4,47,7,1,3,306,687.6,99.0,162.0,95.0,2024-25
Adama,Traoré,MID,45,1.4,95,1756,2,8,3,28,3,0,8,384,385.4,632.1,426.0,144.6,2024-25
Andreas,Hoelgebaum Pereira,MID,49,0.8,81,2004,2,6,5,32,8,0,2,355,326.6,868.3,300.0,149.0,2024-25
Calvin,Bassey,DEF,45,0.6,75,3074,1,0,5,47,7,0,0,390,587.2,96.7,157.0,84.1,2024-25
Steven,Benda,GK,39,0.3,0,0,0,0,0,0,0,0,0,0,0.0,0.0,0.0,0.0,2024-25
Tom,Cairney,MID,48,0.0,33,610,2,0,1,12,3,1,0,192,163.8,213.8,94.0,47.2,2024-25
Timothy,Castagne,DEF,42,0.8,46,1642,0,1,3,28,1,0,0,205,360.4,163.6,123.0,64.9,2024-25
Issa,Diop,DEF,43,0.2,31,1334,0,0,1,19,2,0,0,146,257.6,44.7,83.0,38.3,2024-25
Luke,Harris,MID,45,0.0,0,0,0,0,0,0,0,0,0,0,0.0,0.0,0.0,0.0,2024-25
Alex,Iwobi,MID,54,4.9,156,2981,9,6,6,45,1,0,16,704,806.8,922.4,699.0,243.0,2024-25
Bernd,Leno,GK,50,2.9,115,3420,0,2,5,54,5,0,5,475,967.0,20.0,0.0,98.6,2024-25
Saša,Lukić,MID,48,0.0,56,2348,0,2,4,37,12,0,1,354,335.6,455.1,119.0,91.0,2024-25
Kevin,Mbabu,DEF,40,0.1,0,0,0,0,0,0,0,0,0,0,0.0,0.0,0.0,0.0,2024-25
Rodrigo,Muniz Carvalho,FWD,55,1.4,86,943,8,1,2,17,1,0,14,349,352.4,95.3,508.0,95.4,2024-25
Raúl,Jiménez,FWD,53,5.0,147,2486,12,3,7,37,4,0,26,539,612.8,372.2,1018.0,199.7,2024-25
Tim,Ream,DEF,45,0.0,0,0,0,0,0,0,0,0,0,0,0.0,0.0,0.0,0.0,2024-25
Harrison,Reed,MID,47,0.0,10,100,0,0,0,3,2,0,0,36,18.6,20.6,33.0,7.1,2024-25
Antonee,Robinson,DEF,47,15.2,106,3166,0,10,5,49,8,0,8,507,922.2,723.4,206.0,185.5,2024-25
Jay,Stansfield,FWD,50,0.0,1,1,0,0,0,0,0,0,0,2,0.0,0.0,0.0,0.0,2024-25
Kenny,Tete,DEF,44,0.2,49,1773,0,2,3,26,5,0,0,207,381.2,192.2,158.0,73.1,2024-25
Carlos Vinícius,Alves Morais,FWD,50,0.3,3,13,0,0,0,1,0,0,0,14,4.0,0.0,19.0,2.3,2024-25
Harry,Wilson,MID,52,0.2,78,1148,6,2,2,21,2,0,6,329,334.6,310.2,440.0,107.8,2024-25
Ryan,Sessegnon,DEF,42,2.6,57,574,4,2,1,10,1,0,5,137,284.0,158.8,227.0,67.1,2024-25
Jorge,Cuenca Barreno,DEF,44,0.0,9,349,0,0,0,8,0,0,0,38,81.2,2.3,4.0,8.6,2024-25
Josh,King,MID,44,0.1,10,126,0,0,1,0,0,0,0,30,26.2,45.7,38.0,11.2,2024-25
Martial,Godo,MID,44,0.0,2,21,0,0,0,0,0,0,0,4,3.4,12.0,14.0,3.0,2024-25
Sander,Berge,MID,50,0.0,53,2221,0,0,4,35,6,0,2,334,314.4,285.7,51.0,65.1,2024-25
Samuel,Amissah,DEF,40,0.0,0,0,0,0,0,0,0,0,0,0,0.0,0.0,0.0,0.0,2024-25
Marco Alexandre,Saraiva da Silva,AM,11,0.3,94,0,0,0,0,0,0,0,0,0,0.0,0.0,0.0,0.0,2024-25
Willian,Borges da Silva,MID,50,0.0,13,251,0,0,1,3,0,0,0,54,36.2,133.3,25.0,19.5,2024-25
Julio,Enciso,MID,54,0.2,59,1155,2,3,2,22,3,0,5,224,250.8,268.9,362.0,87.7,2024-25
Ali,Al-Hamadi,FWD,47,0.2,8,125,0,0,0,5,3,0,0,15,5.6,25.7,32.0,6.0,2024-25
Elkan,Baggott,DEF,40,0.0,0,0,0,0,0,0,0,0,0,0,0.0,0.0,0.0,0.0,2024-25
Nathan,Broadhead,MID,49,0.0,37,690,2,0,2,12,1,0,1,137,148.2,111.0,155.0,41.4,2024-25
Cameron,Burgess,DEF,38,1.8,26,1540,0,2,0,37,0,0,0,122,422.0,87.2,103.0,61.4,2024-25
Wes,Burns,MID,47,0.0,30,922,0,1,1,23,1,0,0,144,111.6,148.5,66.0,31.8,2024-25
Conor,Chaplin,MID,51,0.1,41,845,1,2,1,19,2,0,0,139,106.6,152.1,108.0,36.1,2024-25
Harry,Clarke,DEF,40,0.0,1,377,0,0,0,10,1,1,0,-5,48.2,24.4,35.0,10.5,2024-25
Leif,Davis,DEF,42,0.9,52,2742,1,2,2,71,5,1,5,174,486.8,865.4,145.0,149.6,2024-25
Liam,Delap,FWD,56,3.3,132,2587,12,2,3,58,12,0,22,472,513.0,290.5,783.0,157.5,2024-25
George,Edmundson,DEF,40,0.1,1,1,0,0,0,0,0,0,0,3,0.0,0.0,0.0,0.0,2024-25
Jacob,Greaves,DEF,38,2.3,37,2205,1,0,2,53,5,0,0,171,592.8,77.2,157.0,82.7,2024-25
Marcus,Myers-Harness,MID,49,0.0,2,43,0,0,0,2,0,0,0,4,9.4,1.9,6.0,1.7,2024-25
George,Hirst,FWD,54,0.1,46,645,3,1,0,16,3,0,3,157,146.4,64.5,207.0,41.2,2024-25
Cameron,Humphreys,MID,45,0.0,0,0,0,0,0,0,0,0,0,0,0.0,0.0,0.0,0.0,2024-25
Omari,Giraud-Hutchinson,MID,52,0.3,88,2585,3,3,3,61,5,0,6,352,383.2,487.5,443.0,131.5,2024-25
Ben,Johnson,DEF,38,1.9,30,1346,1,2,0,39,3,1,2,23,276.6,177.2,92.0,54.6,2024-25
Freddie,Ladapo,FWD,45,0.4,0,0,0,0,0,0,0,0,0,0,0.0,0.0,0.0,0.0,2024-25
Massimo,Luongo,MID,43,0.2,13,195,0,0,0,6,0,0,0,47,34.4,6.6,4.0,4.6,2024-25
Sam,Morsy,MID,48,0.1,67,2749,1,1,2,67,10,0,5,421,417.0,374.0,47.0,83.7,2024-25
Corrie,Ndaba,DEF,40,0.0,0,0,0,0,0,0,0,0,0,0,0.0,0.0,0.0,0.0,2024-25
Cieran,Slicker,GK,39,0.6,0,0,0,0,0,0,0,0,0,0,0.0,0.0,0.0,0.0,2024-25
Jack,Taylor,MID,48,0.0,38,837,1,0,0,21,4,0,1,144,142.0,100.5,84.0,32.4,2024-25
Axel,Tuanzebe,DEF,39,1.2,27,1710,0,1,1,38,3,1,0,80,284.4,93.4,25.0,40.1,2024-25
Christian,Walton,GK,43,0.2,16,630,0,0,1,19,0,0,2,42,163.2,10.0,0.0,17.3,2024-25
Luke,Woolfenden,DEF,39,1.2,18,1187,0,0,1,28,2,0,0,93,258.4,6.7,8.0,27.5,2024-25
Kalvin,Phillips,MID,48,0.1,27,1231,0,0,1,30,4,1,0,167,181.8,116.2,41.0,33.8,2024-25
Arijanet,Muric,GK,44,0.4,49,1620,0,0,1,33,1,0,5,186,531.2,0.0,0.0,53.1,2024-25
Jaden,Philogene,MID,53,0.1,37,796,2,0,2,22,3,1,3,116,159.0,98.2,190.0,43.9,2024-25
Conor,Townsend,DEF,39,0.5,11,334,0,1,0,6,1,0,0,43,110.2,56.0,13.0,18.0,2024-25
Sam,Szmodics,MID,57,0.1,54,988,4,0,2,18,2,0,2,167,216.0,93.0,263.0,56.7,2024-25
Jens,Cajuste,MID,45,0.1,63,1960,1,1,1,46,2,0,2,309,284.0,209.2,59.0,54.9,2024-25
Dara,O'Shea,DEF,38,1.2,49,3122,0,2,2,75,6,0,1,231,862.8,59.9,195.0,111.6,2024-25
Jack,Clarke,MID,54,0.0,53,1161,0,4,1,31,2,0,0,221,230.8,341.7,151.0,72.2,2024-25
Chiedozie,Ogbene,MID,48,0.0,7,237,0,0,0,3,0,0,0,29,22.8,30.2,12.0,6.4,2024-25
Ben,Godfrey,DEF,40,0.0,-1,158,0,0,0,10,1,0,0,-27,15.0,2.3,2.0,1.9,2024-25
Kieran,McKenna,AM,5,0.4,51,0,0,0,0,0,0,0,0,0,0.0,0.0,0.0,0.0,2024-25
Alex,Palmer,GK,45,0.1,22,1170,0,0,0,30,2,0,0,94,356.8,10.0,0.0,36.6,2024-25
Somto,Boniface,DEF,40,0.0,0,0,0,0,0,0,0,0,0,0,0.0,0.0,0.0,0.0,2024-25
Tom,Taylor,MID,45,0.0,0,0,0,0,0,0,0,0,0,0,0.0,0.0,0.0,0.0,2024-25
Facundo,Buonanotte,MID,45,0.4,75,1508,5,2,2,33,8,0,6,299,415.8,415.8,318.0,114.7,2024-25
Jordan,Ayew,MID,51,0.2,75,1649,5,0,4,42,6,0,3,279,304.4,316.9,311.0,93.4,2024-25
Odsonne,Edouard,FWD,51,0.2,7,141,0,0,0,3,0,0,0,14,5.0,25.0,50.0,8.0,2024-25
Boubakary,Soumaré,MID,44,0.3,48,2165,0,0,1,52,8,0,0,327,294.2,261.8,47.0,60.4,2024-25
Tom,Cannon,FWD,45,0.3,0,0,0,0,0,0,0,0,0,0,0.0,0.0,0.0,0.0,2024-25
Hamza,Choudhury,MID,44,1.0,4,129,0,0,0,5,0,0,0,29,33.8,30.4,6.0,7.0,2024-25
Conor,Coady,DEF,40,0.5,39,1712,1,0,2,42,3,0,3,144,378.8,33.0,62.0,47.5,2024-25
Patson,Daka,FWD,48,0.5,34,717,1,0,1,16,0,0,2,108,86.0,41.7,148.0,27.0,2024-25
Bobby,De Cordova-Reid,MID,52,0.1,48,734,1,4,1,17,2,0,2,145,102.2,84.4,72.0,26.0,2024-25
Wout,Faes,DEF,38,5.2,55,2812,1,0,3,63,4,0,2,241,678.0,68.5,121.0,86.9,2024-25
Michael,Golding,MID,44,0.2,1,1,0,0,0,0,0,0,0,3,0.0,0.0,0.0,0.0,2024-25
Mads,Hermansen,GK,44,0.4,63,2385,0,0,1,58,1,0,1,231,827.0,0.2,0.0,82.8,2024-25
Daniel,Iversen,GK,39,0.7,0,0,0,0,0,0,0,0,0,0,0.0,0.0,0.0,0.0,2024-25
James,Justin,DEF,41,1.2,70,2912,2,2,3,68,6,0,6,218,615.2,258.5,202.0,107.8,2024-25
Victor,Kristiansen,DEF,44,0.1,34,2481,0,1,1,62,1,0,0,153,519.4,358.6,40.0,91.6,2024-25
Wanya,Marçal-Madivádua,MID,45,0.0,0,0,0,0,0,0,0,0,0,0,0.0,0.0,0.0,0.0,2024-25
Stephy,Mavididi,MID,50,0.3,72,1606,4,1,1,38,2,0,5,270,339.2,375.3,302.0,101.5,2024-25
Kasey,McAteer,MID,47,0.0,35,846,1,1,3,16,3,0,0,125,147.2,132.5,184.0,46.3,2024-25
Wilfred,Ndidi,MID,49,0.2,64,2325,0,5,3,48,8,0,1,375,546.4,302.2,280.0,112.8,2024-25
Caleb,Okoli,DEF,40,0.4,27,1122,1,0,1,26,4,0,1,106,318.6,15.2,73.0,40.7,2024-25
Ricardo,Barbosa Pereira,DEF,41,0.1,10,382,0,0,0,8,1,0,0,46,67.8,18.7,19.0,10.5,2024-25
Harry,Souttar,DEF,40,0.0,0,0,0,0,0,0,0,0,0,0,0.0,0.0,0.0,0.0,2024-25
Jakub,Stolarczyk,GK,40,0.5,25,900,0,0,2,16,1,0,0,104,228.4,0.0,0.0,22.8,2024-25
Luke,Thomas,DEF,39,1.4,27,1109,0,0,3,23,3,0,0,144,226.4,144.5,34.0,40.4,2024-25
Jamie,Vardy,FWD,54,5.2,128,2825,9,5,4,68,5,0,18,464,490.8,270.8,742.0,150.0,2024-25
Jannik,Vestergaard,DEF,39,1.5,11,1390,0,0,0,35,5,0,0,86,321.0,46.6,53.0,42.4,2024-25
Danny,Ward,GK,39,2.0,2,135,0,0,0,6,0,0,0,-5,35.4,0.0,0.0,3.6,2024-25
Harry,Winks,MID,43,4.7,40,1536,0,2,0,34,4,0,0,282,272.8,319.6,37.0,63.2,2024-25
Oliver,Skipp,MID,47,0.0,27,1118,0,0,3,26,8,0,0,121,119.4,146.0,35.0,29.9,2024-25
Abdul,Fatawu,MID,51,0.2,26,576,0,2,0,14,0,0,3,125,147.6,104.3,148.0,40.1,2024-25
Will,Alves,MID,44,0.1,1,1,0,0,0,0,0,0,0,3,0.0,0.3,0.0,0.0,2024-25
Ben,Nelson,DEF,40,0.0,0,0,0,0,0,0,0,0,0,0,0.0,0.0,0.0,0.0,2024-25
Bilal,El Khannouss,MID,48,0.2,83,2179,2,4,3,54,4,0,6,376,381.6,634.1,191.0,120.5,2024-25
Henry,Cartwright,MID,45,0.0,0,0,0,0,0,0,0,0,0,0,0.0,0.0,0.0,0.0,2024-25
Thomas,Wilson-Brown,DEF,40,0.0,0,0,0,0,0,0,0,0,0,0,0.0,0.0,0.0,0.0,2024-25
Woyo,Coulibaly,DEF,40,0.0,1,107,0,0,0,6,1,0,0,-4,24.4,3.4,24.0,5.2,2024-25
Ruud,van Nistelrooij,AM,5,0.5,48,0,0,0,0,0,0,0,0,0,0.0,0.0,0.0,0.0,2024-25
Jeremy,Monga,MID,45,0.0,7,105,0,0,0,3,0,0,0,29,20.6,12.6,19.0,5.1,2024-25
Olabade,Aluko,DEF,40,0.0,1,1,0,0,0,0,0,0,0,3,2.0,0.2,0.0,0.2,2024-25
Jake,Evans,MID,45,0.0,4,21,0,0,0,1,0,0,0,13,3.2,0.2,0.0,0.3,2024-25
Sammy,Braybrooke,MID,45,0.0,0,0,0,0,0,0,0,0,0,0,0.0,0.0,0.0,0.0,2024-25
Alisson,Ramses Becker,GK,55,8.4,112,2508,0,0,10,29,0,0,9,451,628.8,13.0,0.0,64.0,2024-25
Trent,Alexander-Arnold,DEF,72,16.7,148,2362,3,7,12,25,5,0,13,603,723.8,833.7,268.0,182.4,2024-25
Stefan,Bajčetić Maquieira,MID,45,0.0,0,0,0,0,0,0,0,0,0,0,0.0,0.0,0.0,0.0,2024-25
Conor,Bradley,DEF,47,1.2,41,744,0,2,3,10,4,0,3,160,156.2,110.5,162.0,42.8,2024-25
Bobby,Clark,MID,45,0.0,0,0,0,0,0,0,0,0,0,0,0.0,0.0,0.0,0.0,2024-25
Darwin,Núñez Ribeiro,FWD,70,1.9,66,1113,5,3,2,21,8,0,6,244,263.8,151.6,404.0,81.2,2024-25
Diogo,Teixeira da Silva,MID,72,2.6,87,1182,6,4,7,12,2,0,4,225,300.6,169.5,537.0,99.0,2024-25
Ben,Doak,MID,45,0.0,0,0,0,0,0,0,0,0,0,0,0.0,0.0,0.0,0.0,2024-25
Harvey,Elliott,MID,52,0.3,33,359,1,2,0,6,1,0,3,120,118.6,145.8,143.0,40.4,2024-25
Endo,Wataru,MID,46,0.1,21,259,0,0,0,5,0,0,0,82,57.6,38.2,6.0,10.0,2024-25
Cody,Gakpo,FWD,72,5.4,127,1921,10,5,5,25,5,0,22,572,597.0,517.7,686.0,180.3,2024-25
Joe,Gomez,DEF,47,0.4,14,517,0,0,1,8,1,0,0,83,130.4,38.5,58.0,22.8,2024-25
Ryan,Gravenberch,MID,50,0.7,92,3160,0,4,14,35,5,1,1,568,550.6,473.9,121.0,114.7,2024-25
Curtis,Jones,MID,53,0.2,87,1702,3,5,6,27,1,1,4,396,397.2,343.7,400.0,113.6,2024-25
Caoimhin,Kelleher,GK,39,1.2,45,900,0,0,4,12,0,0,1,156,224.2,0.0,0.0,22.4,2024-25
Ibrahima,Konaté,DEF,53,7.0,106,2561,1,2,11,28,5,0,4,487,578.0,161.4,133.0,87.6,2024-25
Luis,Díaz,MID,75,16.8,183,2393,13,7,15,21,2,0,21,634,770.8,748.0,946.0,246.4,2024-25
Mohamed,Salah,MID,136,66.3,344,3374,29,18,15,40,1,0,55,1133,1577.0,1199.2,1985.0,476.0,2024-25
Alexis,Mac Allister,MID,62,1.7,122,2597,5,6,14,24,6,0,8,578,653.4,731.3,357.0,174.1,2024-25
James,McConnell,MID,43,0.1,0,0,0,0,0,0,0,0,0,0,0.0,0.0,0.0,0.0,2024-25
Tyler,Morton,MID,44,0.1,0,0,0,0,0,0,0,0,0,0,0.0,0.0,0.0,0.0,2024-25
Nathaniel,Phillips,DEF,40,0.1,0,0,0,0,0,0,0,0,0,0,0.0,0.0,0.0,0.0,2024-25
Jarell,Quansah,DEF,39,1.0,9,488,0,0,0,12,2,0,0,38,119.4,29.1,15.0,16.5,2024-25
Rhys,Williams,DEF,40,0.0,0,0,0,0,0,0,0,0,0,0,0.0,0.0,0.0,0.0,2024-25
Andrew,Robertson,DEF,58,4.0,91,2479,0,1,10,32,3,1,4,397,395.4,668.7,182.0,124.4,2024-25
Dominik,Szoboszlai,MID,61,2.7,143,2485,6,10,12,29,6,0,14,605,589.8,794.8,601.0,198.1,2024-25
Konstantinos,Tsimikas,DEF,46,0.2,43,829,0,1,4,8,2,0,3,217,202.0,260.7,60.0,52.5,2024-25
Virgil,van Dijk,DEF,67,25.6,143,3330,3,1,14,38,5,0,8,631,932.6,206.6,299.0,143.7,2024-25
Federico,Chiesa,MID,68,0.2,7,103,0,0,0,3,0,0,0,16,9.0,23.5,36.0,6.7,2024-25
Vítezslav,Jaros,GK,40,0.1,1,11,0,0,0,0,0,0,0,6,8.8,0.0,0.0,0.9,2024-25
Harvey,Davies,GK,40,0.0,0,0,0,0,0,0,0,0,0,0,0.0,0.0,0.0,0.0,2024-25
Treymaurice,Nyoni,MID,45,0.0,0,0,0,0,0,0,0,0,0,0,0.0,0.0,0.0,0.0,2024-25
Amara,Nallo,DEF,40,0.0,0,0,0,0,0,0,0,0,0,0,0.0,0.0,0.0,0.0,2024-25
Jayden,Danns,FWD,45,0.0,1,10,0,0,0,1,0,0,0,2,0.0,0.3,0.0,0.0,2024-25
Arne,Slot,AM,15,6.3,118,0,0,0,0,0,0,0,0,0,0.0,0.0,0.0,0.0,2024-25
Manuel,Akanji,DEF,53,2.3,61,2012,0,0,6,28,3,0,1,307,339.8,249.8,100.0,68.9,2024-25
Nathan,Aké,DEF,53,0.8,25,677,0,0,3,11,0,0,0,121,104.6,33.7,20.0,15.9,2024-25
Bernardo,Veiga de Carvalho e Silva,MID,61,2.8,110,2667,4,4,10,36,7,0,13,568,603.0,800.4,532.0,193.6,2024-25
Oscar,Bobb,MID,47,0.1,3,14,0,0,0,1,0,0,0,13,4.4,12.6,0.0,1.6,2024-25
Scott,Carson,GK,39,0.2,0,0,0,0,0,0,0,0,0,0,0.0,0.0,0.0,0.0,2024-25
Kevin,De Bruyne,MID,95,11.6,114,1694,4,9,10,19,2,0,12,462,466.6,920.0,411.0,179.5,2024-25
Jérémy,Doku,MID,62,1.7,88,1506,3,6,8,14,1,0,3,425,453.8,515.9,528.0,150.0,2024-25
Ederson,Santana de Moraes,GK,53,5.7,111,2320,0,4,10,26,4,0,9,400,567.0,43.0,0.0,60.9,2024-25
Phil,Foden,MID,91,4.6,105,1771,7,3,6,24,2,0,10,454,448.0,749.0,449.0,164.2,2024-25
Jack,Grealish,MID,64,0.2,38,710,1,1,2,10,3,0,4,187,157.2,321.4,234.0,71.3,2024-25
Joško,Gvardiol,DEF,65,38.6,153,3278,5,0,13,41,2,0,15,623,847.0,501.7,497.0,185.0,2024-25
Erling,Haaland,FWD,149,24.0,181,2736,22,3,10,38,2,0,26,795,946.0,359.4,1511.0,281.8,2024-25
Julián,Álvarez,FWD,70,0.1,0,0,0,0,0,0,0,0,0,0,0.0,0.0,0.0,0.0,2024-25
João,Cavaco Cancelo,DEF,53,0.2,0,0,0,0,0,0,0,0,0,0,0.0,0.0,0.0,0.0,2024-25
Mateo,Kovačić,MID,54,1.2,109,2194,6,3,10,29,5,1,13,542,606.4,579.3,204.0,139.1,2024-25
Rico,Lewis,DEF,43,3.5,66,1888,1,2,5,27,3,1,1,285,293.8,218.6,139.0,65.0,2024-25
Matheus Luiz,Nunes,MID,49,0.2,81,1670,1,7,9,19,4,0,6,373,370.4,422.4,206.0,99.9,2024-25
James,McAtee,MID,46,0.1,31,340,3,0,0,6,1,0,0,102,113.0,64.6,136.0,30.7,2024-25
Stefan,Ortega Moreno,GK,52,0.7,35,1099,0,0,3,18,1,0,0,144,292.6,0.0,0.0,29.4,2024-25
Rodrigo 'Rodri',Hernandez,MID,62,0.8,3,72,0,0,0,1,0,0,0,21,12.2,17.5,0.0,3.0,2024-25
Rúben,Gato Alves Dias,DEF,55,5.5,90,2269,0,0,11,21,4,0,7,410,478.2,173.8,150.0,80.2,2024-25
John,Stones,DEF,53,1.0,29,544,2,0,1,11,1,0,2,92,155.6,49.8,70.0,27.4,2024-25
Kyle,Walker,DEF,51,2.5,13,966,0,0,0,21,3,0,0,63,157.4,147.7,29.0,33.5,2024-25
Sávio 'Savinho',Moreira de Oliveira,MID,60,1.9,106,1760,1,11,8,25,3,0,15,442,415.2,682.9,671.0,177.3,2024-25
Nico,O'Reilly,MID,49,0.2,31,525,2,0,3,3,0,0,4,118,133.4,76.2,112.0,32.2,2024-25
Ilkay,Gündogan,MID,63,0.5,97,2218,1,7,10,28,1,0,5,460,387.0,781.3,273.0,144.2,2024-25
Issa,Kaboré,DEF,45,0.0,0,0,0,0,0,0,0,0,0,0,0.0,0.0,0.0,0.0,2024-25
Jacob,Wright,MID,45,0.0,0,0,0,0,0,0,0,0,0,0,0.0,0.0,0.0,0.0,2024-25
Jahmai,Simpson-Pusey,DEF,40,0.0,1,95,0,0,0,2,1,0,0,7,19.6,2.2,2.0,2.4,2024-25
Josh,Wilson-Esbrand,DEF,40,0.0,0,0,0,0,0,0,0,0,0,0,0.0,0.0,0.0,0.0,2024-25
Divin,Mubama,FWD,45,0.1,1,27,0,0,0,0,0,0,0,2,0.2,0.1,5.0,0.5,2024-25
Max,Alleyne,DEF,40,0.0,0,0,0,0,0,0,0,0,0,0,0.0,0.0,0.0,0.0,2024-25
Spike,Brits,GK,40,0.0,0,0,0,0,0,0,0,0,0,0,0.0,0.0,0.0,0.0,2024-25
Abdukodir,Khusanov,DEF,50,0.3,14,503,0,0,2,6,1,0,0,78,102.0,33.9,4.0,14.1,2024-25
Vitor,de Oliveira Nunes dos Reis,DEF,45,0.0,1,1,0,0,0,0,0,0,0,4,3.2,0.0,0.0,0.3,2024-25
Pep,Guardiola,AM,15,29.2,113,0,0,0,0,0,0,0,0,0,0.0,0.0,0.0,0.0,2024-25
Omar,Marmoush,FWD,74,22.6,73,1174,7,1,8,12,0,0,12,326,318.0,246.7,410.0,97.3,2024-25
Nico,González,MID,60,0.0,31,760,1,1,6,7,3,0,0,123,137.2,78.7,62.0,27.5,2024-25
Claudio,Echeverri,MID,58,0.0,1,5,0,0,0,0,0,0,0,2,2.2,0.4,0.0,0.3,2024-25
Amad,Diallo,MID,53,4.1,129,1898,8,8,7,30,5,0,17,569,634.0,687.2,615.0,193.8,2024-25
Antony Matheus,dos Santos,MID,57,0.2,8,135,0,0,0,2,0,0,0,37,35.0,50.7,74.0,15.8,2024-25
Bruno,Borges Fernandes,MID,84,13.7,174,3017,8,12,10,47,3,2,28,810,1017.8,1407.7,587.0,300.8,2024-25
Altay,Bayindir,GK,43,0.1,8,360,0,0,1,10,0,0,0,22,80.0,0.0,0.0,7.9,2024-25
Carlos Henrique,Casimiro,MID,46,0.4,48,1489,1,0,6,20,5,0,3,300,433.2,348.2,265.0,104.8,2024-25
Diogo,Dalot Teixeira,DEF,50,4.7,95,2812,0,4,8,45,5,0,9,352,493.2,434.2,258.0,118.2,2024-25
Christian,Eriksen,MID,52,0.2,45,1052,1,2,4,16,4,0,0,228,235.8,474.3,79.0,78.9,2024-25
Jonny,Evans,DEF,44,0.1,15,312,0,0,1,2,1,0,3,71,66.6,5.3,23.0,9.5,2024-25
Alejandro,Garnacho,MID,59,4.7,106,2188,6,4,5,36,3,0,7,370,454.0,532.2,904.0,188.3,2024-25
Hannibal,Mejbri,MID,45,0.0,0,0,0,0,0,0,0,0,0,0,0.0,0.0,0.0,0.0,2024-25
Tom,Heaton,GK,39,0.2,0,0,0,0,0,0,0,0,0,0,0.0,0.0,0.0,0.0,2024-25
Rasmus,Højlund,FWD,69,1.0,78,1998,4,1,6,31,2,0,8,246,187.0,254.7,432.0,86.3,2024-25
Victor,Lindelöf,DEF,43,0.1,27,695,0,0,2,9,1,0,0,100,125.4,48.5,8.0,18.3,2024-25
Harry,Maguire,DEF,49,0.8,48,1751,1,0,3,27,7,0,3,217,409.4,101.2,233.0,74.5,2024-25
Kobbie,Mainoo,MID,52,1.7,42,1646,0,0,5,27,5,0,0,229,196.6,250.8,137.0,58.8,2024-25
Tyrell,Malacia,DEF,44,0.0,2,99,0,0,0,1,1,0,0,2,5.2,13.9,0.0,1.7,2024-25
Lisandro,Martínez,DEF,43,2.2,68,1751,2,1,6,27,7,0,5,293,426.6,153.9,158.0,73.8,2024-25
Scott,McTominay,MID,49,0.1,2,17,0,0,0,1,0,0,0,4,3.2,0.3,5.0,0.9,2024-25
Mason,Mount,MID,63,0.2,25,613,1,0,3,11,3,0,0,74,104.0,140.0,218.0,45.6,2024-25
André,Onana,GK,49,5.0,120,3060,0,0,9,44,0,0,8,443,733.0,13.0,0.0,74.7,2024-25
Facundo,Pellistri Rebollo,MID,50,0.0,0,0,0,0,0,0,0,0,0,0,0.0,0.0,0.0,0.0,2024-25
Luke,Shaw,DEF,49,0.2,5,346,0,0,0,5,1,0,0,38,48.2,68.2,11.0,12.7,2024-25
Joshua,Zirkzee,FWD,65,1.5,64,1385,3,2,3,24,2,0,6,216,222.6,212.0,351.0,78.0,2024-25
Leny,Yoro,DEF,43,0.2,22,1160,0,0,1,24,5,0,0,90,207.4,55.8,54.0,31.8,2024-25
Matthijs,de Ligt,DEF,48,2.9,68,2119,2,0,4,36,3,0,3,312,518.4,88.7,303.0,91.5,2024-25
Noussair,Mazraoui,DEF,42,7.3,88,2836,0,1,7,43,3,0,5,410,619.4,332.7,123.0,107.5,2024-25
Toby,Collyer,MID,45,0.0,6,174,0,0,0,2,0,0,0,40,40.4,29.9,8.0,7.9,2024-25
Ethan,Wheatley,FWD,45,1.0,0,0,0,0,0,0,0,0,0,0,0.0,0.0,0.0,0.0,2024-25
Manuel,Ugarte,MID,49,0.1,49,1777,1,2,4,33,11,0,1,318,313.6,195.9,113.0,62.1,2024-25
Ayden,Heaven,DEF,40,0.1,10,169,0,0,1,1,1,0,2,47,43.4,12.9,10.0,6.6,2024-25
Jack,Fletcher,MID,45,0.0,0,0,0,0,0,0,0,0,0,0,0.0,0.0,0.0,0.0,2024-25
Harry,Amass,DEF,40,0.1,4,345,0,0,0,9,0,0,0,1,40.0,26.5,15.0,8.2,2024-25
Jayce,Fitzgerald,MID,45,0.0,0,0,0,0,0,0,0,0,0,0,0.0,0.0,0.0,0.0,2024-25
Godwill,Kukonki,DEF,40,0.0,0,0,0,0,0,0,0,0,0,0,0.0,0.0,0.0,0.0,2024-25
Ruben Filipe,Marques Diogo Amorim,AM,8,1.4,86,0,0,0,0,0,0,0,0,0,0.0,0.0,0.0,0.0,2024-25
Elyh,Harrison,GK,40,0.0,0,0,0,0,0,0,0,0,0,0,0.0,0.0,0.0,0.0,2024-25
Patrick,Dorgu,DEF,45,0.2,18,840,0,0,2,12,3,1,1,108,106.4,175.3,112.0,39.4,2024-25
Chido,Obi-Martin,FWD,45,0.2,7,160,0,0,0,5,1,0,0,21,8.2,5.1,46.0,5.4,2024-25
Tyler,Fredricson,DEF,40,0.0,2,166,0,0,0,5,0,0,0,16,37.4,4.9,2.0,4.4,2024-25
Jack,Moorhouse,MID,45,0.0,0,0,0,0,0,0,0,0,0,0,0.0,0.0,0.0,0.0,2024-25
Sékou,Koné,MID,45,0.0,0,0,0,0,0,0,0,0,0,0,0.0,0.0,0.0,0.0,2024-25
Hubert,Graczyk,GK,40,0.0,0,0,0,0,0,0,0,0,0,0,0.0,0.0,0.0,0.0,2024-25
Dermot,Mee,GK,40,0.0,0,0,0,0,0,0,0,0,0,0,0.0,0.0,0.0,0.0,2024-25
Alex,Murphy,DEF,40,0.5,0,0,0,0,0,0,0,0,0,0,0.0,0.0,0.0,0.0,2024-25
Miguel,Almirón Rejala,MID,54,0.3,10,150,0,0,0,3,0,0,0,36,15.2,40.9,57.0,11.3,2024-25
Harvey,Barnes,MID,59,4.2,130,1746,9,5,6,23,0,0,13,442,522.2,407.1,701.0,163.1,2024-25
Sven,Botman,DEF,44,0.0,18,412,0,0,2,4,1,0,0,95,110.4,28.4,96.0,23.6,2024-25
Bruno,Guimarães Rodriguez Moura,MID,62,3.0,135,3273,5,6,13,44,7,0,10,661,723.0,796.0,454.0,197.5,2024-25
Dan,Burn,DEF,46,12.6,115,3330,1,1,13,45,11,0,9,476,736.6,123.6,297.0,115.8,2024-25
Martin,Dúbravka,GK,40,1.3,44,900,0,0,5,12,0,0,2,160,220.2,0.0,0.0,22.0,2024-25
Anthony,Gordon,MID,74,8.0,124,2428,6,6,10,33,2,0,9,476,537.0,777.3,655.0,196.8,2024-25
Lewis,Hall,DEF,47,4.4,102,2188,0,7,8,31,3,0,11,443,561.6,561.2,128.0,125.3,2024-25
Isaac,Hayden,MID,44,0.1,0,0,0,0,0,0,0,0,0,0,0.0,0.0,0.0,0.0,2024-25
Alexander,Isak,FWD,94,49.4,211,2758,23,6,12,41,1,0,36,848,1043.0,573.1,1320.0,292.7,2024-25
Jacob,Murphy,MID,52,14.3,159,2356,8,13,11,31,4,0,11,601,713.4,625.2,519.0,185.6,2024-25
Joelinton Cássio,Apolinário de Lira,MID,60,1.1,99,2394,4,4,10,32,10,0,11,374,469.8,389.3,465.0,132.7,2024-25
Lloyd,Kelly,DEF,42,0.1,12,299,0,1,0,6,2,0,0,40,80.6,29.0,20.0,12.6,2024-25
Emil,Krafth,DEF,43,0.1,17,334,0,0,1,2,2,0,0,55,59.2,19.7,13.0,9.3,2024-25
Garang,Kuol,MID,44,0.1,0,0,0,0,0,0,0,0,0,0,0.0,0.0,0.0,0.0,2024-25
Jamaal,Lascelles,DEF,45,0.0,0,0,0,0,0,0,0,0,0,0,0.0,0.0,0.0,0.0,2024-25
Jamal,Lewis,DEF,40,0.1,0,0,0,0,0,0,0,0,0,0,0.0,0.0,0.0,0.0,2024-25
Tino,Livramento,DEF,46,8.9,105,2835,0,1,10,40,1,0,6,476,567.4,406.2,127.0,110.1,2024-25
Sean,Longstaff,MID,44,0.3,34,783,0,1,2,11,2,0,0,131,117.2,78.4,76.0,27.3,2024-25
Lewis,Miley,MID,50,0.0,21,304,1,0,0,4,0,0,1,88,87.4,33.5,45.0,16.7,2024-25
Odysseas,Vlachodimos,GK,42,0.1,0,0,0,0,0,0,0,0,0,0,0.0,0.0,0.0,0.0,2024-25
Nick,Pope,GK,50,6.1,102,2520,0,0,8,35,2,0,2,384,666.0,10.0,0.0,67.4,2024-25
John,Ruddy,GK,39,0.3,0,0,0,0,0,0,0,0,0,0,0.0,0.0,0.0,0.0,2024-25
Fabian,Schär,DEF,55,5.0,118,2935,4,2,11,42,9,1,4,440,743.2,111.5,346.0,119.6,2024-25
Matt,Targett,DEF,39,0.3,2,20,0,0,0,0,0,0,0,7,5.0,5.6,0.0,1.0,2024-25
Sandro,Tonali,MID,55,0.9,106,2625,4,2,11,34,5,0,10,536,539.4,496.3,299.0,133.5,2024-25
Kieran,Trippier,DEF,56,4.4,72,1299,0,3,6,18,1,0,8,287,319.4,406.8,33.0,76.1,2024-25
Joe,White,MID,45,0.1,0,0,0,0,0,0,0,0,0,0,0.0,0.0,0.0,0.0,2024-25
Joe,Willock,MID,47,0.1,46,1065,0,2,4,16,4,0,0,139,172.8,273.8,197.0,63.9,2024-25
Callum,Wilson,FWD,69,0.2,19,355,0,0,0,7,1,0,0,42,13.0,42.2,71.0,12.1,2024-25
Miodrag,Pivaš,DEF,40,0.1,0,0,0,0,0,0,0,0,0,0,0.0,0.0,0.0,0.0,2024-25
William,Osula,FWD,49,0.2,19,124,1,0,0,3,0,0,1,59,42.4,25.1,37.0,10.5,2024-25
Eddie,Howe,AM,15,2.8,97,0,0,0,0,0,0,0,0,0,0.0,0.0,0.0,0.0,2024-25
Sean,Neave,FWD,45,0.0,0,0,0,0,0,0,0,0,0,0,0.0,0.0,0.0,0.0,2024-25
Álex,Moreno Lopera,DEF,42,0.4,34,952,0,1,3,16,2,0,1,126,200.8,134.5,29.0,36.4,2024-25
Ola,Aina,DEF,53,13.0,128,2996,2,1,12,39,5,0,15,483,578.2,282.3,80.0,94.1,2024-25
Elliot,Anderson,MID,50,0.3,107,2726,2,6,13,37,10,0,8,526,638.8,605.2,308.0,155.6,2024-25
Taiwo,Awoniyi,FWD,55,0.3,32,398,1,0,1,10,0,0,0,89,67.0,40.9,118.0,21.9,2024-25
Willy,Boly,DEF,42,0.1,6,146,0,0,0,1,1,0,0,26,51.0,0.4,17.0,6.8,2024-25
Josh,Bowler,MID,45,0.0,0,0,0,0,0,0,0,0,0,0,0.0,0.0,0.0,0.0,2024-25
Carlos Miguel,dos Santos Pereira,GK,41,0.1,0,0,0,0,0,0,0,0,0,0,0.0,0.0,0.0,0.0,2024-25
Eric,da Silva Moreira,MID,43,0.1,2,28,0,0,0,0,0,0,0,9,5.2,0.3,0.0,0.6,2024-25
Danilo,dos Santos de Oliveira,MID,47,0.0,11,270,0,0,1,4,0,0,0,43,34.6,5.0,0.0,3.9,2024-25
Emmanuel,Dennis,FWD,49,0.2,0,0,0,0,0,0,0,0,0,0,0.0,0.0,0.0,0.0,2024-25
Nicolás,Domínguez,MID,48,0.0,54,1954,0,1,7,27,9,0,0,292,410.2,247.2,237.0,89.4,2024-25
Anthony,Elanga,MID,55,9.4,153,2496,6,11,12,35,1,0,15,535,627.0,785.4,582.0,199.8,2024-25
Morgan,Gibbs-White,MID,65,7.4,154,2806,7,11,13,34,9,1,18,594,680.4,793.7,632.0,210.6,2024-25
Callum,Hudson-Odoi,MID,51,1.2,103,2190,5,3,11,23,2,0,7,454,445.6,663.9,405.0,151.0,2024-25
Alex,Mighten,MID,45,0.0,0,0,0,0,0,0,0,0,0,0,0.0,0.0,0.0,0.0,2024-25
Murillo,Santiago Costa dos Santos,DEF,47,4.1,130,3188,2,0,12,44,6,0,18,541,927.2,211.2,201.0,134.0,2024-25
Neco,Williams,DEF,45,4.0,109,2588,1,3,10,31,7,0,8,435,628.4,305.3,244.0,118.0,2024-25
Omar,Richards,DEF,45,0.0,0,0,0,0,0,0,0,0,0,0,0.0,0.0,0.0,0.0,2024-25
Lewis,O'Brien,MID,50,0.0,0,0,0,0,0,0,0,0,0,0,0.0,0.0,0.0,0.0,2024-25
Andrew,Omobamidele,DEF,42,0.0,0,0,0,0,0,0,0,0,0,0,0.0,0.0,0.0,0.0,2024-25
Jonathan,Panzo,DEF,40,0.0,0,0,0,0,0,0,0,0,0,0,0.0,0.0,0.0,0.0,2024-25
Ibrahim,Sangaré,MID,43,1.2,20,584,0,1,2,6,3,0,0,107,130.6,80.3,21.0,23.2,2024-25
Matz,Sels,GK,52,19.9,150,3420,0,1,13,46,4,0,11,521,942.2,20.2,0.0,96.7,2024-25
Harry,Toffolo,DEF,42,0.1,4,135,0,0,0,2,1,0,0,18,40.2,4.1,6.0,5.1,2024-25
Hwang,Ui-jo,FWD,45,0.8,0,0,0,0,0,0,0,0,0,0,0.0,0.0,0.0,0.0,2024-25
Chris,Wood,FWD,72,30.8,200,2958,20,3,15,37,1,0,41,744,838.4,320.0,900.0,205.6,2024-25
Joe,Worrall,DEF,45,0.0,0,0,0,0,0,0,0,0,0,0,0.0,0.0,0.0,0.0,2024-25
Ryan,Yates,MID,48,0.1,67,1901,2,2,6,27,10,0,3,306,344.4,241.1,265.0,85.4,2024-25
Nikola,Milenković,DEF,52,18.0,145,3330,5,2,13,45,4,0,2,499,805.2,107.9,361.0,127.2,2024-25
João Pedro,Ferreira Silva,MID,59,0.1,52,835,3,2,1,16,5,0,0,212,221.8,182.9,239.0,64.6,2024-25
Ramón,Sosa,MID,55,0.1,25,280,1,0,1,5,1,0,0,101,87.4,103.0,104.0,29.2,2024-25
Felipe,Rodrigues da Silva,DEF,45,0.1,36,891,0,0,3,14,5,0,2,125,205.2,10.8,22.0,24.0,2024-25
Zach,Abbott,DEF,40,0.0,0,0,0,0,0,0,0,0,0,0,0.0,0.0,0.0,0.0,2024-25
Wayne,Hennessey,GK,40,0.0,0,0,0,0,0,0,0,0,0,0,0.0,0.0,0.0,0.0,2024-25
Nuno Herlander,Simões Espírito Santo,AM,11,5.0,78,0,0,0,0,0,0,0,0,0,0.0,0.0,0.0,0.0,2024-25
Aaron,Ramsdale,GK,44,1.3,97,2700,0,0,3,66,2,0,11,315,980.6,0.1,0.0,98.3,2024-25
Cameron,Archer,FWD,48,1.1,57,1421,2,0,2,34,0,0,4,145,125.2,102.5,376.0,60.0,2024-25
Lesley,Ugochukwu,MID,44,0.3,47,1652,1,1,1,39,7,0,3,209,265.0,211.9,84.0,55.9,2024-25
Ryan,Fraser,MID,48,0.0,7,303,0,0,0,12,0,1,0,31,35.8,26.8,13.0,6.7,2024-25
Samuel,Amo-Ameyaw,MID,44,0.1,1,26,0,0,0,0,1,0,0,1,4.0,16.1,6.0,2.6,2024-25
Joe,Aribo,MID,49,0.1,72,2007,3,0,1,56,1,0,7,394,386.2,293.0,242.0,92.3,2024-25
Adam,Armstrong,FWD,51,0.5,45,1246,2,3,2,35,4,0,2,145,154.4,143.7,262.0,56.0,2024-25
Gavin,Bazunu,GK,43,0.1,0,0,0,0,0,0,0,0,0,0,0.0,0.0,0.0,0.0,2024-25
Jan,Bednarek,DEF,40,1.9,60,2531,2,0,3,57,7,0,3,283,770.6,78.3,71.0,91.9,2024-25
Armel,Bella-Kotchap,DEF,39,0.4,2,329,0,0,0,13,0,0,0,7,64.6,2.3,4.0,7.0,2024-25
James,Bree,DEF,39,0.3,23,1070,0,1,1,31,0,0,0,95,187.4,159.4,43.0,39.0,2024-25
Shea,Charles,MID,45,0.0,0,0,0,0,0,0,0,0,0,0,0.0,0.0,0.0,0.0,2024-25
Samuel,Edozie,MID,49,0.0,1,64,0,0,0,0,1,0,0,6,9.8,19.0,22.0,5.1,2024-25
Ronnie,Edwards,DEF,39,0.2,1,12,0,0,0,1,0,0,0,-1,5.0,0.1,0.0,0.5,2024-25
Taylor,Harwood-Bellis,DEF,39,4.1,55,2824,1,0,3,65,9,0,2,268,727.0,218.3,252.0,119.9,2024-25
Kamaldeen,Sulemana,MID,50,0.0,53,1394,1,2,3,36,2,0,2,163,187.2,182.4,290.0,65.7,2024-25
Adam,Lallana,MID,50,0.0,17,352,0,2,0,8,4,0,1,74,81.2,82.4,21.0,18.4,2024-25
Juan,Larios López,DEF,39,0.1,0,0,0,0,0,0,0,0,0,0,0.0,0.0,0.0,0.0,2024-25
Mateusz,Lis,GK,40,0.1,0,0,0,0,0,0,0,0,0,0,0.0,0.0,0.0,0.0,2024-25
Joe,Lumley,GK,40,0.4,8,270,0,0,0,7,0,0,0,22,102.2,0.0,0.0,10.2,2024-25
Ryan,Manning,DEF,43,0.1,34,1458,0,2,1,35,2,0,0,162,307.4,498.3,71.0,87.6,2024-25
Sékou,Mara,FWD,50,0.0,0,0,0,0,0,0,0,0,0,0,0.0,0.0,0.0,0.0,2024-25
Alex,McCarthy,GK,42,0.1,12,450,0,0,0,13,0,0,0,32,166.4,0.0,0.0,16.7,2024-25
Paul,Onuachu,FWD,49,0.3,51,1038,4,1,1,26,4,0,4,151,219.8,127.3,479.0,81.7,2024-25
Will,Smallbone,MID,50,0.0,26,679,1,0,0,22,1,0,0,119,112.6,163.3,64.0,33.9,2024-25
Jack,Stephens,DEF,40,0.3,31,1389,1,0,2,31,2,2,2,112,291.8,71.6,51.0,41.5,2024-25
Ross,Stewart,FWD,44,1.7,20,382,1,0,1,9,1,0,3,59,54.4,15.4,96.0,16.3,2024-25
Sugawara,Yukinari,DEF,42,0.1,43,1548,1,1,2,46,4,0,0,116,315.4,291.3,137.0,74.2,2024-25
Charlie,Taylor,DEF,39,3.0,6,353,0,0,0,12,1,0,0,26,102.0,27.8,4.0,13.5,2024-25
Kyle,Walker-Peters,DEF,42,0.3,54,2918,0,3,2,77,5,0,3,240,503.8,406.8,237.0,114.4,2024-25
Nathan,Wood-Gordon,DEF,39,1.0,14,771,0,0,1,20,2,0,2,54,137.8,20.3,16.0,17.6,2024-25
Maxwel,Cornet,MID,47,0.0,1,71,0,0,0,4,1,0,0,12,11.6,3.5,7.0,2.2,2024-25
Flynn,Downes,MID,47,0.0,48,2149,1,0,4,49,12,0,0,312,297.6,292.2,118.0,71.0,2024-25
Ben,Brereton Díaz,MID,48,0.1,13,446,0,0,0,10,1,0,0,43,21.8,63.6,81.0,16.8,2024-25
Tyler,Dibling,MID,43,1.4,68,1863,2,2,3,50,6,0,4,247,261.0,344.5,264.0,87.0,2024-25
Mateus Gonçalo,Espanha Fernandes,MID,50,0.1,95,2911,2,4,5,66,8,0,8,513,553.4,649.5,372.0,157.8,2024-25
Joseph,O'Brien-Whitmarsh,MID,45,0.0,0,0,0,0,0,0,0,0,0,0,0.0,0.0,0.0,0.0,2024-25
Welington Damascena,Santos,DEF,40,0.0,14,478,0,0,1,10,1,0,0,53,120.2,58.4,11.0,19.0,2024-25
Joachim,Kayi-Sanda,DEF,40,0.0,2,12,0,0,0,1,0,0,0,3,3.2,0.3,2.0,0.6,2024-25
Albert,Grønbæk,MID,49,0.0,6,141,0,0,0,3,0,0,0,13,15.8,11.4,9.0,3.7,2024-25
Simon,Rusk,AM,5,0.1,38,0,0,0,0,0,0,0,0,0,0.0,0.0,0.0,0.0,2024-25
Jay,Robinson,FWD,44,0.0,5,134,0,0,0,2,0,0,0,19,21.8,34.4,29.0,8.6,2024-25
Jayden,Moore,DEF,40,0.0,0,0,0,0,0,0,0,0,0,0,0.0,0.0,0.0,0.0,2024-25
Dominic,Solanke-Mitchell,FWD,73,4.7,108,2199,9,5,4,43,0,0,7,404,505.8,199.8,729.0,142.1,2024-25
Ashley,Phillips,DEF,40,0.1,0,0,0,0,0,0,0,0,0,0,0.0,0.0,0.0,0.0,2024-25
Brandon,Austin,GK,40,0.4,1,90,0,0,0,2,0,0,0,7,20.0,0.0,0.0,2.0,2024-25
Rodrigo,Bentancur,MID,49,0.1,49,1640,2,0,3,26,9,0,1,293,324.6,208.5,165.0,70.2,2024-25
Lucas,Bergvall,MID,44,0.8,44,1200,0,2,3,25,3,0,0,216,237.2,218.7,97.0,55.0,2024-25
Yves,Bissouma,MID,48,0.2,50,1396,2,0,3,28,7,0,4,258,283.8,133.8,59.0,48.0,2024-25
Bryan,Gil Salvatierra,MID,50,0.0,0,0,0,0,0,0,0,0,0,0,0.0,0.0,0.0,0.0,2024-25
Ben,Davies,DEF,43,0.2,28,1329,0,0,3,26,5,0,0,154,343.6,42.1,49.0,43.7,2024-25
Alfie,Devine,MID,45,0.0,0,0,0,0,0,0,0,0,0,0,0.0,0.0,0.0,0.0,2024-25
Radu,Drăgușin,DEF,43,0.1,24,1250,0,0,2,29,1,0,0,96,256.4,58.1,47.0,36.2,2024-25
Emerson,Leite de Souza Junior,DEF,45,0.0,0,0,0,0,0,0,0,0,0,0,0.0,0.0,0.0,0.0,2024-25
Fraser,Forster,GK,43,0.3,19,630,0,0,1,15,0,0,0,64,221.0,0.0,0.0,22.2,2024-25
Archie,Gray,MID,46,0.2,45,1750,0,0,2,41,1,0,0,253,254.6,71.4,15.0,34.3,2024-25
Pierre-Emile,Højbjerg,MID,50,0.0,0,0,0,0,0,0,0,0,0,0,0.0,0.0,0.0,0.0,2024-25
Brennan,Johnson,MID,62,2.3,137,2171,11,6,2,38,5,0,13,461,559.6,295.0,761.0,161.0,2024-25
Dejan,Kulusevski,MID,62,2.2,117,2386,7,4,6,41,3,0,9,426,613.6,843.8,733.0,218.7,2024-25
Giovani,Lo Celso,MID,49,0.0,0,0,0,0,0,0,0,0,0,0,0.0,0.0,0.0,0.0,2024-25
James,Maddison,MID,74,3.8,133,1799,9,8,6,32,6,0,15,592,683.4,702.3,495.0,187.8,2024-25
Pedro,Porro,DEF,52,16.5,98,2606,2,6,6,47,5,0,6,456,778.4,932.9,200.0,191.2,2024-25
Sergio,Reguilón,DEF,41,0.2,2,194,0,0,0,3,2,0,0,20,33.4,25.2,13.0,7.2,2024-25
Richarlison,de Andrade,FWD,68,0.4,35,497,4,1,1,9,2,0,0,138,180.8,57.1,243.0,47.4,2024-25
Cristian,Romero,DEF,49,3.5,49,1416,1,1,3,22,3,0,3,245,343.2,113.1,232.0,69.0,2024-25
Pape Matar,Sarr,MID,47,0.2,71,1901,3,2,2,38,6,0,4,365,398.4,257.2,220.0,87.2,2024-25
Dane,Scarlett,FWD,44,0.7,6,31,0,1,0,1,0,0,0,20,24.4,11.0,17.0,5.2,2024-25
Manor,Solomon,MID,54,0.0,0,0,0,0,0,0,0,0,0,0,0.0,0.0,0.0,0.0,2024-25
Son,Heung-min,MID,97,4.1,129,2106,7,10,4,35,1,0,12,543,629.6,734.9,707.0,207.2,2024-25
Djed,Spence,DEF,44,0.7,51,1790,1,2,3,39,2,1,6,216,433.0,226.6,100.0,76.1,2024-25
Destiny,Udogie,DEF,48,1.5,43,1923,0,1,2,35,2,0,0,233,354.8,256.5,132.0,74.5,2024-25
Micky,van de Ven,DEF,45,2.4,32,1014,0,2,2,17,4,0,2,139,212.0,39.4,57.0,30.9,2024-25
Alejo,Véliz,FWD,50,0.0,0,0,0,0,0,0,0,0,0,0,0.0,0.0,0.0,0.0,2024-25
Guglielmo,Vicario,GK,48,1.8,66,2160,0,0,4,37,1,0,2,293,587.8,0.0,0.0,58.5,2024-25
Timo,Werner,MID,62,0.1,34,504,0,3,1,12,0,0,2,120,114.6,148.0,113.0,37.1,2024-25
Alfie,Whiteman,GK,39,1.7,0,0,0,0,0,0,0,0,0,0,0.0,0.0,0.0,0.0,2024-25
Will,Lankshear,FWD,45,1.0,3,10,0,0,0,0,0,0,0,7,0.0,0.0,0.0,0.0,2024-25
Mikey,Moore,MID,45,0.2,19,359,0,2,0,5,0,0,0,51,33.2,45.2,34.0,11.0,2024-25
Wilson,Odobert,MID,53,0.0,34,843,1,0,1,20,0,0,3,92,101.2,108.6,156.0,36.7,2024-25
Callum,Olusesi,MID,45,0.0,0,0,0,0,0,0,0,0,0,0,0.0,0.0,0.0,0.0,2024-25
Malachi,Hardy,DEF,40,0.0,0,0,0,0,0,0,0,0,0,0,0.0,0.0,0.0,0.0,2024-25
Luca,Williams-Barnett,MID,45,0.0,0,0,0,0,0,0,0,0,0,0,0.0,0.0,0.0,0.0,2024-25
Alfie,Dorrington,DEF,40,0.0,1,13,0,0,0,0,0,0,0,4,1.0,0.2,0.0,0.1,2024-25
Maeson,King,DEF,40,0.0,0,0,0,0,0,0,0,0,0,0,0.0,0.0,0.0,0.0,2024-25
Antonín,Kinsky,GK,41,0.1,17,540,0,0,1,11,0,0,0,86,208.2,10.1,0.0,21.7,2024-25
Min-Hyeok,Yang,MID,45,0.0,0,0,0,0,0,0,0,0,0,0,0.0,0.0,0.0,0.0,2024-25
Damola,Ajayi,MID,45,0.0,0,0,0,0,0,0,0,0,0,0,0.0,0.0,0.0,0.0,2024-25
Ange,Postecoglou,AM,11,1.3,58,0,0,0,0,0,0,0,0,0,0.0,0.0,0.0,0.0,2024-25
Dante,Cassanova,DEF,40,0.0,0,0,0,0,0,0,0,0,0,0,0.0,0.0,0.0,0.0,2024-25
Kevin,Danso,DEF,44,0.0,16,842,0,0,1,18,0,0,0,104,242.0,34.4,72.0,34.9,2024-25
Mathys,Tel,MID,58,0.1,42,908,2,2,2,20,2,0,2,151,183.8,208.3,236.0,62.3,2024-25
Evan,Ferguson,FWD,55,0.3,28,385,1,0,1,9,0,0,2,97,80.0,68.5,104.0,25.0,2024-25
Aaron,Wan-Bissaka,DEF,45,6.4,118,3154,2,6,6,59,1,0,15,496,807.4,531.5,188.0,152.7,2024-25
Edson,Álvarez Velázquez,MID,50,0.1,40,1769,0,1,3,31,7,1,0,221,281.8,213.9,51.0,54.7,2024-25
Michail,Antonio,FWD,52,0.8,42,834,1,4,4,18,1,0,3,111,72.0,139.5,194.0,39.5,2024-25
Alphonse,Areola,GK,42,7.2,69,2259,0,0,4,41,0,0,1,261,619.8,0.0,0.0,62.1,2024-25
Jarrod,Bowen,MID,79,18.0,193,2974,13,11,8,50,1,0,21,678,903.0,737.8,1081.0,271.9,2024-25
Vladimír,Coufal,DEF,41,0.4,27,1056,0,0,2,21,5,0,1,89,204.0,142.0,70.0,41.3,2024-25
Aaron,Cresswell,DEF,39,1.7,36,818,0,0,3,8,3,0,3,159,148.4,152.3,14.0,31.4,2024-25
George,Earthy,MID,45,0.0,0,0,0,0,0,0,0,0,0,0,0.0,0.0,0.0,0.0,2024-25
Emerson,Palmieri dos Santos,DEF,44,0.6,76,2108,2,1,5,41,5,0,4,219,420.4,310.9,173.0,90.4,2024-25
Łukasz,Fabiański,GK,39,10.0,39,1160,0,0,2,21,2,0,2,143,387.8,0.3,0.0,38.7,2024-25
Wes,Foderingham,GK,42,0.1,0,0,0,0,0,0,0,0,0,0,0.0,0.0,0.0,0.0,2024-25
Danny,Ings,FWD,48,1.2,32,270,1,3,0,4,0,0,4,110,97.0,76.5,159.0,33.4,2024-25
Max,Kilman,DEF,43,1.3,82,3348,0,1,6,62,5,0,5,395,832.6,203.3,149.0,118.8,2024-25
Mohammed,Kudus,MID,62,2.6,106,2589,5,4,7,46,2,1,5,373,471.6,552.5,752.0,177.5,2024-25
Luis Guilherme,Lira dos Santos,MID,46,0.0,12,139,0,0,0,5,0,0,0,47,27.6,49.1,32.0,10.8,2024-25
Lucas,Tolentino Coelho de Lima,MID,57,0.9,80,2374,4,1,4,50,10,0,5,375,433.2,627.7,267.0,132.6,2024-25
Konstantinos,Mavropanos,DEF,43,0.1,45,2035,0,0,2,39,4,1,4,234,497.0,74.9,160.0,73.2,2024-25
Nayef,Aguerd,DEF,44,0.0,0,0,0,0,0,0,0,0,0,0,0.0,0.0,0.0,0.0,2024-25
Tomáš,Souček,MID,48,1.5,126,2563,9,2,7,44,8,0,15,442,672.6,231.8,643.0,154.0,2024-25
James,Ward-Prowse,MID,61,0.5,51,1433,1,2,5,18,2,1,2,293,282.4,378.3,138.0,80.0,2024-25
Kurt,Zouma,DEF,44,0.1,0,0,0,0,0,0,0,0,0,0,0.0,0.0,0.0,0.0,2024-25
Andy,Irving,MID,47,0.0,9,161,0,0,0,4,2,0,0,38,37.6,26.5,17.0,8.1,2024-25
Crysencio,Summerville,MID,55,0.3,33,776,1,1,2,20,2,0,2,129,156.4,246.1,186.0,58.7,2024-25
Guido,Rodríguez,MID,48,0.1,36,1147,0,1,4,19,6,0,0,193,205.4,79.7,29.0,31.5,2024-25
Niclas,Füllkrug,FWD,67,0.9,42,783,3,2,2,18,2,0,3,152,187.2,173.3,221.0,56.8,2024-25
Jean-Clair,Todibo,DEF,42,0.3,54,1824,0,0,5,33,3,0,1,233,373.0,37.1,35.0,44.5,2024-25
Kaelan,Casey,DEF,40,0.2,1,1,0,0,0,0,0,0,0,3,2.0,0.0,0.0,0.2,2024-25
Carlos,Soler,MID,50,0.0,47,1394,1,1,2,25,6,0,2,216,189.0,295.8,186.0,67.2,2024-25
Ollie,Scarles,DEF,40,0.1,29,659,0,0,2,9,1,0,2,98,106.4,54.3,24.0,18.6,2024-25
Ezra,Mayers,DEF,40,0.0,0,0,0,0,0,0,0,0,0,0,0.0,0.0,0.0,0.0,2024-25
Lewis,Orford,MID,45,0.0,2,47,0,0,0,1,0,0,0,13,6.4,27.6,6.0,4.0,2024-25
Graham,Potter,AM,5,2.6,84,0,0,0,0,0,0,0,0,0,0.0,0.0,0.0,0.0,2024-25
Sam,Johnstone,GK,41,0.2,12,630,0,0,0,17,0,0,0,42,193.8,10.0,0.0,20.4,2024-25
Rayan,Aït-Nouri,DEF,51,15.0,125,3112,4,7,7,67,5,1,13,447,778.4,694.3,435.0,191.0,2024-25
Boubacar,Traoré,MID,48,0.0,1,1,0,0,0,0,0,0,0,3,4.0,0.0,0.0,0.4,2024-25
Jean-Ricner,Bellegarde,MID,49,0.2,90,1666,2,7,6,31,3,0,5,332,355.6,422.8,200.0,97.2,2024-25
Daniel,Bentley,GK,39,1.7,9,180,0,0,1,4,0,0,1,29,60.0,0.0,0.0,6.0,2024-25
Francisco Jorge,Tomás Oliveira,MID,45,0.1,1,6,0,0,0,0,0,0,0,4,3.0,14.3,2.0,1.9,2024-25
Tawanda,Chirewa,MID,45,0.0,0,0,0,0,0,0,0,0,0,0,0.0,0.0,0.0,0.0,2024-25
Leon,Chiwome,FWD,44,1.1,0,0,0,0,0,0,0,0,0,0,0.0,0.0,0.0,0.0,2024-25
Luke,Cundle,MID,45,0.1,0,0,0,0,0,0,0,0,0,0,0.0,0.0,0.0,0.0,2024-25
Matheus,Santos Carneiro Da Cunha,FWD,70,13.6,178,2596,15,7,7,54,4,0,41,838,936.2,847.8,940.0,272.2,2024-25
Craig,Dawson,DEF,42,0.1,17,969,0,1,1,25,2,0,1,57,204.2,31.3,55.0,29.1,2024-25
Matt,Doherty,DEF,43,0.3,75,2105,2,1,6,38,6,0,4,307,502.2,179.9,135.0,81.8,2024-25
Tommy,Doyle,MID,47,0.0,28,474,0,1,0,10,1,0,0,128,114.6,101.7,34.0,25.3,2024-25
Fábio,Silva,FWD,50,0.1,0,0,0,0,0,0,0,0,0,0,0.0,0.0,0.0,0.0,2024-25
Nathan,Fraser,FWD,45,1.0,0,0,0,0,0,0,0,0,0,0,0.0,0.0,0.0,0.0,2024-25
Enso,González,MID,44,0.0,0,0,0,0,0,0,0,0,0,0,0.0,0.0,0.0,0.0,2024-25
Gonçalo Manuel,Ganchinho Guedes,MID,53,0.1,62,979,2,4,3,25,1,0,2,187,215.8,213.9,217.0,64.0,2024-25
Hugo,Bueno López,DEF,45,0.0,0,0,0,0,0,0,0,0,0,0,0.0,0.0,0.0,0.0,2024-25
Hwang,Hee-chan,MID,61,0.2,37,646,2,1,0,19,0,0,0,130,111.6,72.7,84.0,26.7,2024-25
Joe,Hodge,MID,45,0.2,0,0,0,0,0,0,0,0,0,0,0.0,0.0,0.0,0.0,2024-25
Ki-Jana,Hoever,DEF,40,0.1,0,0,0,0,0,0,0,0,0,0,0.0,0.0,0.0,0.0,2024-25
João Victor,Gomes da Silva,MID,49,0.2,87,2975,3,1,6,59,9,1,7,489,513.4,428.9,231.0,117.3,2024-25
José,Malheiro de Sá,GK,44,2.8,93,2610,0,0,7,48,2,0,4,305,603.4,30.0,0.0,63.4,2024-25
Saša,Kalajdžić,FWD,48,0.0,0,0,0,0,0,0,0,0,0,0,0.0,0.0,0.0,0.0,2024-25
Tom,King,GK,39,1.2,1,1,0,0,0,0,0,0,0,3,0.0,0.0,0.0,0.0,2024-25
Mario,Lemina,MID,48,0.1,47,1363,1,3,1,39,4,0,5,252,356.8,166.7,120.0,64.4,2024-25
Yerson,Mosquera,DEF,38,0.7,3,441,0,0,0,12,2,0,0,24,110.2,27.3,21.0,16.0,2024-25
Nélson,Cabral Semedo,DEF,45,0.6,84,2889,0,4,8,49,8,0,0,302,504.6,404.9,149.0,106.0,2024-25
Pedro,Cardoso de Lima,DEF,39,1.2,2,69,0,0,0,2,0,0,0,9,23.4,34.8,11.0,6.9,2024-25
Daniel,Castelo Podence,MID,55,0.0,2,46,0,0,0,2,0,0,0,9,3.0,1.1,1.0,0.4,2024-25
Rodrigo,Martins Gomes,MID,51,0.1,42,794,2,0,1,20,0,0,0,183,186.6,180.2,113.0,47.6,2024-25
Santiago,Bueno,DEF,43,0.1,52,1678,0,0,5,34,2,0,2,174,345.4,15.8,80.0,44.2,2024-25
Pablo,Sarabia,MID,50,0.1,50,800,3,2,1,17,3,0,3,175,217.6,245.9,177.0,63.8,2024-25
Jørgen,Strand Larsen,FWD,52,2.6,145,2587,14,4,7,52,4,0,17,570,646.8,303.4,848.0,179.5,2024-25
Toti António,Gomes,DEF,43,0.3,79,2613,0,1,8,45,7,0,8,370,617.2,144.2,102.0,86.5,2024-25
Bastien,Meupiyou,DEF,39,0.2,0,0,0,0,0,0,0,0,0,0,0.0,0.0,0.0,0.0,2024-25
André,Trindade da Costa Neto,MID,50,0.0,61,2472,0,0,7,46,7,0,1,436,383.2,285.5,30.0,69.7,2024-25
Carlos Roberto,Forbs Borges,MID,54,0.0,9,236,0,0,0,9,2,0,0,35,25.8,24.2,35.0,8.3,2024-25
Alfie,Pond,DEF,39,0.7,1,1,0,0,0,0,0,0,0,3,0.0,0.0,0.0,0.0,2024-25
Tom,Edozie,MID,45,0.0,0,0,0,0,0,0,0,0,0,0,0.0,0.0,0.0,0.0,2024-25
Wes,Okoduwa,DEF,40,0.0,0,0,0,0,0,0,0,0,0,0,0.0,0.0,0.0,0.0,2024-25
Emmanuel,Agbadou,DEF,40,0.4,45,1410,1,0,4,22,3,0,1,223,395.2,57.3,67.0,52.0,2024-25
Vítor Manuel,de Oliveira Lopes Pereira,AM,8,2.3,111,0,0,0,0,0,0,0,0,0,0.0,0.0,0.0,0.0,2024-25
Nasser,Djiga,DEF,45,0.0,4,65,0,0,0,2,0,0,0,11,5.6,2.1,0.0,0.8,2024-25
Marshall,Munetsi,MID,50,0.1,50,1077,2,2,5,11,0,0,4,134,176.8,132.9,212.0,52.3,2024-25
Mateus,Mané,FWD,45,0.1,1,1,0,0,0,0,0,0,0,3,0.0,0.3,0.0,0.0,2024-25
David,Raya Martín,GK,62,36.4,162,3330,0,0,19,26,1,0,11,633,541.6,33.5,0.0,57.5,2025-26
Kepa,Arrizabalaga Revuelta,GK,40,0.4,2,90,0,0,0,1,0,0,0,11,19.8,0.0,0.0,2.0,2025-26
Karl,Hein,GK,40,0.2,0,0,0,0,0,0,0,0,0,0,0.0,0.0,0.0,0.0,2025-26
Tommy,Setford,GK,39,0.2,0,0,0,0,0,0,0,0,0,0,0.0,0.0,0.0,0.0,2025-26
Gabriel,dos Santos Magalhães,DEF,73,45.4,209,2750,3,5,18,20,4,0,30,724,824.0,128.5,298.0,125.0,2025-26
William,Saliba,DEF,63,17.1,137,2614,1,0,15,20,2,0,12,581,552.6,201.0,90.0,84.3,2025-26
Riccardo,Calafiori,DEF,56,6.0,109,1697,1,2,13,8,5,0,6,389,283.0,182.3,313.0,77.9,2025-26
Jurriën,Timber,DEF,60,15.2,149,2452,3,6,13,20,5,0,9,532,499.0,402.6,352.0,125.7,2025-26
Jakub,Kiwior,DEF,54,0.0,0,0,0,0,0,0,0,0,0,0,0.0,0.0,0.0,0.0,2025-26
Myles,Lewis-Skelly,DEF,50,1.9,29,697,0,0,2,8,3,0,0,110,73.2,74.6,29.0,17.6,2025-26
Benjamin,White,DEF,51,0.5,45,699,0,1,5,6,0,0,3,181,154.8,133.4,54.0,34.3,2025-26
Brayden,Clarke,DEF,37,0.5,0,0,0,0,0,0,0,0,0,0,0.0,0.0,0.0,0.0,2025-26
Maldini,Kacurri,DEF,39,0.1,0,0,0,0,0,0,0,0,0,0,0.0,0.0,0.0,0.0,2025-26
Josh,Nichols,DEF,37,0.2,0,0,0,0,0,0,0,0,0,0,0.0,0.0,0.0,0.0,2025-26
Bukayo,Saka,MID,100,11.6,157,2218,7,10,12,16,2,0,18,570,627.0,847.6,828.0,230.6,2025-26
Martin,Ødegaard,MID,78,1.7,74,1363,1,7,6,13,0,0,5,306,311.8,564.4,168.0,104.4,2025-26
Noni,Madueke,MID,68,0.8,72,1205,3,1,8,9,0,0,9,254,257.4,352.8,404.0,101.3,2025-26
Gabriel,Martinelli Silva,MID,68,0.9,57,1065,1,5,2,8,3,0,3,195,204.6,202.2,390.0,79.0,2025-26
Leandro,Trossard,MID,66,1.8,119,1997,6,6,11,15,2,0,11,445,494.0,545.5,541.0,158.3,2025-26
Declan,Rice,MID,72,23.3,184,3093,4,9,18,25,3,0,23,790,827.2,1027.4,298.0,215.4,2025-26
Mikel,Merino Zazón,MID,53,0.7,67,1024,4,3,4,10,1,0,5,236,304.4,191.8,244.0,73.6,2025-26
Fábio,Ferreira Vieira,MID,54,0.0,0,0,0,0,0,0,0,0,0,0,0.0,0.0,0.0,0.0,2025-26
Christian,Nørgaard,MID,51,0.1,7,101,0,0,0,1,0,0,0,28,23.4,5.5,10.0,4.0,2025-26
Ethan,Nwaneri,MID,50,0.1,8,165,0,0,1,0,0,0,0,20,8.6,22.5,24.0,5.4,2025-26
Martín,Zubimendi Ibáñez,MID,49,2.7,133,2991,5,1,16,25,4,0,9,604,603.2,385.1,271.0,126.2,2025-26
Ismeal,Kabia,MID,45,0.1,0,0,0,0,0,0,0,0,0,0,0.0,0.0,0.0,0.0,2025-26
Albert,Sambi Lokonga,MID,45,0.0,0,0,0,0,0,0,0,0,0,0,0.0,0.0,0.0,0.0,2025-26
Kai,Havertz,FWD,73,0.7,36,577,2,3,4,4,1,0,3,143,152.6,134.6,210.0,49.9,2025-26
Gabriel,Fernando de Jesus,FWD,64,0.4,24,418,3,0,1,6,3,0,0,92,141.8,54.3,281.0,47.5,2025-26
Eberechi,Eze,MID,73,8.7,113,1885,7,3,11,14,1,0,8,439,393.4,305.7,455.0,115.1,2025-26
Cristhian,Mosquera,DEF,53,0.3,40,986,0,0,3,8,4,0,1,195,219.2,88.7,20.0,32.9,2025-26
Viktor,Gyökeres,FWD,91,16.4,128,2217,14,1,12,14,5,0,16,474,539.6,271.7,772.0,157.5,2025-26
Max,Dowman,MID,42,0.9,16,152,1,1,1,1,0,0,0,51,45.2,55.5,65.0,16.6,2025-26
Andre,Harriman-Annous,MID,44,0.0,0,0,0,0,0,0,0,0,0,0,0.0,0.0,0.0,0.0,2025-26
Piero,Hincapié,DEF,51,0.9,87,1787,1,2,5,19,2,0,7,335,453.6,184.7,72.0,70.9,2025-26
Marli,Salmon,DEF,40,0.0,0,0,0,0,0,0,0,0,0,0,0.0,0.0,0.0,0.0,2025-26
Emiliano,Martínez Romero,GK,50,4.4,120,2835,0,1,7,39,2,0,11,530,769.8,23.2,0.0,79.2,2025-26
Marco,Bizot,GK,42,0.4,16,585,0,0,1,10,2,0,0,75,139.2,0.0,0.0,13.9,2025-26
Joe,Gauci,GK,40,0.1,0,0,0,0,0,0,0,0,0,0,0.0,0.0,0.0,0.0,2025-26
Filip,Marschall,GK,40,0.0,0,0,0,0,0,0,0,0,0,0,0.0,0.0,0.0,0.0,2025-26
Matty,Cash,DEF,46,7.4,117,3016,3,3,8,38,9,0,7,450,643.0,510.7,221.0,137.5,2025-26
Lucas,Digne,DEF,45,1.5,97,1842,0,7,7,23,3,0,5,381,400.2,455.5,130.0,98.5,2025-26
Ezri,Konsa Ngoyo,DEF,44,7.0,100,3035,0,1,9,44,0,1,3,497,601.4,108.3,124.0,84.0,2025-26
Ian,Maatsen,DEF,42,0.5,54,1590,0,1,2,27,2,0,1,242,336.6,373.4,231.0,94.3,2025-26
Tyrone,Mings,DEF,43,0.6,50,1322,0,1,3,23,1,0,4,169,282.6,80.5,105.0,46.8,2025-26
Pau,Torres,DEF,43,0.3,64,1673,0,2,5,19,1,0,2,280,321.8,47.1,79.0,45.1,2025-26
Andrés,García,DEF,39,0.2,5,83,0,0,0,3,0,0,0,12,17.8,3.2,2.0,2.3,2025-26
Álex,Moreno Lopera,DEF,40,1.5,0,0,0,0,0,0,0,0,0,0,0.0,0.0,0.0,0.0,2025-26
Lamare,Bogarde,DEF,40,0.5,40,1042,0,0,2,17,5,0,4,121,133.0,59.4,14.0,20.6,2025-26
Lino,da Cruz Sousa,DEF,38,0.2,0,0,0,0,0,0,0,0,0,0,0.0,0.0,0.0,0.0,2025-26
Yasin,Özcan,DEF,40,0.1,0,0,0,0,0,0,0,0,0,0,0.0,0.0,0.0,0.0,2025-26
Morgan,Rogers,MID,73,20.2,169,3280,10,8,9,48,7,0,17,605,746.2,706.2,871.0,232.0,2025-26
Youri,Tielemans,MID,59,0.7,68,1857,0,4,4,27,0,0,3,417,432.0,513.6,184.0,113.1,2025-26
Leon,Bailey,MID,55,0.1,21,450,0,2,0,9,1,0,0,69,71.2,160.4,69.0,30.1,2025-26
Emiliano,Buendía Stati,MID,53,0.4,102,1753,6,2,3,24,6,0,10,382,427.0,402.1,398.0,121.4,2025-26
Samuel,Iling-Junior,MID,55,0.0,0,0,0,0,0,0,0,0,0,0,0.0,0.0,0.0,0.0,2025-26
Donyell,Malen,MID,51,0.4,55,640,4,2,1,10,0,0,3,161,183.4,99.7,290.0,56.3,2025-26
John,McGinn,MID,53,0.7,103,2136,5,4,8,28,5,0,6,443,459.8,605.3,309.0,137.3,2025-26
Ross,Barkley,MID,48,0.1,56,844,3,2,1,15,1,0,5,221,227.8,162.3,191.0,58.1,2025-26
Enzo,Barrenechea,MID,50,0.0,0,0,0,0,0,0,0,0,0,0,0.0,0.0,0.0,0.0,2025-26
Lewis,Dobbin,MID,50,0.0,0,0,0,0,0,0,0,0,0,0,0.0,0.0,0.0,0.0,2025-26
Boubacar,Kamara,MID,49,0.2,61,1410,1,3,5,15,5,0,7,282,325.0,241.3,75.0,64.2,2025-26
Amadou,Onana,MID,48,0.6,76,1755,2,0,6,26,3,0,4,353,413.2,152.6,178.0,74.4,2025-26
Ben,Broggio,MID,44,0.2,0,0,0,0,0,0,0,0,0,0,0.0,0.0,0.0,0.0,2025-26
Leander,Dendoncker,MID,45,0.1,0,0,0,0,0,0,0,0,0,0,0.0,0.0,0.0,0.0,2025-26
Jamaldeen,Jimoh-Aloba,MID,45,0.1,1,8,0,0,0,0,0,0,0,3,0.2,0.3,0.0,0.1,2025-26
Kadan,Young,MID,43,0.5,0,0,0,0,0,0,0,0,0,0,0.0,0.0,0.0,0.0,2025-26
Ollie,Watkins,FWD,87,13.0,167,2833,16,4,9,38,4,0,26,623,720.2,330.9,1206.0,225.2,2025-26
Zépiqueno,Redmond,FWD,45,0.3,0,0,0,0,0,0,0,0,0,0,0.0,0.0,0.0,0.0,2025-26
Harvey,Elliott,MID,51,0.2,5,110,0,0,0,2,0,0,0,17,11.8,31.7,31.0,7.4,2025-26
Jadon,Sancho,MID,58,0.2,37,863,0,2,2,10,0,0,0,141,130.2,290.6,193.0,61.6,2025-26
James,Wright,GK,39,0.6,0,0,0,0,0,0,0,0,0,0,0.0,0.0,0.0,0.0,2025-26
Douglas Luiz,Soares de Paulo,MID,49,0.1,35,913,1,1,1,15,3,0,0,220,201.6,294.3,94.0,59.1,2025-26
Triston,Rowe,DEF,40,0.1,0,0,0,0,0,0,0,0,0,0,0.0,0.0,0.0,0.0,2025-26
Bradley,Burrowes,MID,43,0.1,1,16,0,0,0,1,0,0,0,3,0.0,0.3,0.0,0.0,2025-26
Sam,Proctor,GK,39,0.6,0,0,0,0,0,0,0,0,0,0,0.0,0.0,0.0,0.0,2025-26
Travis,Patterson,DEF,39,0.2,0,0,0,0,0,0,0,0,0,0,0.0,0.0,0.0,0.0,2025-26
Victor,Lindelöf,DEF,45,0.1,29,942,0,1,1,15,0,0,0,124,167.8,36.6,22.0,22.7,2025-26
George,Hemmings,MID,45,0.0,2,25,0,0,0,0,0,0,0,5,0.0,1.7,2.0,0.3,2025-26
Ronnie,Hollingshead,GK,40,0.0,0,0,0,0,0,0,0,0,0,0,0.0,0.0,0.0,0.0,2025-26
Leon,Routh,DEF,40,0.0,0,0,0,0,0,0,0,0,0,0,0.0,0.0,0.0,0.0,2025-26
TJ,Carroll,DEF,40,0.0,0,0,0,0,0,0,0,0,0,0,0.0,0.0,0.0,0.0,2025-26
Alysson Edward Franco,da Rocha dos Santos,MID,50,0.0,3,47,0,0,0,2,0,0,0,11,3.2,3.5,10.0,1.5,2025-26
Tammy,Abraham,FWD,57,0.2,23,278,2,0,0,8,0,0,2,93,87.2,49.2,136.0,27.1,2025-26
Max,Weiß,GK,42,0.2,7,270,0,0,0,4,0,0,0,39,76.8,10.0,0.0,8.7,2025-26
Etienne,Green,GK,40,0.2,0,0,0,0,0,0,0,0,0,0,0.0,0.0,0.0,0.0,2025-26
Václav,Hladký,GK,39,0.1,0,0,0,0,0,0,0,0,0,0,0.0,0.0,0.0,0.0,2025-26
Connor,Roberts,DEF,43,0.0,0,0,0,0,0,0,0,0,0,0,0.0,0.0,0.0,0.0,2025-26
Kyle,Walker,DEF,44,1.2,70,3095,0,2,4,66,9,0,3,242,506.0,237.2,28.0,77.4,2025-26
Hannes,Delcroix,DEF,38,0.2,0,0,0,0,0,0,0,0,0,0,0.0,0.0,0.0,0.0,2025-26
Owen,Dodgson,DEF,40,0.0,0,0,0,0,0,0,0,0,0,0,0.0,0.0,0.0,0.0,2025-26
Hjalmar,Ekdal,DEF,38,0.7,52,1539,0,0,2,34,0,0,2,159,372.0,55.8,88.0,51.7,2025-26
Maxime,Estève,DEF,38,7.0,85,2933,0,0,3,70,1,0,0,264,745.4,92.5,97.0,93.7,2025-26
Quilindschy,Hartman,DEF,40,0.6,63,1825,0,6,3,40,1,0,0,228,422.2,288.8,83.0,79.5,2025-26
Bashir,Humphreys,DEF,39,0.1,47,1574,0,2,2,33,6,0,1,210,379.0,135.6,101.0,61.4,2025-26
Jordan,Beyer,DEF,39,0.1,0,0,0,0,0,0,0,0,0,0,0.0,0.0,0.0,0.0,2025-26
Lucas,Pires Silva,DEF,38,0.3,25,1405,0,0,1,30,1,1,0,127,247.0,294.6,117.0,65.6,2025-26
Shurandy,Sambo,DEF,40,0.0,0,0,0,0,0,0,0,0,0,0,0.0,0.0,0.0,0.0,2025-26
Oliver,Sonne,DEF,38,0.2,13,164,1,0,0,4,0,0,0,20,44.8,18.1,30.0,9.2,2025-26
Axel,Tuanzebe,DEF,39,0.9,34,1201,1,0,1,26,1,0,0,102,276.4,11.1,52.0,34.1,2025-26
Joe,Worrall,DEF,38,0.2,20,496,0,0,0,11,0,0,0,40,147.4,1.5,19.0,17.0,2025-26
Jaidon,Anthony,MID,50,2.4,127,2717,8,4,4,59,4,0,6,513,586.8,552.2,619.0,175.8,2025-26
Manuel,Benson Hedilazio,MID,54,0.0,0,0,0,0,0,0,0,0,0,0,0.0,0.0,0.0,0.0,2025-26
Jacob,Bruun Larsen,MID,52,0.0,41,1014,0,1,3,29,0,0,0,123,121.0,212.4,140.0,47.4,2025-26
Enock,Agyei,MID,47,0.0,0,0,0,0,0,0,0,0,0,0,0.0,0.0,0.0,0.0,2025-26
Darko,Churlinov,MID,49,0.0,0,0,0,0,0,0,0,0,0,0,0.0,0.0,0.0,0.0,2025-26
Josh,Cullen,MID,49,0.8,70,1513,2,2,3,29,2,0,8,321,342.0,218.1,98.0,66.0,2025-26
Marcus,Edwards,MID,47,0.1,51,1058,1,3,1,18,0,0,2,189,180.0,283.9,226.0,68.9,2025-26
Hannibal,Mejbri,MID,47,0.1,59,1219,1,5,2,27,10,0,4,261,252.8,330.9,128.0,71.0,2025-26
Luca,Koleosho,MID,50,0.0,0,0,0,0,0,0,0,0,0,0,0.0,0.0,0.0,0.0,2025-26
Josh,Laurent,MID,48,0.0,56,1752,1,0,2,41,6,1,1,232,298.0,185.1,111.0,58.6,2025-26
Loum,Tchaouna,MID,48,0.0,59,1259,2,2,2,24,2,0,0,208,185.8,231.1,173.0,59.3,2025-26
Aaron,Ramsey,MID,44,1.4,0,0,0,0,0,0,0,0,0,0,0.0,0.0,0.0,0.0,2025-26
Oluwaseun,Adewumi,MID,45,0.0,0,0,0,0,0,0,0,0,0,0,0.0,0.0,0.0,0.0,2025-26
Jaydon,Banel,MID,45,0.0,1,9,0,0,0,0,0,0,0,2,0.0,0.5,0.0,0.0,2025-26
Mike,Trésor Ndayishimiye,MID,43,0.1,6,37,0,0,0,2,0,0,0,18,7.2,15.2,2.0,2.4,2025-26
Zian,Flemming,FWD,53,0.8,99,1764,11,0,3,35,5,0,11,371,466.0,159.5,533.0,114.9,2025-26
Zeki,Amdouni,FWD,48,0.0,4,69,0,0,0,0,0,0,0,10,2.6,5.1,20.0,2.6,2025-26
Lyle,Foster,FWD,49,0.7,58,1361,3,2,4,30,4,0,4,202,219.0,147.0,262.0,62.1,2025-26
Ashley,Barnes,FWD,42,1.2,5,40,0,0,0,3,2,0,0,11,2.2,1.9,44.0,4.8,2025-26
Michael,Obafemi,FWD,44,0.1,0,0,0,0,0,0,0,0,0,0,0.0,0.0,0.0,0.0,2025-26
Martin,Dúbravka,GK,40,25.7,96,3150,0,0,4,71,1,0,7,436,976.4,0.0,0.0,97.9,2025-26
James,Ward-Prowse,MID,56,0.2,40,1092,0,1,2,27,1,0,0,248,215.0,384.4,22.0,62.1,2025-26
Lesley,Ugochukwu,MID,50,0.1,97,2330,3,3,3,51,1,1,5,374,412.2,181.5,210.0,80.2,2025-26
Armando,Broja,FWD,52,0.1,43,843,1,1,1,27,0,0,2,119,102.0,78.9,207.0,38.5,2025-26
Florentino Ibrain,Morris Luís,MID,50,0.0,84,2100,0,2,2,45,6,0,0,357,421.0,234.5,56.0,71.4,2025-26
Oliver,Pimlott,MID,45,0.0,0,0,0,0,0,0,0,0,0,0,0.0,0.0,0.0,0.0,2025-26
George,Brierley,MID,45,0.0,0,0,0,0,0,0,0,0,0,0,0.0,0.0,0.0,0.0,2025-26
Kian,McMahon-Brown,MID,45,0.0,0,0,0,0,0,0,0,0,0,0,0.0,0.0,0.0,0.0,2025-26
Norberto,Murara Neto,GK,45,0.1,0,0,0,0,0,0,0,0,0,0,0.0,0.0,0.0,0.0,2025-26
Đorđe,Petrović,GK,46,5.2,124,3420,0,0,11,54,3,0,5,512,822.6,0.0,0.0,82.4,2025-26
Will,Dennis,GK,40,0.7,0,0,0,0,0,0,0,0,0,0,0.0,0.0,0.0,0.0,2025-26
Callan,McKenna,GK,39,0.2,0,0,0,0,0,0,0,0,0,0,0.0,0.0,0.0,0.0,2025-26
Alex,Paulsen,GK,40,0.1,0,0,0,0,0,0,0,0,0,0,0.0,0.0,0.0,0.0,2025-26
Illia,Zabarnyi,DEF,50,0.0,0,0,0,0,0,0,0,0,0,0,0.0,0.0,0.0,0.0,2025-26
Marcos,Senesi Barón,DEF,52,22.0,175,3288,0,6,11,53,8,0,14,571,1114.4,367.8,201.0,168.6,2025-26
Adam,Smith,DEF,44,0.2,58,1073,0,2,6,16,3,0,4,185,176.2,76.6,18.0,27.1,2025-26
Adrien,Truffert,DEF,48,5.3,165,3378,1,6,11,51,5,0,19,607,857.0,574.2,194.0,162.6,2025-26
Matai,Akinmboni,DEF,38,0.2,0,0,0,0,0,0,0,0,0,0,0.0,0.0,0.0,0.0,2025-26
Owen,Bevan,DEF,38,0.2,0,0,0,0,0,0,0,0,0,0,0.0,0.0,0.0,0.0,2025-26
James,Hill,DEF,42,7.4,110,2102,0,3,8,24,5,0,4,386,579.4,161.7,119.0,86.3,2025-26
Julián,Araujo Zúñiga,DEF,38,0.5,0,0,0,0,0,0,0,0,0,0,0.0,0.0,0.0,0.0,2025-26
Chris,Mepham,DEF,40,0.1,0,0,0,0,0,0,0,0,0,0,0.0,0.0,0.0,0.0,2025-26
Julio,Soler Barreto,DEF,39,0.2,3,34,0,0,0,2,0,0,0,2,1.8,2.5,2.0,0.6,2025-26
Justin,Kluivert,MID,69,0.6,41,945,2,0,4,19,5,0,3,147,148.0,305.1,135.0,58.8,2025-26
Marcus,Tavernier,MID,53,4.2,137,2732,7,4,11,44,6,0,14,552,656.8,816.6,605.0,207.9,2025-26
Tyler,Adams,MID,49,0.3,77,1769,2,2,7,28,8,0,3,346,387.0,158.2,115.0,66.3,2025-26
David,Brooks,MID,50,0.2,59,1188,1,3,5,20,7,0,4,215,236.2,384.5,434.0,104.1,2025-26
Ryan,Christie,MID,49,0.1,47,978,2,1,3,14,3,1,2,214,226.6,197.0,220.0,64.7,2025-26
Lewis,Cook,MID,49,0.0,40,872,0,1,1,19,1,1,0,190,206.8,183.8,12.0,40.6,2025-26
Philip,Billing,MID,49,0.0,0,0,0,0,0,0,0,0,0,0,0.0,0.0,0.0,0.0,2025-26
Alex,Scott,MID,49,2.1,136,2848,3,2,11,41,5,0,9,603,597.2,482.0,314.0,139.0,2025-26
Luis,Sinisterra Lucumí,MID,50,0.0,0,0,0,0,0,0,0,0,0,0,0.0,0.0,0.0,0.0,2025-26
Romain,Faivre,MID,45,0.1,0,0,0,0,0,0,0,0,0,0,0.0,0.0,0.0,0.0,2025-26
Hamed,Traorè,MID,45,0.3,4,16,0,1,0,2,0,0,0,12,21.2,10.0,0.0,3.1,2025-26
Dominic,Sadi,MID,45,0.0,0,0,0,0,0,0,0,0,0,0,0.0,0.0,0.0,0.0,2025-26
Zain,Silcott-Duberry,MID,44,0.1,0,0,0,0,0,0,0,0,0,0,0.0,0.0,0.0,0.0,2025-26
Ben,Winterburn,MID,45,0.0,1,6,0,0,0,2,0,0,0,3,0.0,0.0,0.0,0.0,2025-26
Francisco Evanilson,de Lima Barbosa,FWD,66,2.4,115,2741,6,7,11,40,2,0,6,412,350.6,397.9,809.0,155.5,2025-26
Enes,Ünal,FWD,54,0.0,27,214,1,0,0,3,1,0,1,83,70.2,25.0,104.0,19.1,2025-26
Daniel,Adu-Adjei,FWD,44,0.1,0,0,0,0,0,0,0,0,0,0,0.0,0.0,0.0,0.0,2025-26
Junior,Kroupi,FWD,47,7.6,113,1663,13,0,10,21,5,0,13,480,532.2,306.9,563.0,139.9,2025-26
Ben,Gannon-Doak,MID,48,0.0,11,105,0,1,0,1,0,0,0,33,32.4,17.8,39.0,8.9,2025-26
Bafodé,Diakité,DEF,41,0.3,46,1275,0,0,4,27,1,0,2,164,267.0,54.3,22.0,34.4,2025-26
Remy,Rees-Dottin,MID,43,0.2,0,0,0,0,0,0,0,0,0,0,0.0,0.0,0.0,0.0,2025-26
Amine,Adli,MID,54,0.2,67,1074,3,2,3,17,2,0,4,241,272.6,235.9,260.0,76.1,2025-26
Álex,Jiménez Sánchez,DEF,45,0.1,74,2315,1,2,6,39,10,0,2,297,406.0,269.3,184.0,85.9,2025-26
Veljko,Milosavljevic,DEF,44,0.0,19,367,0,0,1,6,0,0,0,63,98.4,13.9,10.0,12.2,2025-26
Malcom,DaCosta,MID,45,0.0,0,0,0,0,0,0,0,0,0,0,0.0,0.0,0.0,0.0,2025-26
Fraser,Forster,GK,40,0.0,0,0,0,0,0,0,0,0,0,0,0.0,0.0,0.0,0.0,2025-26
Charlie,Stevens,MID,45,0.0,0,0,0,0,0,0,0,0,0,0,0.0,0.0,0.0,0.0,2025-26
Alex,Tóth,MID,49,0.0,8,135,0,0,0,3,1,0,0,32,18.6,60.2,18.0,9.6,2025-26
Christos,Mandas,GK,40,0.0,0,0,0,0,0,0,0,0,0,0,0.0,0.0,0.0,0.0,2025-26
Rayan Vitor,Simplício Rocha,MID,54,2.3,67,1110,5,2,6,10,1,0,3,238,277.6,211.9,263.0,75.3,2025-26
Reiss,Nelson,MID,48,0.1,13,118,0,1,0,2,0,0,0,39,42.6,32.6,29.0,10.0,2025-26
Dango,Ouattara,MID,56,1.6,136,2271,7,8,6,35,5,0,16,429,509.8,422.8,702.0,162.8,2025-26
Caoimhín,Kelleher,GK,48,12.0,143,3330,0,0,10,49,1,0,11,570,913.8,23.0,0.0,93.8,2025-26
Ellery,Balcombe,GK,39,0.2,0,0,0,0,0,0,0,0,0,0,0.0,0.0,0.0,0.0,2025-26
Matthew,Cox,GK,39,0.1,0,0,0,0,0,0,0,0,0,0,0.0,0.0,0.0,0.0,2025-26
Julian,Eyestone,GK,39,0.1,0,0,0,0,0,0,0,0,0,0,0.0,0.0,0.0,0.0,2025-26
Hákon Rafn,Valdimarsson,GK,38,1.0,1,90,0,0,0,3,0,0,0,1,13.0,0.0,0.0,1.3,2025-26
Nathan,Collins,DEF,49,2.4,129,2971,1,2,9,44,7,0,7,450,848.6,143.8,325.0,131.9,2025-26
Keane,Lewis-Potter,DEF,48,1.5,115,1960,3,4,9,32,1,0,5,356,378.2,332.2,353.0,106.4,2025-26
Kristoffer,Ajer,DEF,44,0.2,76,1805,0,2,5,32,4,0,1,211,401.4,59.1,165.0,62.7,2025-26
Rico,Henry,DEF,43,0.1,52,1322,0,2,4,22,2,0,0,144,151.6,82.0,35.0,26.9,2025-26
Michael,Kayode,DEF,46,1.0,113,3258,1,2,10,49,8,0,9,494,613.8,470.2,130.0,121.7,2025-26
Ethan,Pinnock,DEF,42,0.1,14,318,0,0,1,5,1,0,2,53,88.6,1.2,33.0,12.3,2025-26
Mads,Roerslev Rasmussen,DEF,45,0.0,0,0,0,0,0,0,0,0,0,0,0.0,0.0,0.0,0.0,2025-26
Sepp,van den Berg,DEF,44,1.0,113,2761,0,3,8,41,2,0,3,435,659.0,98.0,305.0,106.3,2025-26
Benjamin,Arthur,DEF,38,0.2,0,0,0,0,0,0,0,0,0,0,0.0,0.0,0.0,0.0,2025-26
Benjamin,Fredrick,DEF,40,0.1,0,0,0,0,0,0,0,0,0,0,0.0,0.0,0.0,0.0,2025-26
Aaron,Hickey,DEF,40,0.3,37,679,0,0,2,9,1,0,0,105,101.4,17.1,43.0,16.0,2025-26
Kim,Ji-soo,DEF,39,0.1,0,0,0,0,0,0,0,0,0,0,0.0,0.0,0.0,0.0,2025-26
Jayden,Meghoma,DEF,40,0.0,0,0,0,0,0,0,0,0,0,0,0.0,0.0,0.0,0.0,2025-26
Kevin,Schade,MID,68,1.3,125,2744,8,5,11,34,6,1,5,385,536.8,380.1,821.0,172.8,2025-26
Mikkel,Damsgaard,MID,56,0.8,113,2046,4,4,5,32,0,0,9,467,530.6,691.3,326.0,155.0,2025-26
Antoni,Milambo,MID,52,0.0,1,45,0,0,0,3,0,0,0,5,4.0,1.8,0.0,0.6,2025-26
Fábio,Freitas Gouveia Carvalho,MID,46,0.1,13,100,1,0,0,4,0,0,1,42,39.0,6.5,36.0,8.1,2025-26
Jordan,Henderson,MID,50,0.3,76,1911,1,3,6,28,6,0,5,343,336.6,358.3,49.0,74.4,2025-26
Vitaly,Janelt,MID,49,0.1,74,1434,1,4,5,21,8,0,6,334,350.4,351.8,97.0,79.0,2025-26
Mathias,Jensen,MID,49,0.1,98,2239,3,2,9,33,3,0,1,465,435.6,632.7,201.0,126.9,2025-26
Gustavo,Nunes Fernandes Gomes,MID,49,0.0,0,0,0,0,0,0,0,0,0,0,0.0,0.0,0.0,0.0,2025-26
Frank,Onyeka,MID,48,0.0,12,88,0,2,0,2,0,0,0,41,28.4,13.6,4.0,4.6,2025-26
Yehor,Yarmoliuk,MID,50,0.1,104,2652,1,3,8,42,7,0,1,448,445.0,273.0,117.0,83.4,2025-26
Romelle,Donovan,MID,44,0.1,4,38,0,0,0,0,0,0,0,19,8.4,11.5,21.0,4.2,2025-26
Yunus Emre,Konak,MID,43,0.1,0,0,0,0,0,0,0,0,0,0,0.0,0.0,0.0,0.0,2025-26
Paris,Maghoma,MID,45,0.0,0,0,0,0,0,0,0,0,0,0,0.0,0.0,0.0,0.0,2025-26
Myles,Peart-Harris,MID,44,0.0,1,1,0,0,0,0,0,0,0,2,0.0,0.0,0.0,0.0,2025-26
Ryan,Trevitt,MID,45,0.0,0,0,0,0,0,0,0,0,0,0,0.0,0.0,0.0,0.0,2025-26
Igor Thiago,Nascimento Rodrigues,FWD,72,30.2,181,3282,22,1,10,50,7,0,22,710,1019.4,382.5,1170.0,256.9,2025-26
Iwan,Morgan,FWD,44,0.3,0,0,0,0,0,0,0,0,0,0,0.0,0.0,0.0,0.0,2025-26
Josh,Dasilva,MID,49,0.0,2,2,0,0,0,0,0,0,0,5,0.4,11.3,4.0,1.6,2025-26
Kaye,Furo,FWD,45,0.0,1,1,0,0,0,0,0,0,0,2,0.0,0.0,0.0,0.0,2025-26
Luka,Bentt,MID,45,0.0,0,0,0,0,0,0,0,0,0,0,0.0,0.0,0.0,0.0,2025-26
Ollie,Shield,DEF,40,0.0,0,0,0,0,0,0,0,0,0,0,0.0,0.0,0.0,0.0,2025-26
Joshua,Stephenson,DEF,40,0.0,0,0,0,0,0,0,0,0,0,0,0.0,0.0,0.0,0.0,2025-26
Conor,McManus,DEF,40,0.0,0,0,0,0,0,0,0,0,0,0,0.0,0.0,0.0,0.0,2025-26
Riley,Owen,MID,45,0.0,0,0,0,0,0,0,0,0,0,0,0.0,0.0,0.0,0.0,2025-26
Jason,Steele,GK,42,0.2,0,0,0,0,0,0,0,0,0,0,0.0,0.0,0.0,0.0,2025-26
Bart,Verbruggen,GK,46,9.3,130,3420,0,0,10,46,3,0,6,616,935.0,10.0,0.0,94.7,2025-26
Tom,McGill,GK,39,0.3,0,0,0,0,0,0,0,0,0,0,0.0,0.0,0.0,0.0,2025-26
Carl,Rushworth,GK,40,0.0,0,0,0,0,0,0,0,0,0,0,0.0,0.0,0.0,0.0,2025-26
Kjell,Scherpen,GK,40,0.0,0,0,0,0,0,0,0,0,0,0,0.0,0.0,0.0,0.0,2025-26
Olivier,Boscagli,DEF,42,0.1,39,799,0,1,3,10,2,0,4,171,215.6,82.2,12.0,31.1,2025-26
Diego,Coppola,DEF,42,0.0,10,193,0,0,1,3,2,0,0,32,42.4,3.7,2.0,4.8,2025-26
Maxim,De Cuyper,DEF,43,1.7,84,1404,2,3,5,23,2,0,9,318,327.8,516.6,154.0,99.9,2025-26
Lewis,Dunk,DEF,45,1.0,100,2837,1,1,7,40,10,0,5,443,649.6,125.5,210.0,98.7,2025-26
Pervis,Estupiñán Tenorio,DEF,45,0.0,0,0,0,0,0,0,0,0,0,0,0.0,0.0,0.0,0.0,2025-26
Ferdi,Kadıoğlu,DEF,45,1.4,118,3130,1,2,10,41,6,0,7,514,505.0,444.8,284.0,123.7,2025-26
Igor Julio,dos Santos de Paulo,DEF,45,0.1,6,103,0,0,0,3,0,0,0,10,25.8,10.6,0.0,3.6,2025-26
Tariq,Lamptey,DEF,44,0.1,0,0,0,0,0,0,0,0,0,0,0.0,0.0,0.0,0.0,2025-26
Jan Paul,van Hecke,DEF,47,10.7,148,3210,3,3,10,44,9,0,8,575,980.6,240.4,295.0,152.0,2025-26
Joël,Veltman,DEF,43,0.1,46,1047,1,0,2,13,5,0,1,176,247.0,80.5,68.0,39.6,2025-26
Adam,Webster,DEF,44,0.0,0,0,0,0,0,0,0,0,0,0,0.0,0.0,0.0,0.0,2025-26
Eiran,Cashin,DEF,40,0.0,0,0,0,0,0,0,0,0,0,0,0.0,0.0,0.0,0.0,2025-26
Jacob,Slater,DEF,40,0.1,0,0,0,0,0,0,0,0,0,0,0.0,0.0,0.0,0.0,2025-26
Charlie,Tasker,DEF,38,0.2,0,0,0,0,0,0,0,0,0,0,0.0,0.0,0.0,0.0,2025-26
Mitoma,Kaoru,MID,61,1.9,62,1714,3,1,5,20,5,0,2,247,288.4,422.3,416.0,112.3,2025-26
Georginio,Rutter,MID,56,0.3,87,1776,3,5,7,20,2,0,2,290,338.6,349.5,448.0,113.5,2025-26
Solly,March,MID,58,0.0,4,38,0,0,0,1,0,0,0,18,7.4,2.2,23.0,3.2,2025-26
Yankuba,Minteh,MID,55,2.5,117,2389,3,8,11,33,3,0,9,466,491.8,691.4,617.0,180.3,2025-26
Julio,Enciso Espínola,MID,54,0.0,0,0,0,0,0,0,0,0,0,0,0.0,0.0,0.0,0.0,2025-26
Brajan,Gruda,MID,54,0.0,35,708,1,1,2,11,2,0,2,114,134.4,217.1,152.0,50.0,2025-26
Jack,Hinshelwood,MID,52,1.6,91,1736,4,5,7,23,0,0,2,317,312.6,228.0,412.0,94.8,2025-26
Matt,O'Riley,MID,55,0.3,16,202,1,0,1,3,0,0,2,48,65.4,67.7,63.0,19.6,2025-26
Abdallah,Sima,MID,54,0.0,0,0,0,0,0,0,0,0,0,0,0.0,0.0,0.0,0.0,2025-26
Yasin,Ayari,MID,48,0.4,98,1921,3,4,6,24,1,0,7,406,359.8,251.3,231.0,84.5,2025-26
Carlos,Baleba,MID,45,1.5,56,1646,0,0,7,19,5,0,0,231,166.8,156.3,44.0,36.8,2025-26
Diego,Gómez Amarilla,MID,49,0.4,97,2117,5,1,8,29,9,0,9,361,438.2,319.7,432.0,119.0,2025-26
James,Milner,MID,49,0.1,35,772,1,1,2,17,2,0,0,158,139.0,151.4,59.0,34.7,2025-26
Jeremy,Sarmiento Morante,MID,49,0.0,0,0,0,0,0,0,0,0,0,0,0.0,0.0,0.0,0.0,2025-26
Tom,Watson,MID,48,0.0,5,57,0,0,0,2,1,0,0,15,6.0,2.4,7.0,1.6,2025-26
Mats,Wieffer,MID,48,0.3,94,1901,2,4,6,26,8,0,6,398,477.0,291.1,209.0,97.7,2025-26
Malick,Yalcouyé,MID,50,0.0,0,0,0,0,0,0,0,0,0,0,0.0,0.0,0.0,0.0,2025-26
Joe,Knight,MID,44,0.1,1,1,0,0,0,0,0,0,0,3,0.0,0.0,0.0,0.0,2025-26
Adrian,Mazilu,MID,45,0.0,0,0,0,0,0,0,0,0,0,0,0.0,0.0,0.0,0.0,2025-26
Andrew,Moran,MID,45,0.0,0,0,0,0,0,0,0,0,0,0,0.0,0.0,0.0,0.0,2025-26
Danny,Welbeck,FWD,63,8.4,126,2249,13,1,10,28,5,0,18,511,578.8,309.7,803.0,168.2,2025-26
Evan,Ferguson,FWD,55,0.0,0,0,0,0,0,0,0,0,0,0,0.0,0.0,0.0,0.0,2025-26
Stefanos,Tzimas,FWD,52,0.1,16,132,1,1,0,2,0,0,0,55,66.6,65.7,44.0,17.7,2025-26
Charalampos,Kostoulas,FWD,48,0.3,35,351,2,1,1,9,2,0,3,140,143.6,126.5,255.0,52.4,2025-26
Nehemiah,Oriola,MID,45,0.0,1,1,0,0,0,0,0,0,0,3,0.0,0.0,0.0,0.0,2025-26
Freddie,Simmonds,DEF,40,0.0,0,0,0,0,0,0,0,0,0,0,0.0,0.0,0.0,0.0,2025-26
Pascal,Groß,MID,56,3.0,78,1636,1,6,6,17,2,0,10,389,397.2,668.2,220.0,128.5,2025-26
Harry,Howell,MID,45,0.0,4,92,0,0,0,2,0,0,0,11,10.2,5.1,2.0,1.8,2025-26
Robert,Lynch Sánchez,GK,48,10.3,113,3040,0,1,9,49,3,1,7,509,822.2,50.0,0.0,86.7,2025-26
Filip,Jörgensen,GK,43,0.2,9,378,0,0,0,5,0,0,0,50,79.8,0.0,0.0,7.9,2025-26
Mike,Penders,GK,40,0.0,0,0,0,0,0,0,0,0,0,0,0.0,0.0,0.0,0.0,2025-26
Gabriel,Słonina,GK,38,0.1,0,0,0,0,0,0,0,0,0,0,0.0,0.0,0.0,0.0,2025-26
Marc,Cucurella Saseta,DEF,61,14.6,104,2706,1,4,9,39,8,1,5,468,562.8,577.8,309.0,145.1,2025-26
Reece,James,DEF,56,6.0,115,1957,2,6,8,20,4,0,11,493,459.0,483.7,116.0,106.1,2025-26
Trevoh,Chalobah,DEF,54,8.8,136,2780,3,1,9,40,3,1,7,516,719.2,111.2,160.0,99.1,2025-26
Levi,Samuels Colwill,DEF,47,0.2,8,225,0,0,0,4,0,0,0,30,66.0,7.6,6.0,8.0,2025-26
Malo,Gusto,DEF,48,1.7,96,2255,2,3,7,36,3,1,7,406,443.6,448.5,205.0,109.8,2025-26
Benoît,Badiashile Mukinayi,DEF,44,0.0,7,470,0,0,0,10,2,0,0,48,102.8,7.9,2.0,11.4,2025-26
Wesley,Fofana,DEF,44,0.4,65,1718,0,2,4,25,5,2,3,288,463.6,65.6,74.0,60.4,2025-26
Mamadou,Sarr,DEF,45,0.0,3,100,0,0,0,3,0,0,0,4,6.4,0.1,7.0,1.3,2025-26
Tosin,Adarabioyo,DEF,40,0.3,34,788,0,0,2,14,2,0,2,130,240.4,33.3,19.0,29.3,2025-26
Josh,Acheampong,DEF,37,1.8,39,657,1,0,2,13,1,0,5,118,132.6,40.9,70.0,24.4,2025-26
Aarón,Anselmino,DEF,40,0.1,0,0,0,0,0,0,0,0,0,0,0.0,0.0,0.0,0.0,2025-26
Cole,Palmer,MID,103,12.6,114,1954,10,2,3,33,5,0,11,430,536.6,393.6,547.0,147.7,2025-26
Pedro,Lomba Neto,MID,70,3.9,125,2629,5,7,11,33,2,1,9,543,523.0,836.2,505.0,186.7,2025-26
Enzo,Fernández,MID,65,12.3,157,3114,10,5,8,46,10,0,19,700,835.6,1063.2,747.0,264.6,2025-26
Estêvão,Almeida de Oliveira Gonçalves,MID,64,1.7,58,839,2,5,4,11,4,0,4,172,183.4,230.9,314.0,72.6,2025-26
Jamie,Bynoe-Gittens,MID,60,0.1,25,486,0,2,1,7,0,0,0,99,93.0,130.4,91.0,31.3,2025-26
Christopher,Nkunku,MID,59,0.1,0,0,0,0,0,0,0,0,0,0,0.0,0.0,0.0,0.0,2025-26
Moisés,Caicedo Corozo,MID,57,7.1,110,2796,3,1,6,47,11,1,10,580,562.4,403.1,128.0,109.2,2025-26
Roméo,Lavia,MID,49,0.0,13,374,0,0,0,10,0,0,0,81,34.4,46.6,14.0,9.5,2025-26
Mykhailo,Mudryk,MID,49,0.0,0,0,0,0,0,0,0,0,0,0,0.0,0.0,0.0,0.0,2025-26
Andrey,Nascimento dos Santos,MID,44,0.3,47,1247,1,0,1,18,4,0,3,257,229.6,153.9,91.0,47.5,2025-26
Dário,Luís Essugo,MID,43,0.1,1,26,0,0,0,1,2,0,0,7,11.4,2.1,2.0,1.6,2025-26
Kendry,Páez Andrade,MID,45,0.0,0,0,0,0,0,0,0,0,0,0,0.0,0.0,0.0,0.0,2025-26
João Pedro,Junqueira de Jesus,FWD,74,34.8,177,2658,15,9,10,36,5,0,30,715,758.4,456.6,909.0,212.1,2025-26
Liam,Delap,FWD,62,0.9,45,1092,1,2,2,18,4,0,1,123,67.8,73.7,349.0,47.3,2025-26
Nicolas,Jackson,FWD,65,0.1,0,0,0,0,0,0,0,0,0,0,0.0,0.0,0.0,0.0,2025-26
Marc,Guiu Paz,FWD,40,5.2,13,265,0,1,0,3,1,0,0,19,24.6,40.1,86.0,13.1,2025-26
Alejandro,Garnacho Ferreyra,MID,64,0.4,56,1261,1,4,4,20,2,0,3,222,211.4,405.3,399.0,100.5,2025-26
Jorrel,Hato,DEF,46,0.2,19,1139,0,0,0,27,7,0,0,93,233.2,114.9,36.0,38.4,2025-26
Landon,Emenalo,MID,45,0.0,0,0,0,0,0,0,0,0,0,0,0.0,0.0,0.0,0.0,2025-26
Max,Merrick,GK,40,0.0,0,0,0,0,0,0,0,0,0,0,0.0,0.0,0.0,0.0,2025-26
Teddy,Sharman-Lowe,GK,40,0.0,0,0,0,0,0,0,0,0,0,0,0.0,0.0,0.0,0.0,2025-26
Jesse,Derry,MID,45,0.0,1,45,0,0,0,2,0,0,0,5,4.6,6.4,25.0,3.6,2025-26
Mathis,Eboué,MID,45,0.0,0,0,0,0,0,0,0,0,0,0,0.0,0.0,0.0,0.0,2025-26
Ryan,Kavuma-McQueen,MID,45,0.0,0,0,0,0,0,0,0,0,0,0,0.0,0.0,0.0,0.0,2025-26
Shumaira,Mheuka,FWD,45,0.0,1,1,0,0,0,0,0,0,0,3,2.0,0.3,0.0,0.2,2025-26
Dean,Henderson,GK,51,9.0,131,3330,0,0,11,51,5,0,7,538,837.8,10.0,0.0,84.7,2025-26
Walter,Benítez,GK,39,0.3,7,90,0,0,1,0,0,0,0,29,22.8,0.0,0.0,2.3,2025-26
Remi,Matthews,GK,39,0.1,0,0,0,0,0,0,0,0,0,0,0.0,0.0,0.0,0.0,2025-26
Daniel,Muñoz Mejía,DEF,59,9.2,136,2400,4,4,10,33,7,0,9,469,595.0,396.6,404.0,139.5,2025-26
Maxence,Lacroix,DEF,52,7.1,154,3085,1,2,11,47,4,1,11,529,822.0,106.4,316.0,124.3,2025-26
Tyrick,Mitchell,DEF,50,2.3,135,3253,1,3,12,47,6,0,8,498,649.0,467.3,241.0,136.0,2025-26
Borna,Sosa,DEF,48,0.1,6,99,0,0,0,2,1,0,0,9,12.6,24.1,8.0,4.5,2025-26
Chris,Richards,DEF,44,2.2,128,2825,1,0,11,42,4,0,5,453,727.2,159.6,185.0,107.6,2025-26
Chadi,Riad Dnanou,DEF,40,0.1,20,550,0,1,1,8,2,0,0,84,117.8,23.9,41.0,18.3,2025-26
Nathaniel,Clyne,DEF,38,0.5,17,592,0,1,0,12,1,0,2,50,105.2,55.0,33.0,19.2,2025-26
Rob,Holding,DEF,40,0.0,0,0,0,0,0,0,0,0,0,0,0.0,0.0,0.0,0.0,2025-26
Caleb,Kporha,DEF,40,0.0,0,0,0,0,0,0,0,0,0,0,0.0,0.0,0.0,0.0,2025-26
Ismaïla,Sarr,MID,64,5.6,117,2173,9,2,9,29,2,0,9,359,479.8,269.4,601.0,135.1,2025-26
Cheick,Doucouré,MID,49,0.0,0,0,0,0,0,0,0,0,0,0,0.0,0.0,0.0,0.0,2025-26
Romain,Esse,MID,47,0.1,4,40,0,0,0,0,0,0,0,12,6.8,2.7,6.0,1.5,2025-26
Will,Hughes,MID,47,0.1,45,1560,0,1,5,18,7,0,0,217,198.0,322.9,90.0,60.9,2025-26
Daichi,Kamada,MID,50,0.1,67,1899,0,2,6,28,3,0,0,331,239.2,350.1,155.0,74.5,2025-26
Jefferson,Lerma Solís,MID,49,0.1,69,1722,0,5,7,25,7,0,3,296,287.6,207.2,233.0,72.5,2025-26
Adam,Wharton,MID,50,0.7,112,2552,1,6,8,43,4,1,8,511,494.4,720.0,180.0,139.6,2025-26
Asher,Agbinone,MID,43,0.1,0,0,0,0,0,0,0,0,0,0,0.0,0.0,0.0,0.0,2025-26
Naouirou,Ahamada,MID,43,0.0,0,0,0,0,0,0,0,0,0,0,0.0,0.0,0.0,0.0,2025-26
Justin,Devenny,MID,43,1.1,36,785,1,0,1,15,0,0,0,108,115.0,101.8,168.0,38.4,2025-26
Malcolm,Ebiowei,MID,45,0.0,0,0,0,0,0,0,0,0,0,0,0.0,0.0,0.0,0.0,2025-26
Jesurun,Rak-Sakyi,MID,44,0.0,0,0,0,0,0,0,0,0,0,0,0.0,0.0,0.0,0.0,2025-26
Matheus,França de Oliveira,MID,45,0.0,0,0,0,0,0,0,0,0,0,0,0.0,0.0,0.0,0.0,2025-26
David,Ozoh,MID,45,0.0,0,0,0,0,0,0,0,0,0,0,0.0,0.0,0.0,0.0,2025-26
Kaden,Rodney,MID,44,0.1,1,3,0,0,0,0,0,0,0,2,0.0,0.1,0.0,0.0,2025-26
Franco,Umeh-Chibueze,MID,45,0.0,0,0,0,0,0,0,0,0,0,0,0.0,0.0,0.0,0.0,2025-26
Jean-Philippe,Mateta,FWD,76,8.1,114,2210,12,0,8,29,2,0,13,397,567.2,160.6,786.0,150.8,2025-26
Eddie,Nketiah,FWD,54,0.3,23,414,2,0,0,12,2,0,3,100,120.0,84.6,173.0,37.8,2025-26
Odsonne,Édouard,FWD,50,0.2,1,2,0,0,0,0,0,0,0,6,2.0,0.0,0.0,0.2,2025-26
Zach,Marsh,FWD,44,0.3,0,0,0,0,0,0,0,0,0,0,0.0,0.0,0.0,0.0,2025-26
Brennan,Johnson,MID,65,2.4,65,1710,2,1,6,24,6,0,2,217,223.4,311.1,230.0,75.8,2025-26
Jørgen,Strand Larsen,FWD,58,1.4,75,2301,4,1,5,41,4,0,3,215,265.2,203.1,469.0,91.5,2025-26
Evann,Guessand,MID,62,0.0,44,909,1,3,2,15,0,0,0,143,159.4,76.6,187.0,42.0,2025-26
Rio,Cardines,MID,44,0.3,2,90,0,0,0,2,0,0,0,21,15.2,30.0,4.0,4.9,2025-26
Yéremy,Pino Santos,MID,58,0.2,77,2074,2,2,7,28,4,0,3,331,325.8,718.4,371.0,141.4,2025-26
Jaydee,Canvot,DEF,45,0.5,72,1331,0,0,5,23,3,0,9,216,362.4,63.8,56.0,48.1,2025-26
Christantus,Uche,FWD,55,0.1,17,159,0,1,0,4,0,0,0,42,13.2,7.1,73.0,8.8,2025-26
Joél,Drakes-Thomas,MID,45,0.0,2,7,0,0,0,1,0,0,0,6,1.4,1.0,0.0,0.3,2025-26
Dean,Benamar,DEF,40,0.0,0,0,0,0,0,0,0,0,0,0,0.0,0.0,0.0,0.0,2025-26
Ben,Casey,FWD,45,0.0,0,0,0,0,0,0,0,0,0,0,0.0,0.0,0.0,0.0,2025-26
George,King,DEF,40,0.0,0,0,0,0,0,0,0,0,0,0,0.0,0.0,0.0,0.0,2025-26
Danny,Imray,DEF,40,0.0,0,0,0,0,0,0,0,0,0,0,0.0,0.0,0.0,0.0,2025-26
Kiernan,Dewsbury-Hall,MID,53,7.9,151,2629,8,7,8,39,6,0,18,598,619.4,601.1,438.0,166.0,2025-26
Tyrique,George,MID,48,0.1,16,351,0,0,1,9,2,0,0,55,44.2,66.2,132.0,23.9,2025-26
Jordan,Pickford,GK,56,13.0,135,3420,0,0,11,50,4,0,11,545,885.2,20.3,2.0,90.8,2025-26
Mark,Travers,GK,42,0.1,0,0,0,0,0,0,0,0,0,0,0.0,0.0,0.0,0.0,2025-26
Harry,Tyrer,GK,39,0.1,0,0,0,0,0,0,0,0,0,0,0.0,0.0,0.0,0.0,2025-26
Jarrad,Branthwaite,DEF,53,0.3,32,678,1,1,1,9,1,0,0,108,175.0,42.8,75.0,29.3,2025-26
James,Tarkowski,DEF,58,12.6,170,3330,2,3,11,48,8,0,12,592,995.6,235.6,422.0,165.7,2025-26
Vitalii,Mykolenko,DEF,49,0.7,95,2959,0,1,9,47,6,0,2,350,559.2,394.1,71.0,102.3,2025-26
Jake,O'Brien,DEF,49,0.7,116,3118,1,3,10,46,6,1,2,368,582.8,282.9,206.0,107.5,2025-26
Séamus,Coleman,DEF,42,0.1,5,19,0,0,0,1,0,0,0,13,7.0,19.3,0.0,2.7,2025-26
Michael,Keane,DEF,45,3.1,131,2588,3,1,7,42,1,1,8,404,770.4,47.4,299.0,111.7,2025-26
Nathan,Patterson,DEF,44,0.0,22,238,0,0,2,2,0,0,0,67,65.6,6.4,17.0,8.8,2025-26
Roman,Dixon,DEF,38,0.2,0,0,0,0,0,0,0,0,0,0,0.0,0.0,0.0,0.0,2025-26
Reece,Welch,DEF,38,0.1,0,0,0,0,0,0,0,0,0,0,0.0,0.0,0.0,0.0,2025-26
Iliman,Ndiaye,MID,63,4.7,128,2781,6,3,8,44,2,0,7,540,605.8,479.2,578.0,166.5,2025-26
Dwight,McNeil,MID,55,0.1,53,1161,0,3,6,9,1,0,1,186,140.6,242.4,138.0,52.2,2025-26
Carlos,Alcaraz Durán,MID,52,0.1,29,679,0,1,3,10,4,0,0,121,93.8,161.9,162.0,41.8,2025-26
Idrissa Gana,Gueye,MID,54,0.1,83,2094,2,3,5,26,1,1,4,419,382.6,259.2,208.0,85.1,2025-26
James,Garner,MID,52,3.6,159,3413,2,7,11,50,12,0,13,818,887.0,958.0,237.0,208.4,2025-26
Tim,Iroegbunam,MID,48,0.0,68,1477,0,3,8,18,9,0,1,225,255.0,125.2,81.0,45.9,2025-26
Harrison,Armstrong,MID,45,0.1,21,524,0,0,1,11,0,0,0,84,60.0,69.7,78.0,21.0,2025-26
Callum,Bates,MID,43,0.1,0,0,0,0,0,0,0,0,0,0,0.0,0.0,0.0,0.0,2025-26
Coby,Ebere,MID,44,0.0,0,0,0,0,0,0,0,0,0,0,0.0,0.0,0.0,0.0,2025-26
Isaac,Heath,MID,45,0.0,0,0,0,0,0,0,0,0,0,0,0.0,0.0,0.0,0.0,2025-26
Jenson,Metcalfe,MID,45,0.0,0,0,0,0,0,0,0,0,0,0,0.0,0.0,0.0,0.0,2025-26
Thierno,Barry,FWD,57,0.8,95,1898,8,0,7,34,3,0,9,295,341.0,207.7,501.0,102.5,2025-26
Norberto Bercique,Gomes Betuncal,FWD,51,3.3,104,1551,9,1,5,19,3,0,15,343,445.8,159.8,655.0,124.5,2025-26
Youssef,Ramalho Chermiti,FWD,49,0.1,0,0,0,0,0,0,0,0,0,0,0.0,0.0,0.0,0.0,2025-26
Martin,Sherif,FWD,44,0.1,0,0,0,0,0,0,0,0,0,0,0.0,0.0,0.0,0.0,2025-26
Jack,Grealish,MID,63,5.6,79,1627,2,6,7,23,3,1,12,356,374.2,520.5,397.0,129.2,2025-26
Tom,King,GK,39,1.2,0,0,0,0,0,0,0,0,0,0,0.0,0.0,0.0,0.0,2025-26
Adam,Aznou,DEF,42,0.1,0,0,0,0,0,0,0,0,0,0,0.0,0.0,0.0,0.0,2025-26
Tyler,Onyango,MID,45,0.0,0,0,0,0,0,0,0,0,0,0,0.0,0.0,0.0,0.0,2025-26
Elijah,Campbell,DEF,39,0.1,0,0,0,0,0,0,0,0,0,0,0.0,0.0,0.0,0.0,2025-26
Tyler,Dibling,MID,53,0.0,18,349,0,0,2,2,2,0,0,49,46.0,61.0,32.0,13.6,2025-26
Merlin,Röhl,MID,50,0.0,36,675,1,1,2,13,0,0,2,98,113.0,87.4,62.0,26.3,2025-26
Braiden,Graham,FWD,45,0.0,0,0,0,0,0,0,0,0,0,0,0.0,0.0,0.0,0.0,2025-26
Bernd,Leno,GK,50,2.3,122,3420,0,0,9,51,3,0,8,556,816.2,0.0,0.0,81.5,2025-26
Steven,Benda,GK,40,0.0,0,0,0,0,0,0,0,0,0,0,0.0,0.0,0.0,0.0,2025-26
Antonee,Robinson,DEF,49,0.9,65,1487,1,0,4,19,5,0,7,280,375.0,334.6,82.0,79.3,2025-26
Joachim,Andersen,DEF,44,2.8,123,2882,0,1,8,45,7,1,8,424,790.6,131.0,148.0,107.0,2025-26
Calvin,Bassey,DEF,44,0.8,103,2532,1,1,7,40,5,0,9,392,574.0,152.2,115.0,84.5,2025-26
Timothy,Castagne,DEF,43,0.2,61,1838,0,2,3,31,4,0,3,294,373.0,292.2,195.0,86.2,2025-26
Issa,Diop,DEF,43,0.1,31,812,1,0,1,13,2,0,3,103,190.8,8.0,31.0,23.0,2025-26
Jorge,Cuenca Barreno,DEF,43,0.1,39,935,0,0,2,11,6,0,1,155,249.6,47.2,14.0,31.2,2025-26
Kenny,Tete,DEF,45,0.2,81,1791,1,0,6,25,2,0,5,318,416.0,214.1,108.0,73.9,2025-26
Samuel,Amissah,DEF,38,0.1,0,0,0,0,0,0,0,0,0,0,0.0,0.0,0.0,0.0,2025-26
Alex,Iwobi,MID,61,1.1,103,2420,4,3,5,40,3,0,13,508,511.2,739.4,343.0,159.4,2025-26
Emile,Smith Rowe,MID,56,0.5,80,1909,3,1,6,27,1,0,1,351,291.6,330.0,404.0,102.6,2025-26
Andreas,Hoelgebaum Pereira,MID,53,0.1,0,0,0,0,0,0,0,0,0,0,0.0,0.0,0.0,0.0,2025-26
Ryan,Sessegnon,MID,54,0.1,95,1816,3,3,6,29,0,0,8,332,413.8,225.0,229.0,86.7,2025-26
Harry,Wilson,MID,58,17.4,168,2674,10,9,9,38,7,0,21,637,707.2,661.1,601.0,196.9,2025-26
Sander,Berge,MID,49,0.1,91,2904,0,3,8,45,5,0,3,503,437.8,365.1,105.0,91.0,2025-26
Tom,Cairney,MID,48,0.0,41,756,2,0,2,10,3,0,1,181,153.4,195.6,64.0,41.4,2025-26
Saša,Lukić,MID,49,0.1,67,1730,1,4,6,22,9,0,4,314,317.6,441.6,176.0,93.4,2025-26
Martial,Godo,MID,45,0.0,0,0,0,0,0,0,0,0,0,0,0.0,0.0,0.0,0.0,2025-26
Luke,Harris,MID,45,0.0,0,0,0,0,0,0,0,0,0,0,0.0,0.0,0.0,0.0,2025-26
Josh,King,MID,44,1.6,63,1290,1,3,5,18,4,0,3,225,207.4,198.7,336.0,73.3,2025-26
Harrison,Reed,MID,43,0.3,15,89,1,0,0,4,0,0,2,48,42.0,44.4,11.0,9.7,2025-26
Raúl,Jiménez Rodríguez,FWD,59,1.8,112,2183,9,5,9,28,5,0,7,410,479.4,331.5,729.0,153.1,2025-26
Rodrigo,Muniz Carvalho,FWD,53,0.7,36,987,1,1,3,13,2,0,3,94,113.2,93.2,287.0,47.3,2025-26
Oscar,Bobb,MID,51,0.2,42,1030,0,2,4,13,1,0,0,182,140.4,315.4,205.0,66.4,2025-26
Benjamin,Lecomte,GK,39,0.7,0,0,0,0,0,0,0,0,0,0,0.0,0.0,0.0,0.0,2025-26
Samuel,Chukwueze,MID,53,0.1,62,1067,3,4,2,20,0,0,1,242,274.0,346.7,243.0,85.8,2025-26
Kevin,Santos Lopes de Macedo,MID,57,0.1,49,1030,1,3,4,15,1,0,0,183,216.0,246.6,243.0,70.4,2025-26
Jonah,Kusi-Asare,FWD,45,0.1,6,49,0,0,0,2,1,0,0,19,3.2,12.0,8.0,2.3,2025-26
Seth,Ridgeon,MID,45,0.0,0,0,0,0,0,0,0,0,0,0,0.0,0.0,0.0,0.0,2025-26
Alfie,McNally,GK,40,0.0,0,0,0,0,0,0,0,0,0,0,0.0,0.0,0.0,0.0,2025-26
Facundo,Buonanotte,MID,46,0.1,3,81,0,0,0,4,1,0,0,9,13.2,40.0,21.0,7.4,2025-26
Illan,Meslier,GK,41,0.3,0,0,0,0,0,0,0,0,0,0,0.0,0.0,0.0,0.0,2025-26
Alex,Cairns,GK,39,0.1,0,0,0,0,0,0,0,0,0,0,0.0,0.0,0.0,0.0,2025-26
Karl,Darlow,GK,40,6.9,71,1980,0,0,5,27,1,0,3,334,531.4,0.0,0.0,53.4,2025-26
Jayden,Bogle,DEF,44,0.4,96,2795,1,5,6,44,6,0,1,311,436.0,346.1,218.0,100.3,2025-26
Pascal,Struijk,DEF,42,1.9,108,2935,0,1,7,48,5,0,4,412,697.4,161.5,272.0,113.1,2025-26
Jaka,Bijol,DEF,39,1.3,99,1888,1,3,5,26,4,0,6,323,531.8,84.5,243.0,86.0,2025-26
Sebastiaan,Bornauw,DEF,38,0.1,25,429,0,0,2,5,1,0,0,73,98.6,6.3,19.0,12.2,2025-26
Sam,Byram,DEF,37,0.4,2,8,0,0,0,1,0,0,0,1,5.4,0.0,0.0,0.5,2025-26
Gabriel,Gudmundsson,DEF,38,2.5,68,2637,0,0,5,45,4,1,8,286,442.6,363.7,158.0,96.4,2025-26
Joe,Rodon,DEF,39,3.0,109,2952,2,0,6,53,3,0,5,373,707.2,137.3,242.0,109.1,2025-26
Isaac,Schmidt,DEF,40,0.1,0,0,0,0,0,0,0,0,0,0,0.0,0.0,0.0,0.0,2025-26
Brenden,Aaronson,MID,54,0.8,126,2449,4,8,9,32,3,0,5,446,482.8,486.7,498.0,146.7,2025-26
Wilfried,Gnonto,MID,51,0.1,32,521,0,3,1,14,3,0,0,134,85.2,129.3,61.0,27.5,2025-26
Jack,Harrison,MID,51,0.0,12,262,0,0,0,5,0,0,0,51,30.0,49.4,35.0,11.5,2025-26
Daniel,James,MID,52,0.1,23,547,0,0,1,16,0,0,0,93,70.8,133.1,133.0,33.9,2025-26
Ethan,Ampadu,MID,49,0.6,134,3119,1,4,8,49,10,0,11,586,592.2,384.8,166.0,114.7,2025-26
Sam,Greenwood,MID,49,0.0,0,0,0,0,0,0,0,0,0,0,0.0,0.0,0.0,0.0,2025-26
Ilia,Gruev,MID,47,0.1,56,1318,0,4,5,23,3,0,3,245,199.4,171.0,64.0,43.2,2025-26
Largie,Ramazani,MID,49,0.0,0,0,0,0,0,0,0,0,0,0,0.0,0.0,0.0,0.0,2025-26
Tanaka,Ao,MID,48,0.2,67,1307,2,1,3,22,1,0,4,288,224.2,307.6,104.0,63.6,2025-26
Charlie,Crew,MID,45,0.0,0,0,0,0,0,0,0,0,0,0,0.0,0.0,0.0,0.0,2025-26
Joe,Gelhardt,MID,45,0.0,0,0,0,0,0,0,0,0,0,0,0.0,0.0,0.0,0.0,2025-26
Darko,Gyabi,MID,45,0.0,0,0,0,0,0,0,0,0,0,0,0.0,0.0,0.0,0.0,2025-26
Joël,Piroe,FWD,49,0.3,17,244,0,0,1,9,0,0,0,42,13.6,38.1,120.0,16.5,2025-26
Patrick,Bamford,FWD,49,0.3,0,0,0,0,0,0,0,0,0,0,0.0,0.0,0.0,0.0,2025-26
Mateo,Joseph Fernández-Regatillo,FWD,50,0.0,0,0,0,0,0,0,0,0,0,0,0.0,0.0,0.0,0.0,2025-26
Lukas,Nmecha,FWD,50,0.5,73,1065,6,1,3,23,0,0,8,268,290.4,153.5,434.0,87.8,2025-26
Sean,Longstaff,MID,48,0.2,56,1003,2,2,1,20,2,0,5,273,291.8,403.7,116.0,81.2,2025-26
Anton,Stach,MID,48,1.7,137,2369,5,6,7,36,3,0,14,550,650.0,921.4,315.0,188.8,2025-26
Lucas Estella,Perri,GK,44,0.3,43,1440,0,0,3,29,2,0,3,153,322.4,0.0,0.0,32.2,2025-26
Dominic,Calvert-Lewin,FWD,58,13.7,142,2721,14,2,8,34,3,0,20,472,619.6,311.1,1026.0,194.7,2025-26
Noah,Okafor,MID,55,0.9,109,1553,8,3,6,26,3,0,11,354,438.8,275.0,435.0,115.0,2025-26
James,Justin,DEF,40,2.3,94,1893,2,1,6,26,4,0,9,338,469.8,190.9,220.0,88.3,2025-26
Harry,Gray,FWD,45,0.1,0,0,0,0,0,0,0,0,0,0,0.0,0.0,0.0,0.0,2025-26
Sam,Chambers,MID,44,0.0,0,0,0,0,0,0,0,0,0,0,0.0,0.0,0.0,0.0,2025-26
Jayden,Lienou,DEF,40,0.0,0,0,0,0,0,0,0,0,0,0,0.0,0.0,0.0,0.0,2025-26
Rhys,Chadwick,MID,45,0.0,0,0,0,0,0,0,0,0,0,0,0.0,0.0,0.0,0.0,2025-26
Alfie,Cresswell,MID,45,0.0,0,0,0,0,0,0,0,0,0,0,0.0,0.0,0.0,0.0,2025-26
Alisson,Becker,GK,54,5.1,91,2340,0,0,8,31,1,0,8,389,479.8,0.1,0.0,47.8,2025-26
Giorgi,Mamardashvili,GK,41,0.7,34,867,0,0,2,18,0,0,2,139,275.6,0.0,0.0,27.5,2025-26
Ármin,Pécsi,GK,38,0.9,0,0,0,0,0,0,0,0,0,0,0.0,0.0,0.0,0.0,2025-26
Freddie,Woodman,GK,39,0.3,6,212,0,0,0,4,0,0,0,34,83.8,0.0,0.0,8.4,2025-26
Jeremie,Frimpong,DEF,57,4.9,63,1032,0,5,5,13,1,0,1,237,133.2,244.6,186.0,56.5,2025-26
Milos,Kerkez,DEF,56,2.9,85,2251,2,1,6,37,4,0,4,357,434.6,415.8,141.0,99.4,2025-26
Andrew,Robertson,DEF,57,1.2,55,1165,1,0,4,16,0,0,4,216,239.8,318.8,121.0,68.2,2025-26
Virgil,van Dijk,DEF,61,31.5,175,3420,6,1,10,53,4,0,10,593,1169.4,215.9,490.0,187.6,2025-26
Ibrahima,Konaté,DEF,54,3.8,129,3090,1,0,10,45,7,0,8,532,779.2,160.5,119.0,106.1,2025-26
Conor,Bradley,DEF,49,0.1,42,928,0,2,4,13,5,0,2,157,157.4,105.2,62.0,32.3,2025-26
Joe,Gomez,DEF,49,0.2,33,594,0,2,2,14,4,0,2,94,122.8,77.8,31.0,23.2,2025-26
Konstantinos,Tsimikas,DEF,48,0.0,0,0,0,0,0,0,0,0,0,0,0.0,0.0,0.0,0.0,2025-26
Amara,Nallo,DEF,37,0.9,0,0,0,0,0,0,0,0,0,0,0.0,0.0,0.0,0.0,2025-26
Rhys,Williams,DEF,37,0.5,0,0,0,0,0,0,0,0,0,0,0.0,0.0,0.0,0.0,2025-26
Calvin,Ramsay,DEF,37,0.3,0,0,0,0,0,0,0,0,0,0,0.0,0.0,0.0,0.0,2025-26
Mohamed,Salah,MID,140,15.2,123,2144,7,7,7,35,1,0,11,392,524.8,740.7,805.0,207.1,2025-26
Florian,Wirtz,MID,83,8.5,125,2374,5,4,10,32,1,0,17,521,526.4,908.2,665.0,210.0,2025-26
Luis,Díaz Marulanda,MID,80,0.0,0,0,0,0,0,0,0,0,0,0,0.0,0.0,0.0,0.0,2025-26
Cody,Gakpo,MID,73,5.6,131,2736,7,5,10,39,3,0,5,449,540.4,714.7,831.0,208.4,2025-26
Federico,Chiesa,MID,63,0.3,37,317,2,1,0,9,3,0,0,135,122.0,47.5,182.0,34.9,2025-26
Alexis,Mac Allister,MID,61,1.8,108,2654,2,5,7,41,7,0,9,490,475.4,562.2,365.0,139.9,2025-26
Dominik,Szoboszlai,MID,71,15.1,160,3232,6,7,9,52,8,1,21,780,867.8,1324.6,417.0,260.9,2025-26
Curtis,Jones,MID,54,0.1,81,1923,1,3,3,37,2,0,6,447,407.4,412.1,227.0,104.6,2025-26
Ryan,Gravenberch,MID,54,3.7,144,2991,5,5,9,42,5,0,17,671,687.0,497.2,220.0,140.1,2025-26
Endo,Wataru,MID,49,0.1,12,170,0,1,1,5,1,0,0,49,56.0,18.1,6.0,8.0,2025-26
Stefan,Bajčetić Maquieira,MID,42,0.2,0,0,0,0,0,0,0,0,0,0,0.0,0.0,0.0,0.0,2025-26
James,McConnell,MID,44,0.0,0,0,0,0,0,0,0,0,0,0,0.0,0.0,0.0,0.0,2025-26
Tyler,Morton,MID,45,0.0,0,0,0,0,0,0,0,0,0,0,0.0,0.0,0.0,0.0,2025-26
Trey,Nyoni,MID,43,0.3,6,21,0,0,0,1,0,0,0,11,4.2,13.4,4.0,2.1,2025-26
Darwin,Núñez Ribeiro,FWD,65,0.1,0,0,0,0,0,0,0,0,0,0,0.0,0.0,0.0,0.0,2025-26
Jayden,Danns,FWD,43,0.1,0,0,0,0,0,0,0,0,0,0,0.0,0.0,0.0,0.0,2025-26
Alexander,Isak,FWD,103,3.8,41,694,3,1,1,9,0,0,4,140,146.4,39.2,191.0,36.9,2025-26
Hugo,Ekitiké,FWD,90,15.7,125,1797,11,4,7,25,0,0,22,433,525.8,307.2,739.0,156.2,2025-26
Rio,Ngumoha,MID,43,1.4,43,547,2,1,2,12,0,0,4,188,176.0,222.8,203.0,60.1,2025-26
Giovanni,Leoni,DEF,49,0.0,0,0,0,0,0,0,0,0,0,0,0.0,0.0,0.0,0.0,2025-26
Kieran,Morrison,MID,45,0.0,0,0,0,0,0,0,0,0,0,0,0.0,0.0,0.0,0.0,2025-26
Wellity,Lucky,DEF,40,0.0,0,0,0,0,0,0,0,0,0,0,0.0,0.0,0.0,0.0,2025-26
Will,Wright,FWD,45,0.0,0,0,0,0,0,0,0,0,0,0,0.0,0.0,0.0,0.0,2025-26
Talla,Ndiaye,DEF,40,0.0,0,0,0,0,0,0,0,0,0,0,0.0,0.0,0.0,0.0,2025-26
Antoine,Semenyo,MID,80,46.2,202,3200,17,6,12,52,7,0,18,678,923.2,607.4,1047.0,257.7,2025-26
James,Trafford,GK,45,0.9,13,360,0,0,1,6,0,0,0,67,118.0,0.0,0.0,11.9,2025-26
Marc,Guéhi,DEF,51,32.6,179,3150,3,5,14,35,6,0,14,688,901.6,304.6,402.0,160.9,2025-26
Ederson,Santana de Moraes,GK,53,0.8,0,0,0,0,0,0,0,0,0,0,0.0,0.0,0.0,0.0,2025-26
Marcus,Bettinelli,GK,38,0.4,0,0,0,0,0,0,0,0,0,0,0.0,0.0,0.0,0.0,2025-26
Rayan,Aït-Nouri,DEF,57,4.1,60,971,0,2,5,8,2,0,9,237,195.6,216.4,90.0,50.2,2025-26
Joško,Gvardiol,DEF,58,3.2,79,1370,2,2,6,13,2,0,5,303,369.0,109.5,218.0,69.8,2025-26
Manuel,Akanji,DEF,54,0.3,0,0,0,0,0,0,0,0,0,0,0.0,0.0,0.0,0.0,2025-26
Nathan,Aké,DEF,52,0.6,36,686,0,0,3,9,1,0,1,151,132.4,111.7,78.0,32.4,2025-26
Abdukodir,Khusanov,DEF,54,0.7,67,1427,0,0,6,13,2,0,3,293,299.0,112.2,26.0,43.9,2025-26
Matheus,Nunes,DEF,53,2.9,154,2861,1,8,12,28,5,0,16,676,696.0,545.0,131.0,137.6,2025-26
Rúben,dos Santos Gato Alves Dias,DEF,55,3.1,113,2139,2,0,12,22,3,0,4,453,560.8,152.2,96.0,81.0,2025-26
John,Stones,DEF,54,0.6,16,436,0,0,1,10,0,0,0,55,101.8,24.4,4.0,13.0,2025-26
Rico,Lewis,DEF,46,1.2,19,401,0,1,1,7,2,0,2,72,70.8,112.5,55.0,23.8,2025-26
Nico,O'Reilly,DEF,53,19.2,160,2643,5,4,14,25,5,0,10,567,653.8,413.9,573.0,164.1,2025-26
Vitor,de Oliveira Nunes dos Reis,DEF,50,0.0,0,0,0,0,0,0,0,0,0,0,0.0,0.0,0.0,0.0,2025-26
Omar,Marmoush,MID,83,2.9,56,691,3,3,4,5,3,0,5,182,203.2,159.8,284.0,64.4,2025-26
Phil,Foden,MID,80,7.8,131,2078,7,5,11,19,4,0,13,563,583.2,918.8,520.0,201.9,2025-26
Sávio,Moreira de Oliveira,MID,69,0.4,43,817,1,2,3,7,2,0,1,140,138.6,198.4,321.0,65.8,2025-26
Bernardo,Mota Veiga de Carvalho e Silva,MID,62,0.7,102,2869,2,4,13,30,10,0,4,534,514.0,809.0,353.0,167.8,2025-26
Rayan,Cherki,MID,65,17.4,135,1772,4,13,8,18,1,0,16,580,604.2,996.6,579.0,218.1,2025-26
Jérémy,Doku,MID,65,6.6,120,1773,5,8,8,18,0,0,15,526,540.2,841.6,645.0,202.5,2025-26
İlkay,Gündoğan,MID,63,0.1,0,0,0,0,0,0,0,0,0,0,0.0,0.0,0.0,0.0,2025-26
Rodrigo 'Rodri',Hernandez Cascante,MID,63,0.5,69,1510,1,1,5,15,3,0,6,350,358.0,421.5,122.0,90.3,2025-26
Mateo,Kovačić,MID,58,0.0,9,125,0,1,0,3,0,0,0,41,46.0,65.5,3.0,11.5,2025-26
Nico,González Iglesias,MID,59,0.1,63,1561,1,0,7,18,6,0,1,337,309.8,234.1,72.0,61.5,2025-26
Claudio,Echeverri,MID,54,0.0,0,0,0,0,0,0,0,0,0,0,0.0,0.0,0.0,0.0,2025-26
Tijjani,Reijnders,MID,50,8.9,92,1623,5,3,7,18,2,0,6,337,340.0,347.8,435.0,111.2,2025-26
Sverre,Nypan,MID,50,0.0,0,0,0,0,0,0,0,0,0,0,0.0,0.0,0.0,0.0,2025-26
Kalvin,Phillips,MID,47,0.1,0,0,0,0,0,0,0,0,0,0,0.0,0.0,0.0,0.0,2025-26
Erling,Haaland,FWD,147,62.5,239,2953,27,8,13,32,2,0,43,952,1180.4,320.1,1520.0,302.3,2025-26
Gianluigi,Donnarumma,GK,56,9.3,135,3060,0,0,15,29,8,0,5,567,666.6,10.3,2.0,68.0,2025-26
Divine,Mukasa,MID,44,0.0,2,25,0,0,0,0,0,0,0,5,4.2,28.3,4.0,3.7,2025-26
Stephen,Mfuni,DEF,39,0.0,0,0,0,0,0,0,0,0,0,0,0.0,0.0,0.0,0.0,2025-26
Ryan,McAidoo,MID,45,0.0,0,0,0,0,0,0,0,0,0,0,0.0,0.0,0.0,0.0,2025-26
Charlie,Gray,MID,45,0.0,0,0,0,0,0,0,0,0,0,0,0.0,0.0,0.0,0.0,2025-26
Reigan,Heskey,MID,45,0.0,0,0,0,0,0,0,0,0,0,0,0.0,0.0,0.0,0.0,2025-26
Max,Alleyne,DEF,39,0.0,5,135,0,0,0,1,0,0,0,27,34.0,14.8,26.0,7.5,2025-26
Bryan,Mbeumo,MID,83,15.0,148,2611,11,3,8,37,4,0,16,528,628.8,803.1,882.0,231.4,2025-26
Altay,Bayındır,GK,47,0.3,11,540,0,0,0,11,0,0,0,49,118.4,10.0,0.0,12.8,2025-26
André,Onana,GK,49,0.1,0,0,0,0,0,0,0,0,0,0,0.0,0.0,0.0,0.0,2025-26
Elyh,Harrison,GK,40,0.0,0,0,0,0,0,0,0,0,0,0,0.0,0.0,0.0,0.0,2025-26
Tom,Heaton,GK,38,0.6,0,0,0,0,0,0,0,0,0,0,0.0,0.0,0.0,0.0,2025-26
Dermot,Mee,GK,39,0.1,0,0,0,0,0,0,0,0,0,0,0.0,0.0,0.0,0.0,2025-26
Matthijs,de Ligt,DEF,49,1.8,43,1170,1,0,1,20,0,0,5,169,276.6,60.2,122.0,45.7,2025-26
Lisandro,Martínez,DEF,48,0.4,51,1229,0,0,5,15,0,1,3,241,302.8,94.9,19.0,42.0,2025-26
Noussair,Mazraoui,DEF,49,0.3,53,977,0,0,5,10,3,0,6,233,209.0,122.4,37.0,36.8,2025-26
Diego,León Blanco,DEF,41,0.1,0,0,0,0,0,0,0,0,0,0,0.0,0.0,0.0,0.0,2025-26
Diogo,Dalot Teixeira,DEF,45,3.8,111,2609,1,6,7,40,5,0,9,414,535.8,458.5,202.0,119.6,2025-26
Patrick,Dorgu,DEF,41,2.4,95,1440,4,4,4,20,5,0,11,321,469.0,394.2,341.0,120.3,2025-26
Harry,Maguire,DEF,44,1.7,90,1649,1,2,7,20,3,1,5,315,381.6,62.5,184.0,63.0,2025-26
Luke,Shaw,DEF,45,1.1,113,3220,1,1,10,45,9,0,3,449,560.2,314.8,97.0,97.4,2025-26
Leny,Yoro,DEF,41,1.2,56,1730,0,1,2,33,1,0,1,191,327.0,83.1,124.0,53.2,2025-26
Harry,Amass,DEF,40,0.1,0,0,0,0,0,0,0,0,0,0,0.0,0.0,0.0,0.0,2025-26
Tyler,Fredricson,DEF,37,0.2,1,2,0,0,0,0,0,0,0,4,4.0,0.0,0.0,0.4,2025-26
Ayden,Heaven,DEF,37,2.6,42,920,0,1,2,15,2,0,3,164,233.6,32.0,26.0,29.1,2025-26
Tyrell,Malacia,DEF,37,0.6,3,15,0,0,0,1,0,0,0,6,7.6,1.5,0.0,0.9,2025-26
Bruno,Borges Fernandes,MID,104,48.0,235,3065,9,24,7,46,5,0,41,1008,1258.0,1938.5,614.0,381.4,2025-26
Matheus,Santos Carneiro da Cunha,MID,81,8.7,143,2493,10,4,8,35,4,0,14,591,675.8,545.4,801.0,202.5,2025-26
Marcus,Rashford,MID,70,0.0,0,0,0,0,0,0,0,0,0,0,0.0,0.0,0.0,0.0,2025-26
Amad,Diallo,MID,62,1.3,91,2339,2,5,6,33,2,0,7,463,436.6,596.1,600.0,163.5,2025-26
Antony,dos Santos,MID,59,0.1,0,0,0,0,0,0,0,0,0,0,0.0,0.0,0.0,0.0,2025-26
Mason,Mount,MID,59,0.3,58,1010,3,0,5,15,2,0,3,201,201.2,214.1,165.0,58.0,2025-26
Carlos Henrique,Casimiro,MID,58,3.8,165,2575,9,4,9,32,9,1,20,636,903.6,536.1,585.0,202.8,2025-26
Kobbie,Mainoo,MID,47,1.4,73,1653,1,2,6,22,2,0,2,340,365.0,360.1,94.0,82.1,2025-26
Manuel,Ugarte Ribeiro,MID,47,0.1,38,876,0,0,1,23,1,0,0,183,167.2,83.6,48.0,29.8,2025-26
Toby,Collyer,MID,45,0.0,0,0,0,0,0,0,0,0,0,0,0.0,0.0,0.0,0.0,2025-26
Jayce,Fitzgerald,MID,43,0.0,0,0,0,0,0,0,0,0,0,0,0.0,0.0,0.0,0.0,2025-26
Jack,Fletcher,MID,43,0.1,3,107,0,0,0,0,0,0,0,10,18.6,24.4,5.0,4.8,2025-26
Sékou,Koné,MID,43,0.1,0,0,0,0,0,0,0,0,0,0,0.0,0.0,0.0,0.0,2025-26
Jack,Moorhouse,MID,45,0.0,0,0,0,0,0,0,0,0,0,0,0.0,0.0,0.0,0.0,2025-26
Rasmus,Højlund,FWD,63,0.3,0,0,0,0,0,0,0,0,0,0,0.0,0.0,0.0,0.0,2025-26
Joshua,Zirkzee,FWD,58,0.4,42,607,2,1,2,8,3,0,6,146,164.4,177.7,245.0,58.3,2025-26
Chido,Obi,FWD,42,1.4,0,0,0,0,0,0,0,0,0,0,0.0,0.0,0.0,0.0,2025-26
Ethan,Wheatley,FWD,45,0.1,0,0,0,0,0,0,0,0,0,0,0.0,0.0,0.0,0.0,2025-26
Benjamin,Sesko,FWD,72,4.6,111,1630,11,2,2,30,2,0,19,405,483.8,156.1,803.0,143.4,2025-26
Senne,Lammens,GK,51,3.6,109,2880,0,0,8,39,0,0,11,413,635.6,0.0,2.0,63.7,2025-26
Shea,Lacey,MID,45,0.0,3,40,0,0,0,0,0,0,0,9,4.0,2.1,16.0,1.7,2025-26
Bendito,Mantato,MID,45,0.0,1,15,0,0,0,0,0,0,0,3,2.2,11.7,0.0,1.4,2025-26
Tyler,Fletcher,MID,44,0.0,2,17,0,0,0,0,0,0,0,6,0.8,3.0,0.0,0.3,2025-26
Godwill,Kukonki,DEF,40,0.0,0,0,0,0,0,0,0,0,0,0,0.0,0.0,0.0,0.0,2025-26
Jim,Thwaites,MID,45,0.0,0,0,0,0,0,0,0,0,0,0,0.0,0.0,0.0,0.0,2025-26
Jacob,Ramsey,MID,53,0.3,62,1441,2,3,1,31,3,1,3,303,304.4,330.3,165.0,79.9,2025-26
Yoane,Wissa,FWD,73,0.6,27,517,1,1,1,11,3,0,0,70,58.0,46.7,163.0,25.5,2025-26
Nick,Pope,GK,50,4.5,96,2416,0,1,7,38,2,0,3,414,671.0,0.0,35.0,70.7,2025-26
Mark,Gillespie,GK,39,0.1,0,0,0,0,0,0,0,0,0,0,0.0,0.0,0.0,0.0,2025-26
Odysseas,Vlachodimos,GK,40,0.0,0,0,0,0,0,0,0,0,0,0,0.0,0.0,0.0,0.0,2025-26
Lewis,Hall,DEF,53,3.3,79,2176,1,2,4,39,4,0,4,347,550.2,433.6,196.0,118.0,2025-26
Fabian,Schär,DEF,52,1.1,51,1089,0,0,4,13,1,0,0,186,291.2,63.6,108.0,46.4,2025-26
Sven,Botman,DEF,49,0.5,89,1834,1,1,5,27,2,0,6,332,597.0,85.8,190.0,87.4,2025-26
Dan,Burn,DEF,50,3.6,93,2195,1,3,6,36,9,1,5,286,525.8,107.3,186.0,82.1,2025-26
Tino,Livramento,DEF,49,1.8,59,1326,0,1,6,14,1,0,3,252,219.4,199.7,42.0,46.1,2025-26
Kieran,Trippier,DEF,49,1.4,54,1586,0,1,5,27,3,0,2,225,288.0,488.5,14.0,79.0,2025-26
Emil,Krafth,DEF,43,0.0,0,45,0,0,0,2,0,0,0,-8,1.4,1.2,0.0,0.3,2025-26
Jamaal,Lascelles,DEF,43,0.0,1,19,0,0,0,2,0,0,0,0,10.2,0.0,7.0,1.7,2025-26
Alex,Murphy,DEF,38,0.7,2,7,0,0,0,1,0,0,0,3,10.2,0.6,2.0,1.3,2025-26
Harrison,Ashby,DEF,39,0.1,0,0,0,0,0,0,0,0,0,0,0.0,0.0,0.0,0.0,2025-26
Miodrag,Pivaš,DEF,38,0.4,0,0,0,0,0,0,0,0,0,0,0.0,0.0,0.0,0.0,2025-26
Matt,Targett,DEF,40,0.1,0,0,0,0,0,0,0,0,0,0,0.0,0.0,0.0,0.0,2025-26
Anthony,Gordon,MID,72,3.1,101,1798,6,4,8,30,3,1,10,352,393.8,404.2,514.0,130.9,2025-26
Anthony,Elanga,MID,65,2.6,48,1302,0,1,2,28,0,0,0,179,130.4,266.7,185.0,57.8,2025-26
Harvey,Barnes,MID,61,1.3,106,1951,7,1,5,31,1,0,9,349,404.0,387.5,682.0,147.0,2025-26
Bruno,Guimarães Rodriguez Moura,MID,69,6.5,154,2456,9,7,6,37,6,0,22,681,782.4,756.7,488.0,202.9,2025-26
Jacob,Murphy,MID,59,0.6,82,1606,3,2,8,20,2,0,5,314,330.8,393.7,346.0,106.0,2025-26
Joelinton Cássio,Apolinário de Lira,MID,59,0.3,73,1950,2,1,5,27,10,0,2,304,324.4,296.3,329.0,95.0,2025-26
Sandro,Tonali,MID,53,1.0,81,2534,0,2,7,38,4,0,2,477,398.0,534.1,198.0,113.4,2025-26
Antoñito,Cordero Campillo,MID,49,0.0,0,0,0,0,0,0,0,0,0,0,0.0,0.0,0.0,0.0,2025-26
Joe,Willock,MID,50,0.1,38,972,0,2,3,18,3,0,0,166,145.4,205.8,204.0,55.5,2025-26
Isaac,Hayden,MID,45,0.0,0,0,0,0,0,0,0,0,0,0,0.0,0.0,0.0,0.0,2025-26
Garang,Kuol,MID,44,0.0,0,0,0,0,0,0,0,0,0,0,0.0,0.0,0.0,0.0,2025-26
Lewis,Miley,MID,44,1.7,72,1493,1,4,2,22,0,0,5,334,342.6,251.4,136.0,73.0,2025-26
Joe,White,MID,45,0.0,0,0,0,0,0,0,0,0,0,0,0.0,0.0,0.0,0.0,2025-26
William,Osula,FWD,55,2.1,76,805,7,1,2,14,0,0,13,284,256.6,82.6,284.0,62.2,2025-26
Sean,Neave,FWD,43,0.3,1,13,0,0,0,1,0,0,0,2,0.0,0.0,5.0,0.5,2025-26
Aaron,Ramsdale,GK,48,0.7,25,1003,0,0,1,17,2,0,1,107,212.8,10.0,0.0,22.3,2025-26
Malick,Thiaw,DEF,49,4.7,126,2963,4,0,5,52,4,0,12,436,868.0,114.3,409.0,138.9,2025-26
Seung-Soo,Park,MID,43,0.5,0,0,0,0,0,0,0,0,0,0,0.0,0.0,0.0,0.0,2025-26
Nick,Woltemade,FWD,67,6.5,108,1896,8,4,8,29,0,0,12,399,447.2,314.4,425.0,117.5,2025-26
John,Ruddy,GK,40,0.0,0,0,0,0,0,0,0,0,0,0,0.0,0.0,0.0,0.0,2025-26
Leo,Shahar,DEF,40,0.0,0,0,0,0,0,0,0,0,0,0,0.0,0.0,0.0,0.0,2025-26
Sam,Alabi,MID,45,0.0,0,0,0,0,0,0,0,0,0,0,0.0,0.0,0.0,0.0,2025-26
Oleksandr,Zinchenko,DEF,49,0.2,7,352,0,0,0,6,0,0,0,56,80.8,83.4,22.0,18.6,2025-26
Stefan,Ortega Moreno,GK,47,0.2,11,270,0,0,1,4,0,0,0,38,68.6,0.0,0.0,6.9,2025-26
James,McAtee,MID,50,0.1,17,288,0,1,0,9,1,0,0,60,51.6,82.0,39.0,17.3,2025-26
Matz,Sels,GK,46,5.0,105,2667,0,0,7,39,2,0,3,431,730.0,10.0,0.0,74.0,2025-26
Carlos Miguel,dos Santos Pereira,GK,40,0.1,0,0,0,0,0,0,0,0,0,0,0.0,0.0,0.0,0.0,2025-26
Matt,Turner,GK,40,0.1,0,0,0,0,0,0,0,0,0,0,0.0,0.0,0.0,0.0,2025-26
Nikola,Milenković,DEF,51,3.3,119,3375,0,1,9,51,6,0,2,401,680.4,66.9,120.0,86.9,2025-26
Murillo,Costa dos Santos,DEF,52,1.8,83,2130,1,0,6,29,5,0,3,333,542.2,115.5,82.0,74.0,2025-26
Ola,Aina,DEF,47,2.1,67,1587,0,2,6,19,3,0,5,264,285.2,160.3,58.0,50.5,2025-26
Neco,Williams,DEF,48,4.2,128,3203,2,3,9,48,6,1,15,531,804.0,572.3,380.0,175.6,2025-26
David,Mota Veiga Teixeira do Carmo,DEF,45,0.0,0,0,0,0,0,0,0,0,0,0,0.0,0.0,0.0,0.0,2025-26
Jair,Paula da Cunha Filho,DEF,42,0.1,13,514,0,0,0,7,0,0,0,48,98.0,15.2,29.0,14.2,2025-26
Felipe,Rodrigues da Silva,DEF,43,0.1,53,1340,1,0,2,23,5,0,1,190,371.2,37.6,96.0,50.5,2025-26
Omar,Richards,DEF,45,0.0,0,0,0,0,0,0,0,0,0,0,0.0,0.0,0.0,0.0,2025-26
Zach,Abbott,DEF,38,0.2,3,165,0,0,0,4,0,0,0,3,25.4,6.4,0.0,3.2,2025-26
Willy,Boly,DEF,38,0.3,0,0,0,0,0,0,0,0,0,0,0.0,0.0,0.0,0.0,2025-26
Morgan,Gibbs-White,MID,76,9.2,188,3101,15,4,10,45,1,0,18,712,843.8,747.7,836.0,242.5,2025-26
Callum,Hudson-Odoi,MID,57,0.6,88,1838,3,4,6,26,0,0,8,358,366.6,611.7,330.0,130.6,2025-26
Elliot,Anderson,MID,57,9.4,180,3332,4,5,10,50,8,0,16,795,915.2,961.5,310.0,219.0,2025-26
João Pedro,Ferreira da Silva,MID,54,0.0,1,11,0,0,0,0,0,0,0,6,5.0,0.5,4.0,1.0,2025-26
Nicolás,Domínguez,MID,50,0.0,48,1168,1,1,3,20,3,0,3,229,264.8,193.5,138.0,59.7,2025-26
Lewis,O'Brien,MID,50,0.0,0,0,0,0,0,0,0,0,0,0,0.0,0.0,0.0,0.0,2025-26
Ibrahim,Sangaré,MID,49,0.1,89,2073,2,2,8,26,5,0,2,366,434.4,205.9,126.0,76.8,2025-26
Ryan,Yates,MID,47,0.1,30,602,0,2,0,7,3,0,0,123,139.0,79.7,55.0,27.2,2025-26
Eric,da Silva Moreira,MID,45,0.1,0,0,0,0,0,0,0,0,0,0,0.0,0.0,0.0,0.0,2025-26
Marko,Stamenić,MID,45,0.0,0,0,0,0,0,0,0,0,0,0,0.0,0.0,0.0,0.0,2025-26
Chris,Wood,FWD,71,4.7,41,896,3,0,2,14,0,0,4,145,139.0,88.4,266.0,48.0,2025-26
Igor Jesus,Maciel da Cruz,FWD,59,2.4,114,2293,6,6,9,37,2,0,13,407,420.6,240.7,726.0,136.4,2025-26
Taiwo,Awoniyi,FWD,52,0.4,43,480,4,2,1,4,2,0,4,170,177.2,79.0,235.0,48.4,2025-26
Dan,Ndoye,MID,55,0.7,50,1167,1,2,2,17,1,0,4,178,166.4,217.7,180.0,56.6,2025-26
Angus,Gunn,GK,40,1.1,1,45,0,0,0,0,0,0,0,4,1.2,0.0,0.0,0.1,2025-26
Omari,Hutchinson,MID,54,0.1,82,1676,1,7,6,24,1,0,3,329,333.6,527.1,356.0,121.6,2025-26
Arnaud,Kalimuendo,FWD,60,0.1,9,89,0,0,0,3,0,0,0,24,6.8,17.7,39.0,6.3,2025-26
John Victor,Maciel Furtado,GK,40,0.3,11,437,0,0,1,8,1,0,0,32,56.4,0.0,0.0,5.7,2025-26
Nicolò,Savona,DEF,45,0.0,39,1025,2,0,3,18,2,0,0,131,216.6,123.2,94.0,43.5,2025-26
Luis Eduardo,Soares da Silva,DEF,45,0.0,0,0,0,0,0,0,0,0,0,0,0.0,0.0,0.0,0.0,2025-26
Dilane,Bakwa,MID,59,0.0,26,549,0,2,2,10,1,0,1,100,86.4,178.8,95.0,35.6,2025-26
Lorenzo,Lucca,FWD,53,0.0,9,126,1,0,1,1,0,0,0,33,37.2,13.0,39.0,8.5,2025-26
Luca,Netz,DEF,45,0.0,11,353,0,0,0,5,0,0,0,33,63.4,30.1,10.0,10.4,2025-26
Archie,Whitehall,MID,45,0.0,0,0,0,0,0,0,0,0,0,0,0.0,0.0,0.0,0.0,2025-26
Jimmy,Sinclair,MID,45,0.0,0,0,0,0,0,0,0,0,0,0,0.0,0.0,0.0,0.0,2025-26
Lamin,Sillah,FWD,45,0.0,0,0,0,0,0,0,0,0,0,0,0.0,0.0,0.0,0.0,2025-26
Anthony,Patterson,GK,42,0.1,0,0,0,0,0,0,0,0,0,0,0.0,0.0,0.0,0.0,2025-26
Simon,Moore,GK,39,0.3,0,0,0,0,0,0,0,0,0,0,0.0,0.0,0.0,0.0,2025-26
Blondy,Nna Noukeu,GK,39,0.1,0,0,0,0,0,0,0,0,0,0,0.0,0.0,0.0,0.0,2025-26
Daniel,Ballard,DEF,46,2.4,116,2144,2,2,6,35,4,1,9,340,662.8,181.2,370.0,121.5,2025-26
Trai,Hume,DEF,45,0.3,110,3032,2,1,9,42,9,0,6,383,547.8,421.3,248.0,120.9,2025-26
Aji,Alese,DEF,40,0.0,0,0,0,0,0,0,0,0,0,0,0.0,0.0,0.0,0.0,2025-26
Joe,Anderson,DEF,38,0.3,0,0,0,0,0,0,0,0,0,0,0.0,0.0,0.0,0.0,2025-26
Dennis,Cirkin,DEF,40,0.0,14,319,0,0,1,2,2,0,0,43,59.2,9.7,10.0,7.5,2025-26
Leo Fuhr,Hjelde,DEF,40,0.0,0,0,0,0,0,0,0,0,0,0,0.0,0.0,0.0,0.0,2025-26
Niall,Huggins,DEF,40,0.1,0,0,0,0,0,0,0,0,0,0,0.0,0.0,0.0,0.0,2025-26
Zak,Johnson,DEF,38,0.2,0,0,0,0,0,0,0,0,0,0,0.0,0.0,0.0,0.0,2025-26
Luke,O'Nien,DEF,40,0.1,26,565,0,1,2,7,1,1,1,90,103.0,27.6,40.0,17.1,2025-26
Timothée,Pembélé,DEF,39,0.3,0,0,0,0,0,0,0,0,0,0,0.0,0.0,0.0,0.0,2025-26
Reinildo,Mandava,DEF,38,3.0,74,1966,0,2,6,27,7,1,6,281,376.4,130.2,39.0,54.7,2025-26
Jenson,Seelt,DEF,40,0.1,2,133,0,0,0,2,0,0,0,11,33.6,2.4,0.0,3.6,2025-26
Simon,Adingra,MID,49,0.3,34,649,1,1,4,8,2,0,3,81,81.4,116.8,75.0,27.0,2025-26
Habib,Diarra,MID,53,0.1,65,1403,2,6,5,19,6,0,3,209,166.2,153.8,234.0,53.9,2025-26
Patrick,Roberts,MID,54,0.0,1,27,0,0,0,1,0,0,0,4,1.8,7.3,5.0,1.4,2025-26
Milan,Aleksić,MID,49,0.0,0,0,0,0,0,0,0,0,0,0,0.0,0.0,0.0,0.0,2025-26
Enzo,Le Fée,MID,48,1.6,147,2930,5,6,10,43,5,0,16,621,725.8,816.4,324.0,186.9,2025-26
Romaine,Mundle,MID,49,0.0,14,399,0,0,0,11,1,0,0,42,29.4,33.6,69.0,12.7,2025-26
Dan,Neil,MID,48,0.0,3,13,0,0,0,0,0,0,0,10,3.0,1.4,0.0,0.4,2025-26
Ian,Poveda-Ocampo,MID,47,0.0,0,0,0,0,0,0,0,0,0,0,0.0,0.0,0.0,0.0,2025-26
Chris,Rigg,MID,47,0.1,36,758,1,1,3,11,1,0,1,136,114.6,142.8,103.0,36.0,2025-26
Noah,Sadiki,MID,49,0.1,80,2891,0,2,9,42,9,0,0,410,347.6,333.3,162.0,84.6,2025-26
Chemsdine,Talbi,MID,49,0.2,83,1553,4,2,7,14,0,0,6,248,238.8,211.5,245.0,69.1,2025-26
Abdoullah,Ba,MID,43,0.3,0,0,0,0,0,0,0,0,0,0,0.0,0.0,0.0,0.0,2025-26
Alan,Browne,MID,45,0.0,0,0,0,0,0,0,0,0,0,0,0.0,0.0,0.0,0.0,2025-26
Pierre,Ekwah Elimby,MID,45,0.0,0,0,0,0,0,0,0,0,0,0,0.0,0.0,0.0,0.0,2025-26
Harrison,Jones,MID,43,0.1,0,0,0,0,0,0,0,0,0,0,0.0,0.0,0.0,0.0,2025-26
Jay,Matete,MID,43,0.2,0,0,0,0,0,0,0,0,0,0,0.0,0.0,0.0,0.0,2025-26
Nectarios,Triantis,MID,44,0.0,0,0,0,0,0,0,0,0,0,0,0.0,0.0,0.0,0.0,2025-26
Wilson,Isidor,FWD,50,1.3,74,1148,6,1,4,17,1,0,7,266,242.0,30.4,444.0,71.5,2025-26
Eliezer,Mayenda Dossou,FWD,51,0.5,40,751,2,0,3,9,0,0,5,124,117.6,53.8,188.0,35.5,2025-26
Ahmed,Abdullahi,FWD,42,0.4,0,0,0,0,0,0,0,0,0,0,0.0,0.0,0.0,0.0,2025-26
Luís Hemir,Silva Semedo,FWD,44,0.1,0,0,0,0,0,0,0,0,0,0,0.0,0.0,0.0,0.0,2025-26
Nazarii,Rusyn,FWD,44,0.1,0,0,0,0,0,0,0,0,0,0,0.0,0.0,0.0,0.0,2025-26
Granit,Xhaka,MID,51,3.2,124,2901,1,6,9,39,8,0,8,603,685.0,595.3,101.0,138.1,2025-26
Robin,Roefs,GK,48,8.0,136,3150,0,0,10,46,4,0,12,573,881.6,50.0,0.0,93.1,2025-26
Arthur,Masuaku,DEF,39,0.5,1,125,0,0,0,2,1,0,0,4,21.8,20.1,7.0,4.9,2025-26
Omar,Alderete,DEF,41,4.9,125,2797,1,1,10,40,6,0,5,400,749.0,138.1,279.0,117.0,2025-26
Nordi,Mukiele,DEF,46,8.7,151,2784,3,5,9,40,5,0,11,489,733.6,353.1,242.0,132.9,2025-26
Lutsharel,Geertruida,DEF,45,0.1,55,1681,0,0,3,23,2,0,0,231,274.6,135.7,102.0,51.2,2025-26
Brian,Brobbey,FWD,53,0.9,92,1920,7,2,6,30,6,0,12,309,333.4,200.5,552.0,106.7,2025-26
Bertrand,Traoré,MID,55,0.0,30,634,1,1,3,9,1,0,1,118,115.6,108.4,135.0,35.9,2025-26
Jenson,Jones,DEF,40,0.0,0,0,0,0,0,0,0,0,0,0,0.0,0.0,0.0,0.0,2025-26
Tymur,Tutierov,MID,45,0.0,0,0,0,0,0,0,0,0,0,0,0.0,0.0,0.0,0.0,2025-26
Djiamgone Jocelin Ta,Bi,MID,49,0.0,1,38,0,0,0,0,0,0,0,4,3.4,4.3,2.0,1.0,2025-26
Melker,Ellborg,GK,40,0.1,16,270,0,0,1,2,0,0,3,62,73.6,0.0,0.0,7.4,2025-26
Nilson,Angulo,MID,50,0.0,13,401,0,0,1,6,1,0,0,43,45.4,44.3,89.0,17.8,2025-26
Jack,Whittaker,MID,45,0.0,0,0,0,0,0,0,0,0,0,0,0.0,0.0,0.0,0.0,2025-26
Jaydon,Jones,MID,45,0.0,0,0,0,0,0,0,0,0,0,0,0.0,0.0,0.0,0.0,2025-26
Guglielmo,Vicario,GK,47,4.7,90,2790,0,0,7,50,1,0,6,412,709.2,10.1,0.0,72.2,2025-26
Brandon,Austin,GK,39,0.3,0,0,0,0,0,0,0,0,0,0,0.0,0.0,0.0,0.0,2025-26
Antonín,Kinský,GK,39,1.9,20,630,0,0,2,7,1,0,0,76,102.6,0.0,0.0,10.3,2025-26
Pedro,Porro Sauceda,DEF,52,11.7,117,2793,1,3,9,40,10,0,8,502,690.2,881.7,202.0,177.5,2025-26
Cristian,Romero,DEF,50,2.9,91,1869,4,1,5,33,9,2,10,305,574.8,133.6,223.0,93.2,2025-26
Kevin,Danso,DEF,42,0.2,63,1489,0,0,4,25,8,0,1,219,407.0,49.5,96.0,55.5,2025-26
Ben,Davies,DEF,43,0.1,10,136,1,0,0,3,1,0,1,29,67.4,22.2,52.0,14.2,2025-26
Radu,Drăgușin,DEF,45,0.0,17,515,0,0,0,13,0,0,0,34,130.6,3.2,27.0,16.1,2025-26
Djed,Spence,DEF,41,0.9,78,2049,0,0,9,31,4,0,3,271,291.0,209.7,207.0,70.5,2025-26
Destiny,Udogie,DEF,43,0.3,29,1335,0,1,1,25,4,0,1,121,207.2,187.0,103.0,49.8,2025-26
Micky,van de Ven,DEF,44,17.6,116,3041,4,1,9,50,9,1,10,431,683.4,95.2,218.0,99.6,2025-26
Ashley,Phillips,DEF,40,0.0,0,0,0,0,0,0,0,0,0,0,0.0,0.0,0.0,0.0,2025-26
Takai,Kōta,DEF,40,0.0,0,0,0,0,0,0,0,0,0,0,0.0,0.0,0.0,0.0,2025-26
Luka,Vušković,DEF,39,0.3,0,0,0,0,0,0,0,0,0,0,0.0,0.0,0.0,0.0,2025-26
Son,Heung-min,MID,85,0.1,0,0,0,0,0,0,0,0,0,0,0.0,0.0,0.0,0.0,2025-26
James,Maddison,MID,68,0.3,3,34,0,0,0,0,0,0,0,5,2.8,9.5,15.0,2.8,2025-26
Mohammed,Kudus,MID,64,9.1,75,1535,2,6,7,20,3,0,7,257,333.4,413.8,302.0,104.7,2025-26
Dejan,Kulusevski,MID,64,0.0,0,0,0,0,0,0,0,0,0,0,0.0,0.0,0.0,0.0,2025-26
Mathys,Tel,MID,62,0.5,78,1334,4,2,3,23,1,0,7,266,303.4,457.2,312.0,107.6,2025-26
Rodrigo,Bentancur,MID,52,0.2,86,1880,1,1,8,25,7,0,4,366,349.0,197.8,124.0,67.4,2025-26
Lucas,Bergvall,MID,52,0.2,49,955,1,3,3,18,2,0,0,163,164.6,106.4,147.0,41.5,2025-26
Yves,Bissouma,MID,52,0.0,17,600,0,0,1,17,4,0,0,99,89.6,25.5,23.0,13.7,2025-26
Wilson,Odobert,MID,53,0.0,46,972,0,2,2,13,0,0,6,176,158.8,284.3,234.0,67.6,2025-26
Manor,Solomon,MID,54,0.0,0,0,0,0,0,0,0,0,0,0,0.0,0.0,0.0,0.0,2025-26
Bryan,Gil Salvatierra,MID,49,0.0,0,0,0,0,0,0,0,0,0,0,0.0,0.0,0.0,0.0,2025-26
Archie,Gray,MID,48,0.1,61,1471,2,2,5,28,5,0,6,237,259.4,138.1,158.0,55.5,2025-26
Mikey,Moore,MID,50,0.0,0,0,0,0,0,0,0,0,0,0,0.0,0.0,0.0,0.0,2025-26
Pape Matar,Sarr,MID,45,1.0,71,1388,2,4,3,23,3,0,2,313,336.0,188.3,156.0,68.2,2025-26
Yang,Min-hyeok,MID,45,0.0,0,0,0,0,0,0,0,0,0,0,0.0,0.0,0.0,0.0,2025-26
Callum,Olusesi,MID,43,0.2,1,14,0,0,0,0,0,0,0,3,0.6,1.8,0.0,0.2,2025-26
Dominic,Solanke-Mitchell,FWD,71,1.1,40,997,3,0,0,21,1,0,4,187,205.0,84.1,339.0,62.7,2025-26
Richarlison,de Andrade,FWD,65,8.7,119,1954,11,4,7,27,5,0,17,505,602.6,239.6,815.0,165.2,2025-26
Will,Lankshear,FWD,45,0.0,0,0,0,0,0,0,0,0,0,0,0.0,0.0,0.0,0.0,2025-26
Dane,Scarlett,FWD,43,0.5,2,7,0,0,0,0,0,0,0,5,1.0,4.1,2.0,0.7,2025-26
João Maria,Lobo Alves Palhares Costa Palhinha Gonçalves,MID,55,0.9,126,2192,5,3,5,37,8,0,17,518,638.0,147.8,295.0,108.3,2025-26
Xavi,Simons,MID,63,1.1,80,1747,2,5,4,36,5,1,7,345,349.6,533.8,255.0,113.9,2025-26
Randal,Kolo Muani,FWD,69,0.4,52,1655,1,1,4,31,3,0,1,150,169.6,267.3,287.0,71.0,2025-26
Jun'ai,Byfield,DEF,40,0.0,1,1,0,0,0,0,0,0,0,3,0.4,0.5,0.0,0.1,2025-26
James,Rowswell,DEF,40,0.0,1,1,0,0,0,0,0,0,0,3,0.0,0.0,0.0,0.0,2025-26
Yusuf,Akhamrich,MID,45,0.0,0,0,0,0,0,0,0,0,0,0,0.0,0.0,0.0,0.0,2025-26
Lucá,Williams-Barnett,MID,45,0.0,0,0,0,0,0,0,0,0,0,0,0.0,0.0,0.0,0.0,2025-26
Conor,Gallagher,MID,50,0.2,44,1183,1,1,2,23,2,0,3,211,190.6,205.9,154.0,55.1,2025-26
João Victor,de Souza Menezes,DEF,40,0.0,3,142,0,0,0,3,1,0,0,0,12.8,31.9,17.0,6.2,2025-26
Rio,Kyerematen,MID,45,0.0,0,0,0,0,0,0,0,0,0,0,0.0,0.0,0.0,0.0,2025-26
James,Wilson,FWD,45,0.0,0,0,0,0,0,0,0,0,0,0,0.0,0.0,0.0,0.0,2025-26
Adama,Traoré Diarra,MID,51,0.1,25,376,0,0,0,12,1,0,0,74,33.4,73.8,70.0,17.2,2025-26
Alphonse,Areola,GK,42,1.9,51,1800,0,1,0,37,0,0,2,220,570.4,10.0,0.0,57.9,2025-26
Wes,Foderingham,GK,40,0.2,0,0,0,0,0,0,0,0,0,0,0.0,0.0,0.0,0.0,2025-26
Krisztián,Hegyi,GK,39,0.2,0,0,0,0,0,0,0,0,0,0,0.0,0.0,0.0,0.0,2025-26
El Hadji Malick,Diouf,DEF,41,2.4,104,2706,0,6,9,47,6,0,3,381,583.6,480.2,133.0,119.8,2025-26
Emerson,Palmieri dos Santos,DEF,44,0.0,0,0,0,0,0,0,0,0,0,0,0.0,0.0,0.0,0.0,2025-26
Maximilian,Kilman,DEF,40,0.1,36,1559,0,0,1,37,4,0,0,80,392.4,55.8,60.0,50.9,2025-26
Konstantinos,Mavropanos,DEF,45,2.6,122,2532,3,0,6,44,2,0,5,386,777.2,66.6,294.0,113.8,2025-26
Nayef,Aguerd,DEF,44,0.0,3,180,0,0,0,8,0,0,0,-1,39.0,3.9,8.0,5.1,2025-26
Ollie,Scarles,DEF,43,0.0,21,656,0,1,0,16,2,0,0,88,142.2,82.1,22.0,24.6,2025-26
Jean-Clair,Todibo,DEF,43,0.1,46,1817,0,1,1,37,5,1,1,160,383.4,66.6,26.0,47.7,2025-26
Aaron,Wan-Bissaka,DEF,41,4.3,67,2080,0,3,3,43,4,0,0,203,432.0,305.6,30.0,77.2,2025-26
Kaelan,Casey,DEF,40,0.1,0,0,0,0,0,0,0,0,0,0,0.0,0.0,0.0,0.0,2025-26
Lucas,Tolentino Coelho de Lima,MID,59,1.0,69,1513,4,2,3,33,5,1,8,291,374.6,397.2,186.0,95.7,2025-26
Tomáš,Souček,MID,57,0.5,103,2190,5,2,7,43,3,1,9,428,526.6,191.9,483.0,120.4,2025-26
Crysencio,Summerville,MID,54,1.6,110,2470,5,4,8,42,6,0,10,412,445.8,460.9,546.0,145.0,2025-26
Edson,Álvarez Velázquez,MID,49,0.0,0,0,0,0,0,0,0,0,0,0,0.0,0.0,0.0,0.0,2025-26
Maxwel,Cornet,MID,49,0.0,0,0,0,0,0,0,0,0,0,0,0.0,0.0,0.0,0.0,2025-26
Guido,Rodríguez,MID,48,0.0,8,175,0,0,1,2,1,0,0,30,9.8,6.0,2.0,1.7,2025-26
Luis Guilherme,Lira dos Santos,MID,49,0.0,5,121,0,0,0,2,0,0,0,11,9.2,14.5,4.0,2.5,2025-26
George,Earthy,MID,45,0.0,1,8,0,0,0,1,0,0,0,3,0.0,1.5,2.0,0.4,2025-26
Andy,Irving,MID,43,0.2,9,156,0,0,0,4,0,0,0,49,31.6,52.3,2.0,8.6,2025-26
Lewis,Orford,MID,44,0.1,0,0,0,0,0,0,0,0,0,0,0.0,0.0,0.0,0.0,2025-26
Freddie,Potts,MID,43,0.5,37,1162,0,1,1,25,1,0,0,215,191.2,141.3,37.0,37.1,2025-26
Jarrod,Bowen,FWD,78,17.5,187,3406,9,13,8,63,4,0,28,731,881.4,694.0,813.0,238.9,2025-26
Niclas,Füllkrug,FWD,56,0.6,12,407,0,0,1,11,0,0,0,28,26.0,85.1,130.0,23.8,2025-26
Callum,Marshall,FWD,43,0.5,2,58,0,0,0,2,0,0,0,0,1.2,0.1,7.0,0.8,2025-26
Kyle,Walker-Peters,DEF,42,0.3,53,1378,1,0,4,25,2,0,0,219,267.0,124.5,106.0,49.8,2025-26
Callum,Wilson,FWD,58,0.6,80,1234,7,2,1,24,1,0,7,296,305.2,109.0,509.0,91.1,2025-26
Mads,Hermansen,GK,42,1.0,76,1620,0,1,7,28,0,0,8,282,422.0,20.0,0.0,44.2,2025-26
Mateus Gonçalo,Espanha Fernandes,MID,55,0.6,135,3017,3,4,8,50,7,0,7,659,657.2,622.8,183.0,146.3,2025-26
Soungoutou,Magassa,MID,50,0.0,42,971,1,0,2,23,4,0,2,185,182.0,83.4,44.0,31.0,2025-26
Lukasz,Fabianski,GK,45,0.0,0,0,0,0,0,0,0,0,0,0,0.0,0.0,0.0,0.0,2025-26
Ezra,Mayers,DEF,40,0.0,6,113,0,0,0,3,0,0,0,18,21.8,34.9,9.0,6.6,2025-26
Airidas,Golambeckis,DEF,40,0.0,0,0,0,0,0,0,0,0,0,0,0.0,0.0,0.0,0.0,2025-26
Mohamadou,Kanté,MID,45,0.0,9,67,0,0,0,1,2,0,0,29,18.0,13.2,12.0,4.0,2025-26
Pablo Felipe,Pereira de Jesus,FWD,54,0.0,26,819,0,1,3,12,0,0,0,102,111.8,191.5,108.0,41.3,2025-26
Valentín,Castellanos,FWD,55,0.3,61,1384,6,1,9,16,6,0,5,243,280.6,175.5,595.0,103.9,2025-26
Keiber,Lamadrid,MID,50,0.0,0,0,0,0,0,0,0,0,0,0,0.0,0.0,0.0,0.0,2025-26
Axel,Disasi,DEF,45,0.2,49,1254,0,0,6,17,1,0,1,186,220.8,19.9,84.0,32.4,2025-26
Finlay,Herrick,GK,40,0.0,0,0,0,0,0,0,0,0,0,0,0.0,0.0,0.0,0.0,2025-26
Sam,Johnstone,GK,44,0.1,21,1080,0,0,0,24,0,0,0,117,308.0,0.1,0.0,30.8,2025-26
José,Malheiro de Sá,GK,42,1.1,68,2070,0,0,4,37,2,0,8,303,514.2,10.0,0.0,52.8,2025-26
Daniel,Bentley,GK,39,0.5,6,270,0,0,0,7,0,0,0,24,65.4,0.0,0.0,6.5,2025-26
Emmanuel,Agbadou,DEF,42,0.1,23,1100,0,0,0,29,1,1,0,86,312.2,76.0,75.0,46.4,2025-26
Matt,Doherty,DEF,44,0.1,14,786,0,0,1,15,4,0,0,59,132.4,51.1,20.0,20.5,2025-26
Hugo,Bueno López,DEF,43,0.2,83,2359,1,3,4,44,3,0,4,325,554.6,673.9,172.0,140.4,2025-26
Yerson,Mosquera Valdelamar,DEF,43,0.1,61,2137,0,0,4,40,12,0,3,209,426.0,140.4,268.0,83.5,2025-26
Rodrigo,Martins Gomes,DEF,44,0.1,48,954,3,0,1,18,0,0,0,100,185.6,75.5,221.0,48.2,2025-26
Santiago,Ignacio Bueno,DEF,44,0.2,92,2552,3,2,4,47,4,0,4,310,611.2,131.8,259.0,100.0,2025-26
Toti,Gomes,DEF,42,0.1,41,1423,0,0,1,33,1,1,0,140,349.0,92.7,73.0,51.7,2025-26
Ki-Jana,Hoever,DEF,38,0.8,10,423,0,0,0,13,0,0,0,38,101.4,87.8,13.0,20.3,2025-26
Bastien,Meupiyou Menadjou,DEF,40,0.0,0,0,0,0,0,0,0,0,0,0,0.0,0.0,0.0,0.0,2025-26
Pedro,Cardoso de Lima,DEF,40,0.4,10,257,0,0,0,6,0,0,0,18,36.4,48.5,39.0,12.3,2025-26
Alfie,Pond,DEF,39,0.9,0,0,0,0,0,0,0,0,0,0,0.0,0.0,0.0,0.0,2025-26
Hwang,Hee-chan,MID,56,0.1,54,1439,2,2,2,29,5,0,0,165,163.4,216.5,166.0,53.4,2025-26
André,Trindade da Costa Neto,MID,52,0.1,96,2760,1,0,2,53,12,0,4,473,423.0,320.6,46.0,78.9,2025-26
Jean-Ricner,Bellegarde,MID,51,0.0,44,1239,1,1,3,30,5,0,0,208,195.4,210.3,145.0,54.6,2025-26
Fer,López González,MID,51,0.0,12,228,0,1,0,9,1,0,0,38,29.0,61.0,37.0,12.4,2025-26
João Victor,Gomes da Silva,MID,53,0.3,107,2829,1,2,4,56,10,0,6,529,486.6,353.4,176.0,102.0,2025-26
Gonçalo Manuel,Ganchinho Guedes,MID,55,0.0,0,0,0,0,0,0,0,0,0,0,0.0,0.0,0.0,0.0,2025-26
Marshall,Munetsi,MID,53,0.0,38,872,1,2,0,19,2,0,1,131,163.6,61.8,196.0,42.1,2025-26
Boubacar,Traoré,MID,50,0.0,0,0,0,0,0,0,0,0,0,0,0.0,0.0,0.0,0.0,2025-26
Tawanda,Chirewa,MID,43,0.2,2,25,0,0,0,0,0,0,0,4,3.2,0.3,0.0,0.4,2025-26
Tom,Edozie,MID,43,0.4,8,12,1,0,0,0,0,0,0,27,34.4,0.4,23.0,5.8,2025-26
Enso,González Medina,MID,43,1.2,0,0,0,0,0,0,0,0,0,0,0.0,0.0,0.0,0.0,2025-26
Joe,Hodge,MID,45,0.0,0,0,0,0,0,0,0,0,0,0,0.0,0.0,0.0,0.0,2025-26
Fábio,Soares Silva,FWD,49,0.2,0,0,0,0,0,0,0,0,0,0,0.0,0.0,0.0,0.0,2025-26
Saša,Kalajdžić,FWD,49,0.0,1,14,0,0,0,0,0,0,0,1,1.0,4.3,2.0,0.7,2025-26
Leon,Chiwome,FWD,44,0.0,0,0,0,0,0,0,0,0,0,0,0.0,0.0,0.0,0.0,2025-26
Nathan,Fraser,FWD,42,1.7,0,0,0,0,0,0,0,0,0,0,0.0,0.0,0.0,0.0,2025-26
Jhon,Arias,MID,49,0.1,45,1117,1,0,2,21,1,0,2,175,171.0,204.0,148.0,52.1,2025-26
David,Møller Wolfe,DEF,42,0.1,35,1042,0,2,1,23,1,0,0,78,159.8,126.5,46.0,33.3,2025-26
Jackson,Tchatchoua,DEF,44,0.0,52,1834,0,1,3,37,3,0,0,156,318.2,349.9,69.0,73.8,2025-26
Ladislav,Krejcí,DEF,45,0.1,68,2356,2,2,3,46,3,1,1,235,536.6,147.5,278.0,96.6,2025-26
Tolu,Arokodare,FWD,51,0.1,66,1402,3,2,3,28,1,0,4,221,252.4,178.4,561.0,98.2,2025-26
Mateus,Mané,FWD,42,1.4,74,1787,3,2,5,30,0,0,9,314,328.2,489.6,283.0,109.5,2025-26
Saheed,Olagunju,DEF,40,0.0,0,0,0,0,0,0,0,0,0,0,0.0,0.0,0.0,0.0,2025-26
Luke,Rawlings,MID,45,0.0,0,0,0,0,0,0,0,0,0,0,0.0,0.0,0.0,0.0,2025-26
Temple,Ojinnaka,MID,45,0.0,0,0,0,0,0,0,0,0,0,0,0.0,0.0,0.0,0.0,2025-26
Ethan,Sutherland,MID,45,0.0,0,0,0,0,0,0,0,0,0,0,0.0,0.0,0.0,0.0,2025-26
Jerome,Abbey,MID,45,0.0,1,16,0,0,0,0,0,0,0,2,3.2,0.0,0.0,0.3,2025-26
Angel,Gomes,MID,46,0.0,16,457,0,0,1,8,1,0,0,78,52.8,91.5,28.0,17.1,2025-26
Adam,Armstrong,FWD,51,0.1,39,1141,2,2,3,20,3,0,1,129,145.0,85.0,191.0,41.9,2025-26
Alfie,Brooks,GK,40,0.0,0,0,0,0,0,0,0,0,0,0,0.0,0.0,0.0,0.0,2025-26
Josh,Gracey,GK,40,0.0,0,0,0,0,0,0,0,0,0,0,0.0,0.0,0.0,0.0,2025-26
