league,season,game,league_id,season_id,game_id,date,home_team_id,away_team_id,home_team,away_team,away_team_code,home_team_code,away_points,away_expected_points,away_goals,away_xg,away_np_xg,away_np_xg_difference,away_ppda,away_deep_completions,home_points,home_expected_points,home_goals,home_xg,home_np_xg,home_np_xg_difference,home_ppda,home_deep_completions
ENG-Premier League,2425,2024-08-16 Manchester United-Fulham,1,2024,26602,2024-08-16 19:00:00,89,228,Manchester United,Fulham,FLH,MUN,0,0.2815,0,0.418711,0.418711,-1.6239689999999998,10.833333333333334,3,3,2.5696,1,2.04268,2.04268,1.6239689999999998,7.379310344827586,7
ENG-Premier League,2425,2024-08-17 Arsenal-Wolverhampton Wanderers,1,2024,26604,2024-08-17 14:00:00,83,229,Arsenal,Wolverhampton Wanderers,WOL,ARS,0,0.5796,0,0.575835,0.575835,-1.0524650000000002,10.818181818181818,2,3,2.1894,2,1.6283,1.6283,1.0524650000000002,7.769230769230769,14
ENG-Premier League,2425,2024-08-17 Everton-Brighton,1,2024,26605,2024-08-17 14:00:00,72,220,Everton,Brighton,BRI,EVE,3,2.5286999999999997,3,1.79083,1.79083,1.385505,7.916666666666667,5,0,0.30779999999999996,0,0.405325,0.405325,-1.385505,18.333333333333332,4
ENG-Premier League,2425,2024-08-17 Ipswich-Liverpool,1,2024,26603,2024-08-17 11:30:00,285,87,Ipswich,Liverpool,LIV,IPS,3,2.9562,2,3.92906,3.92906,3.586459,8.73913043478261,13,0,0.025799999999999997,0,0.342601,0.342601,-3.586459,18.77777777777778,2
ENG-Premier League,2425,2024-08-17 Newcastle United-Southampton,1,2024,26606,2024-08-17 14:00:00,86,74,Newcastle United,Southampton,SOU,NEW,0,2.5586,0,1.95483,1.95483,1.521341,3.789473684210526,13,3,0.2774,1,0.433489,0.433489,-1.521341,16.25,4
ENG-Premier League,2425,2024-08-17 Nottingham Forest-Bournemouth,1,2024,26607,2024-08-17 14:00:00,249,73,Nottingham Forest,Bournemouth,BOU,NOT,1,1.8944000000000003,1,1.90915,1.90915,0.6650999999999998,9.954545454545455,4,1,0.8518999999999999,1,1.24405,1.24405,-0.6650999999999998,8.653846153846153,10
ENG-Premier League,2425,2024-08-17 West Ham-Aston Villa,1,2024,26608,2024-08-17 16:30:00,81,71,West Ham,Aston Villa,AVL,WHU,3,1.2989000000000002,2,2.6703,2.6703,0.62677,11.304347826086957,8,0,1.4689999999999999,1,2.8047,2.04353,-0.62677,9.333333333333334,5
ENG-Premier League,2425,2024-08-18 Brentford-Crystal Palace,1,2024,26609,2024-08-18 13:00:00,244,78,Brentford,Crystal Palace,CRY,BRE,0,1.0974,1,1.14757,1.14757,-0.2330700000000001,7.724137931034483,4,3,1.5885,2,1.38064,1.38064,0.2330700000000001,12.666666666666666,1
ENG-Premier League,2425,2024-08-18 Chelsea-Manchester City,1,2024,26610,2024-08-18 15:30:00,80,88,Chelsea,Manchester City,MCI,CHE,3,1.4402,2,1.18038,1.18038,0.11915000000000009,15.058823529411764,10,0,1.2353,0,1.06123,1.06123,-0.11915000000000009,10.064516129032258,8
ENG-Premier League,2425,2024-08-19 Leicester-Tottenham,1,2024,26611,2024-08-19 19:00:00,75,82,Leicester,Tottenham,TOT,LEI,1,1.6474999999999997,1,1.40775,1.40775,0.38161,5.482758620689655,21,1,1.0574,1,1.02614,1.02614,-0.38161,20.6875,2
ENG-Premier League,2425,2024-08-24 Aston Villa-Arsenal,1,2024,26618,2024-08-24 16:30:00,71,83,Aston Villa,Arsenal,ARS,AVL,3,1.4615,2,1.41399,1.41399,0.09735000000000005,5.833333333333333,10,0,1.2362000000000002,0,1.31664,1.31664,-0.09735000000000005,17.27777777777778,3
ENG-Premier League,2425,2024-08-24 Brighton-Manchester United,1,2024,26612,2024-08-24 11:30:00,220,89,Brighton,Manchester United,MUN,BRI,0,0.7186,1,1.28556,1.28556,-0.8559699999999999,16.77777777777778,8,3,2.0422,2,2.14153,2.14153,0.8559699999999999,12.5,10
ENG-Premier League,2425,2024-08-24 Crystal Palace-West Ham,1,2024,26613,2024-08-24 14:00:00,78,81,Crystal Palace,West Ham,WHU,CRY,3,1.4699,2,1.53421,1.53421,0.15810999999999997,13.727272727272727,5,0,1.2623,0,1.3761,1.3761,-0.15810999999999997,6.911764705882353,6
ENG-Premier League,2425,2024-08-24 Fulham-Leicester,1,2024,26614,2024-08-24 14:00:00,228,75,Fulham,Leicester,LEI,FLH,0,0.5912000000000001,1,0.857005,0.857005,-1.105175,13.7,1,3,2.1938,2,1.96218,1.96218,1.105175,10.258064516129032,7
ENG-Premier League,2425,2024-08-24 Manchester City-Ipswich,1,2024,26615,2024-08-24 14:00:00,88,285,Manchester City,Ipswich,IPS,MCI,0,0.06889999999999999,1,0.479999,0.479999,-1.8370109999999997,17.41176470588235,1,3,2.8808,4,3.07818,2.31701,1.8370109999999997,8.15,15
ENG-Premier League,2425,2024-08-24 Southampton-Nottingham Forest,1,2024,26616,2024-08-24 14:00:00,74,249,Southampton,Nottingham Forest,NOT,SOU,3,2.8807,1,2.86475,2.86475,2.649798,18.47826086956522,9,0,0.0697,0,0.214952,0.214952,-2.649798,8.142857142857142,4
ENG-Premier League,2425,2024-08-24 Tottenham-Everton,1,2024,26617,2024-08-24 14:00:00,82,72,Tottenham,Everton,EVE,TOT,0,0.2558,0,0.648869,0.648869,-1.962561,12.724137931034482,5,3,2.6318,4,2.61143,2.61143,1.962561,6.3,9
ENG-Premier League,2425,2024-08-25 Bournemouth-Newcastle United,1,2024,26620,2024-08-25 13:00:00,73,86,Bournemouth,Newcastle United,NEW,BOU,1,0.9144000000000001,1,1.89287,1.89287,-0.64226,9.071428571428571,9,1,1.8521999999999998,1,2.53513,2.53513,0.64226,9.2,8
ENG-Premier League,2425,2024-08-25 Liverpool-Brentford,1,2024,26621,2024-08-25 15:30:00,87,244,Liverpool,Brentford,BRE,LIV,0,0.1535,0,0.457239,0.457239,-2.261531,32.4,2,3,2.7572,2,2.71877,2.71877,2.261531,10.130434782608695,21
ENG-Premier League,2425,2024-08-25 Wolverhampton Wanderers-Chelsea,1,2024,26619,2024-08-25 13:00:00,229,80,Wolverhampton Wanderers,Chelsea,CHE,WOL,3,1.088,6,2.02935,2.02935,-0.38874999999999993,7.04,6,0,1.6892,2,2.4181,2.4181,0.38874999999999993,14.428571428571429,8
ENG-Premier League,2425,2024-08-31 Arsenal-Brighton,1,2024,26622,2024-08-31 11:30:00,83,220,Arsenal,Brighton,BRI,ARS,1,0.9694,1,1.81748,1.81748,-0.6005,9.625,6,1,1.8070000000000002,1,2.41798,2.41798,0.6005,9.25,6
ENG-Premier League,2425,2024-08-31 Brentford-Southampton,1,2024,26623,2024-08-31 14:00:00,244,74,Brentford,Southampton,SOU,BRE,0,0.2902,1,1.64713,1.64713,-2.21568,8.217391304347826,14,3,2.6071,3,3.86281,3.86281,2.21568,14.571428571428571,15
ENG-Premier League,2425,2024-08-31 Everton-Bournemouth,1,2024,26624,2024-08-31 14:00:00,72,73,Everton,Bournemouth,BOU,EVE,3,1.6599,3,2.95688,2.95688,0.4005899999999998,7.095238095238095,7,0,1.1241,2,2.55629,2.55629,-0.4005899999999998,8.304347826086957,15
ENG-Premier League,2425,2024-08-31 Ipswich-Fulham,1,2024,26625,2024-08-31 14:00:00,285,228,Ipswich,Fulham,FLH,IPS,1,1.7666,1,1.18883,1.18883,0.48178200000000004,10.904761904761905,4,1,0.9218,1,0.707048,0.707048,-0.48178200000000004,9.25925925925926,2
ENG-Premier League,2425,2024-08-31 Leicester-Aston Villa,1,2024,26626,2024-08-31 14:00:00,75,71,Leicester,Aston Villa,AVL,LEI,3,2.448,2,2.16385,2.16385,1.389109,10.466666666666667,6,0,0.3729,1,0.774741,0.774741,-1.389109,6.4,3
ENG-Premier League,2425,2024-08-31 Nottingham Forest-Wolverhampton Wanderers,1,2024,26627,2024-08-31 14:00:00,249,229,Nottingham Forest,Wolverhampton Wanderers,WOL,NOT,1,0.9358,1,0.937632,0.937632,-0.473058,6.413793103448276,4,1,1.7413,1,1.41069,1.41069,0.473058,6.551724137931035,9
ENG-Premier League,2425,2024-08-31 West Ham-Manchester City,1,2024,26628,2024-08-31 16:30:00,81,88,West Ham,Manchester City,MCI,WHU,3,2.6401,3,3.19297,3.19297,2.245769,12.125,21,0,0.2524,1,0.947201,0.947201,-2.245769,20.764705882352942,5
ENG-Premier League,2425,2024-09-01 Chelsea-Crystal Palace,1,2024,26630,2024-09-01 12:30:00,80,78,Chelsea,Crystal Palace,CRY,CHE,1,0.0791,1,0.459708,0.459708,-2.517722,19.789473684210527,6,1,2.8748,1,2.97743,2.97743,2.517722,11.444444444444445,4
ENG-Premier League,2425,2024-09-01 Manchester United-Liverpool,1,2024,26631,2024-09-01 15:00:00,89,87,Manchester United,Liverpool,LIV,MUN,3,1.7849,3,2.10397,2.10397,0.6031,11.692307692307692,9,0,0.9689,0,1.50087,1.50087,-0.6031,12.5,6
ENG-Premier League,2425,2024-09-01 Newcastle United-Tottenham,1,2024,26629,2024-09-01 12:30:00,86,82,Newcastle United,Tottenham,TOT,NEW,0,1.3729,1,1.63304,1.63304,0.04610000000000003,4.310344827586207,9,3,1.3414,2,1.58694,1.58694,-0.04610000000000003,8.761904761904763,5
ENG-Premier League,2425,2024-09-14 Aston Villa-Everton,1,2024,26638,2024-09-14 16:30:00,71,72,Aston Villa,Everton,EVE,AVL,0,0.1567,2,0.852158,0.852158,-2.306602,16.333333333333332,3,3,2.7595,3,3.15876,3.15876,2.306602,5.260869565217392,9
ENG-Premier League,2425,2024-09-14 Bournemouth-Chelsea,1,2024,26639,2024-09-14 19:00:00,73,80,Bournemouth,Chelsea,CHE,BOU,3,0.8302,1,0.932726,0.932726,0.156586,9.5,9,0,1.8796000000000002,0,1.53731,0.77614,-0.156586,11.266666666666667,5
ENG-Premier League,2425,2024-09-14 Brighton-Ipswich,1,2024,26633,2024-09-14 14:00:00,220,285,Brighton,Ipswich,IPS,BRI,1,0.519,0,0.721323,0.721323,-1.035637,14.727272727272727,1,1,2.2361999999999997,0,1.75696,1.75696,1.035637,3.8421052631578947,12
ENG-Premier League,2425,2024-09-14 Crystal Palace-Leicester,1,2024,26636,2024-09-14 14:00:00,78,75,Crystal Palace,Leicester,LEI,CRY,1,0.5925,2,1.65187,1.65187,-0.4741199999999999,14.318181818181818,7,1,2.2205999999999997,2,2.88716,2.12599,0.4741199999999999,4.911764705882353,15
ENG-Premier League,2425,2024-09-14 Fulham-West Ham,1,2024,26634,2024-09-14 14:00:00,228,81,Fulham,West Ham,WHU,FLH,1,0.2015,1,0.682719,0.682719,-2.203291,6.870967741935484,4,1,2.7014,1,2.88601,2.88601,2.203291,4.685714285714286,6
ENG-Premier League,2425,2024-09-14 Liverpool-Nottingham Forest,1,2024,26635,2024-09-14 14:00:00,87,249,Liverpool,Nottingham Forest,NOT,LIV,3,0.7849,1,0.589532,0.589532,-0.580908,17.055555555555557,4,0,1.8907,0,1.17044,1.17044,0.580908,3.7333333333333334,6
ENG-Premier League,2425,2024-09-14 Manchester City-Brentford,1,2024,26637,2024-09-14 14:00:00,88,244,Manchester City,Brentford,BRE,MCI,0,0.9993000000000001,1,1.05094,1.05094,-0.5018499999999999,24.25,6,3,1.716,2,1.55279,1.55279,0.5018499999999999,16.36842105263158,22
ENG-Premier League,2425,2024-09-14 Southampton-Manchester United,1,2024,26632,2024-09-14 11:30:00,74,89,Southampton,Manchester United,MUN,SOU,3,2.5031999999999996,3,3.02693,3.02693,2.4816130000000003,10.344827586206897,17,0,0.34349999999999997,0,1.35593,0.545317,-2.4816130000000003,10.857142857142858,3
ENG-Premier League,2425,2024-09-15 Tottenham-Arsenal,1,2024,26640,2024-09-15 13:00:00,82,83,Tottenham,Arsenal,ARS,TOT,3,1.6665999999999999,1,1.1209,1.1209,0.32830499999999996,13.588235294117647,3,0,1.0177,0,0.792595,0.792595,-0.32830499999999996,5.88,10
ENG-Premier League,2425,2024-09-15 Wolverhampton Wanderers-Newcastle United,1,2024,26641,2024-09-15 15:30:00,229,86,Wolverhampton Wanderers,Newcastle United,NEW,WOL,3,1.3887999999999998,2,1.48343,1.48343,0.013740000000000085,12.368421052631579,10,0,1.342,1,1.46969,1.46969,-0.013740000000000085,9.576923076923077,6
ENG-Premier League,2425,2024-09-21 Aston Villa-Wolverhampton Wanderers,1,2024,26647,2024-09-21 14:00:00,71,229,Aston Villa,Wolverhampton Wanderers,WOL,AVL,0,0.2385,1,0.520117,0.520117,-1.853393,13.5,4,3,2.6481,3,2.37351,2.37351,1.853393,11.8,9
ENG-Premier League,2425,2024-09-21 Crystal Palace-Manchester United,1,2024,26649,2024-09-21 16:30:00,78,89,Crystal Palace,Manchester United,MUN,CRY,1,1.8622,0,2.35056,2.35056,0.6812800000000001,6.111111111111111,12,1,0.9061,0,1.66928,1.66928,-0.6812800000000001,18.333333333333332,5
ENG-Premier League,2425,2024-09-21 Fulham-Newcastle United,1,2024,26646,2024-09-21 14:00:00,228,86,Fulham,Newcastle United,NEW,FLH,0,0.293,1,1.09768,1.09768,-2.11373,11.461538461538462,3,3,2.5946000000000002,3,3.21141,3.21141,2.11373,13.037037037037036,7
ENG-Premier League,2425,2024-09-21 Leicester-Everton,1,2024,26644,2024-09-21 14:00:00,75,72,Leicester,Everton,EVE,LEI,1,1.6985,1,1.82377,1.82377,0.4858399999999998,19.307692307692307,6,1,1.0394,1,1.33793,1.33793,-0.4858399999999998,8.421052631578947,8
ENG-Premier League,2425,2024-09-21 Liverpool-Bournemouth,1,2024,26645,2024-09-21 14:00:00,87,73,Liverpool,Bournemouth,BOU,LIV,0,0.7964000000000001,0,1.46979,1.46979,-0.9675200000000002,16.08695652173913,6,3,1.9972999999999999,3,2.43731,2.43731,0.9675200000000002,11.85,13
ENG-Premier League,2425,2024-09-21 Southampton-Ipswich,1,2024,26643,2024-09-21 14:00:00,74,285,Southampton,Ipswich,IPS,SOU,1,0.5590999999999999,1,1.645,1.645,-1.25313,9.235294117647058,5,1,2.2631,1,2.89813,2.89813,1.25313,8.8,7
ENG-Premier League,2425,2024-09-21 Tottenham-Brentford,1,2024,26648,2024-09-21 14:00:00,82,244,Tottenham,Brentford,BRE,TOT,0,0.0881,1,0.893565,0.893565,-3.001245,9.105263157894736,5,3,2.8655,3,3.89481,3.89481,3.001245,9.1875,17
ENG-Premier League,2425,2024-09-21 West Ham-Chelsea,1,2024,26642,2024-09-21 11:30:00,81,80,West Ham,Chelsea,CHE,WHU,3,2.4666,3,2.39727,2.39727,1.6390029999999998,16.294117647058822,9,0,0.38339999999999996,0,0.758267,0.758267,-1.6390029999999998,9.709677419354838,12
ENG-Premier League,2425,2024-09-22 Brighton-Nottingham Forest,1,2024,26650,2024-09-22 13:00:00,220,249,Brighton,Nottingham Forest,NOT,BRI,1,1.2142,2,1.36923,0.608061,-0.960299,22.75,3,1,1.4758,2,1.56836,1.56836,0.960299,5.304347826086956,4
ENG-Premier League,2425,2024-09-22 Manchester City-Arsenal,1,2024,26651,2024-09-22 15:30:00,88,83,Manchester City,Arsenal,ARS,MCI,1,0.48360000000000003,2,1.28411,1.28411,-1.4717699999999998,13.071428571428571,1,1,2.3382,2,2.75588,2.75588,1.4717699999999998,8.357142857142858,13
ENG-Premier League,2425,2024-09-28 Arsenal-Leicester,1,2024,26655,2024-09-28 14:00:00,83,75,Arsenal,Leicester,LEI,ARS,0,0.0018,2,0.337909,0.337909,-5.715141,29.444444444444443,4,3,2.9973,4,6.05305,6.05305,5.715141,4.633333333333334,21
ENG-Premier League,2425,2024-09-28 Brentford-West Ham,1,2024,26656,2024-09-28 14:00:00,244,81,Brentford,West Ham,WHU,BRE,1,1.7666,1,0.878617,0.878617,0.5083949999999999,27.7,12,1,0.8435,1,0.370222,0.370222,-0.5083949999999999,10.055555555555555,7
ENG-Premier League,2425,2024-09-28 Chelsea-Brighton,1,2024,26657,2024-09-28 14:00:00,80,220,Chelsea,Brighton,BRI,CHE,0,0.1977,2,1.20712,1.20712,-1.6901,8.137931034482758,7,3,2.7177000000000002,4,3.65839,2.89722,1.6901,25.23076923076923,10
ENG-Premier League,2425,2024-09-28 Everton-Crystal Palace,1,2024,26654,2024-09-28 14:00:00,72,78,Everton,Crystal Palace,CRY,EVE,0,1.3546,1,1.12358,1.12358,0.013989999999999947,9.333333333333334,8,3,1.3309,2,1.10959,1.10959,-0.013989999999999947,12.5,6
ENG-Premier League,2425,2024-09-28 Newcastle United-Manchester City,1,2024,26652,2024-09-28 11:30:00,86,88,Newcastle United,Manchester City,MCI,NEW,1,1.2507,1,1.26516,1.26516,0.682888,6.3076923076923075,16,1,1.4546999999999999,1,1.34344,0.582272,-0.682888,12.095238095238095,7
ENG-Premier League,2425,2024-09-28 Nottingham Forest-Fulham,1,2024,26653,2024-09-28 14:00:00,249,228,Nottingham Forest,Fulham,FLH,NOT,3,2.1275,1,1.43592,0.674751,0.06040000000000001,8.263157894736842,4,0,0.6134,0,0.614351,0.614351,-0.06040000000000001,20.071428571428573,8
ENG-Premier League,2425,2024-09-28 Wolverhampton Wanderers-Liverpool,1,2024,26658,2024-09-28 16:30:00,229,87,Wolverhampton Wanderers,Liverpool,LIV,WOL,3,2.4807,2,2.11724,1.35607,0.6071450000000002,14.777777777777779,11,0,0.34709999999999996,1,0.748925,0.748925,-0.6071450000000002,14.0,2
ENG-Premier League,2425,2024-09-29 Ipswich-Aston Villa,1,2024,26659,2024-09-29 13:00:00,285,71,Ipswich,Aston Villa,AVL,IPS,1,0.8247,2,1.14494,1.14494,-0.7011399999999999,11.909090909090908,5,1,1.9244999999999997,2,1.84608,1.84608,0.7011399999999999,16.5625,6
ENG-Premier League,2425,2024-09-29 Manchester United-Tottenham,1,2024,26660,2024-09-29 15:30:00,89,82,Manchester United,Tottenham,TOT,MUN,3,2.9905,3,5.4072,5.4072,4.8064789999999995,12.176470588235293,15,0,0.0058,0,0.600721,0.600721,-4.8064789999999995,14.62962962962963,6
ENG-Premier League,2425,2024-09-30 Bournemouth-Southampton,1,2024,26661,2024-09-30 19:00:00,73,74,Bournemouth,Southampton,SOU,BOU,0,0.7307,1,0.696068,0.696068,-0.746082,11.75,7,3,1.9961000000000002,3,1.44215,1.44215,0.746082,11.59375,7
ENG-Premier League,2425,2024-10-05 Arsenal-Southampton,1,2024,26666,2024-10-05 14:00:00,83,74,Arsenal,Southampton,SOU,ARS,0,0.32930000000000004,1,1.27313,1.27313,-1.97852,15.4375,3,3,2.5448,3,3.25165,3.25165,1.97852,8.10344827586207,14
ENG-Premier League,2425,2024-10-05 Brentford-Wolverhampton Wanderers,1,2024,26667,2024-10-05 14:00:00,244,229,Brentford,Wolverhampton Wanderers,WOL,BRE,0,0.0549,3,0.696254,0.696254,-2.6777059999999997,8.95,10,3,2.9151,5,4.13513,3.37396,2.6777059999999997,11.833333333333334,9
ENG-Premier League,2425,2024-10-05 Crystal Palace-Liverpool,1,2024,26662,2024-10-05 11:30:00,78,87,Crystal Palace,Liverpool,LIV,CRY,3,2.4548,1,2.07332,2.07332,1.4638389999999997,5.555555555555555,11,0,0.38,0,0.609481,0.609481,-1.4638389999999997,23.9375,3
ENG-Premier League,2425,2024-10-05 Everton-Newcastle United,1,2024,26669,2024-10-05 16:30:00,72,86,Everton,Newcastle United,NEW,EVE,1,2.2629,0,1.79048,1.02931,0.33709599999999995,5.857142857142857,11,1,0.4902,0,0.692214,0.692214,-0.33709599999999995,15.76923076923077,3
ENG-Premier League,2425,2024-10-05 Leicester-Bournemouth,1,2024,26663,2024-10-05 14:00:00,75,73,Leicester,Bournemouth,BOU,LEI,0,2.1873,0,1.94963,1.94963,1.0375670000000001,8.5,7,3,0.5877,1,0.912063,0.912063,-1.0375670000000001,13.4,2
ENG-Premier League,2425,2024-10-05 Manchester City-Fulham,1,2024,26664,2024-10-05 14:00:00,88,228,Manchester City,Fulham,FLH,MCI,0,2.289,2,2.75846,2.75846,1.3916199999999999,22.142857142857142,11,3,0.5454,3,1.36684,1.36684,-1.3916199999999999,14.4,8
ENG-Premier League,2425,2024-10-05 West Ham-Ipswich,1,2024,26665,2024-10-05 14:00:00,81,285,West Ham,Ipswich,IPS,WHU,0,0.0715,1,1.18463,1.18463,-3.20939,14.652173913043478,6,3,2.8891,4,4.39402,4.39402,3.20939,16.266666666666666,6
ENG-Premier League,2425,2024-10-06 Aston Villa-Manchester United,1,2024,26670,2024-10-06 13:00:00,71,89,Aston Villa,Manchester United,MUN,AVL,1,1.1911,0,0.448537,0.448537,-0.08427199999999996,13.882352941176471,1,1,1.3408,0,0.532809,0.532809,0.08427199999999996,14.214285714285714,9
ENG-Premier League,2425,2024-10-06 Brighton-Tottenham,1,2024,26671,2024-10-06 15:30:00,220,82,Brighton,Tottenham,TOT,BRI,0,0.7226,2,1.09279,1.09279,-0.87938,12.875,10,3,2.0558,3,1.97217,1.97217,0.87938,12.428571428571429,4
ENG-Premier League,2425,2024-10-06 Chelsea-Nottingham Forest,1,2024,26668,2024-10-06 13:00:00,80,249,Chelsea,Nottingham Forest,NOT,CHE,1,0.9482,1,1.66654,1.66654,-0.6109800000000001,15.882352941176471,5,1,1.8302,1,2.27752,2.27752,0.6109800000000001,5.869565217391305,13
ENG-Premier League,2425,2024-10-19 Bournemouth-Arsenal,1,2024,26680,2024-10-19 16:30:00,73,83,Bournemouth,Arsenal,ARS,BOU,0,0.3568,0,0.740758,0.740758,-0.6822619999999999,8.9,4,3,2.4646,2,2.18419,1.42302,0.6822619999999999,11.761904761904763,7
ENG-Premier League,2425,2024-10-19 Fulham-Aston Villa,1,2024,26673,2024-10-19 14:00:00,228,71,Fulham,Aston Villa,AVL,FLH,3,0.5631,3,1.43595,1.43595,-0.4336199999999999,16.8,9,0,2.2527000000000004,1,2.63074,1.86957,0.4336199999999999,12.35,3
ENG-Premier League,2425,2024-10-19 Ipswich-Everton,1,2024,26674,2024-10-19 14:00:00,285,72,Ipswich,Everton,EVE,IPS,3,1.717,2,1.60804,1.60804,0.43404,15.894736842105264,9,0,1.0131999999999999,0,1.174,1.174,-0.43404,11.428571428571429,3
ENG-Premier League,2425,2024-10-19 Manchester United-Brentford,1,2024,26675,2024-10-19 14:00:00,89,244,Manchester United,Brentford,BRE,MUN,0,0.7375,1,0.892843,0.892843,-0.8727069999999999,16.235294117647058,3,3,2.023,2,1.76555,1.76555,0.8727069999999999,16.105263157894736,12
ENG-Premier League,2425,2024-10-19 Newcastle United-Brighton,1,2024,26676,2024-10-19 14:00:00,86,220,Newcastle United,Brighton,BRI,NEW,3,1.2047,1,1.6779,1.6779,-0.25866999999999996,16.529411764705884,6,0,1.5542,0,1.93657,1.93657,0.25866999999999996,5.868421052631579,14
ENG-Premier League,2425,2024-10-19 Southampton-Leicester,1,2024,26678,2024-10-19 14:00:00,74,75,Southampton,Leicester,LEI,SOU,3,1.6762000000000001,3,2.83826,2.0771,-0.35065999999999997,6.633333333333334,11,0,1.0828000000000002,2,2.42776,2.42776,0.35065999999999997,16.0,8
ENG-Premier League,2425,2024-10-19 Tottenham-West Ham,1,2024,26672,2024-10-19 11:30:00,82,81,Tottenham,West Ham,WHU,TOT,0,0.9253,1,0.858803,0.858803,-0.581717,8.666666666666666,6,3,1.7992000000000001,4,1.44052,1.44052,0.581717,6.15625,11
ENG-Premier League,2425,2024-10-20 Liverpool-Chelsea,1,2024,26679,2024-10-20 15:30:00,87,80,Liverpool,Chelsea,CHE,LIV,0,0.6800999999999999,1,1.33904,1.33904,-0.12495999999999996,15.9375,6,3,2.0937,2,2.22517,1.464,0.12495999999999996,12.8,2
ENG-Premier League,2425,2024-10-20 Wolverhampton Wanderers-Manchester City,1,2024,26681,2024-10-20 13:00:00,229,88,Wolverhampton Wanderers,Manchester City,MCI,WOL,3,1.819,2,1.36569,1.36569,0.604473,5.947368421052632,25,0,0.8929,1,0.761217,0.761217,-0.604473,26.571428571428573,0
ENG-Premier League,2425,2024-10-21 Nottingham Forest-Crystal Palace,1,2024,26677,2024-10-21 19:00:00,249,78,Nottingham Forest,Crystal Palace,CRY,NOT,0,0.6484000000000001,0,0.835001,0.835001,-1.050729,8.666666666666666,5,3,2.1385,1,1.88573,1.88573,1.050729,14.588235294117647,9
ENG-Premier League,2425,2024-10-25 Leicester-Nottingham Forest,1,2024,26682,2024-10-25 19:00:00,75,249,Leicester,Nottingham Forest,NOT,LEI,3,2.5784000000000002,3,2.54488,2.54488,1.712465,14.19047619047619,6,0,0.281,1,0.832415,0.832415,-1.712465,5.130434782608695,8
ENG-Premier League,2425,2024-10-26 Aston Villa-Bournemouth,1,2024,26684,2024-10-26 14:00:00,71,73,Aston Villa,Bournemouth,BOU,AVL,1,0.267,1,0.328651,0.328651,-1.645349,8.807692307692308,6,1,2.5907999999999998,1,1.974,1.974,1.645349,10.333333333333334,16
ENG-Premier League,2425,2024-10-26 Brentford-Ipswich,1,2024,26685,2024-10-26 14:00:00,244,285,Brentford,Ipswich,IPS,BRE,0,0.2695,3,1.65698,1.65698,-1.67848,18.63157894736842,6,3,2.6407,4,4.09663,3.33546,1.67848,7.933333333333334,9
ENG-Premier League,2425,2024-10-26 Brighton-Wolverhampton Wanderers,1,2024,26686,2024-10-26 14:00:00,220,229,Brighton,Wolverhampton Wanderers,WOL,BRI,1,1.0608,2,1.11074,1.11074,-0.40273000000000003,11.272727272727273,3,1,1.6689,2,1.51347,1.51347,0.40273000000000003,9.964285714285714,12
ENG-Premier League,2425,2024-10-26 Everton-Fulham,1,2024,26687,2024-10-26 16:30:00,72,228,Everton,Fulham,FLH,EVE,1,1.8721,1,1.49531,1.49531,0.6104649999999999,10.95,7,1,0.8440000000000001,1,0.884845,0.884845,-0.6104649999999999,21.176470588235293,7
ENG-Premier League,2425,2024-10-26 Manchester City-Southampton,1,2024,26683,2024-10-26 14:00:00,88,74,Manchester City,Southampton,SOU,MCI,0,0.06949999999999999,0,0.369989,0.369989,-2.792871,15.909090909090908,6,3,2.8853,1,3.16286,3.16286,2.792871,11.8,12
ENG-Premier League,2425,2024-10-27 Arsenal-Liverpool,1,2024,26691,2024-10-27 16:30:00,83,87,Arsenal,Liverpool,LIV,ARS,1,1.5928,2,1.35346,1.35346,0.26516000000000006,8.272727272727273,8,1,1.0945,2,1.0883,1.0883,-0.26516000000000006,8.071428571428571,6
ENG-Premier League,2425,2024-10-27 Chelsea-Newcastle United,1,2024,26688,2024-10-27 14:00:00,80,86,Chelsea,Newcastle United,NEW,CHE,0,1.4976,1,1.74225,1.74225,0.12431000000000014,9.08,11,3,1.2267000000000001,2,1.61794,1.61794,-0.12431000000000014,9.137931034482758,5
ENG-Premier League,2425,2024-10-27 Crystal Palace-Tottenham,1,2024,26689,2024-10-27 14:00:00,78,82,Crystal Palace,Tottenham,TOT,CRY,0,1.389,0,1.0192,1.0192,0.0405890000000001,4.625,7,3,1.2846000000000002,1,0.978611,0.978611,-0.0405890000000001,6.951219512195122,7
ENG-Premier League,2425,2024-10-27 West Ham-Manchester United,1,2024,26690,2024-10-27 14:00:00,81,89,West Ham,Manchester United,MUN,WHU,0,1.1108,1,2.62598,2.62598,0.3940300000000003,10.285714285714286,7,3,1.6669999999999998,2,2.99312,2.23195,-0.3940300000000003,21.076923076923077,7
ENG-Premier League,2425,2024-11-02 Bournemouth-Manchester City,1,2024,26692,2024-11-02 15:00:00,73,88,Bournemouth,Manchester City,MCI,BOU,0,1.3071,1,2.3527,2.3527,-0.09660000000000002,13.0,17,3,1.4571,2,2.4493,2.4493,0.09660000000000002,15.05,6
ENG-Premier League,2425,2024-11-02 Ipswich-Leicester,1,2024,26695,2024-11-02 15:00:00,285,75,Ipswich,Leicester,LEI,IPS,1,2.1052000000000004,1,2.33858,2.33858,1.0024099999999998,10.615384615384615,10,1,0.6904,1,1.33617,1.33617,-1.0024099999999998,11.318181818181818,4
ENG-Premier League,2425,2024-11-02 Liverpool-Brighton,1,2024,26696,2024-11-02 15:00:00,87,220,Liverpool,Brighton,BRI,LIV,0,0.7932999999999999,1,1.01568,1.01568,-0.7946900000000001,8.058823529411764,5,3,1.9723000000000002,2,1.81037,1.81037,0.7946900000000001,10.464285714285714,10
ENG-Premier League,2425,2024-11-02 Newcastle United-Arsenal,1,2024,26694,2024-11-02 12:30:00,86,83,Newcastle United,Arsenal,ARS,NEW,0,1.3742,0,0.911305,0.911305,0.051590000000000025,5.24,9,3,1.2812,1,0.859715,0.859715,-0.051590000000000025,13.210526315789474,9
ENG-Premier League,2425,2024-11-02 Nottingham Forest-West Ham,1,2024,26698,2024-11-02 15:00:00,249,81,Nottingham Forest,West Ham,WHU,NOT,0,0.1008,0,0.132317,0.132317,-2.217793,13.066666666666666,2,3,2.8259999999999996,3,2.35011,2.35011,2.217793,14.1875,11
ENG-Premier League,2425,2024-11-02 Southampton-Everton,1,2024,26699,2024-11-02 15:00:00,74,72,Southampton,Everton,EVE,SOU,0,2.3625,0,1.78581,1.78581,1.2454649999999998,15.0,4,3,0.4341,1,0.540345,0.540345,-1.2454649999999998,9.235294117647058,6
ENG-Premier League,2425,2024-11-02 Wolverhampton Wanderers-Crystal Palace,1,2024,26701,2024-11-02 17:30:00,229,78,Wolverhampton Wanderers,Crystal Palace,CRY,WOL,1,2.0930999999999997,2,2.64849,2.64849,0.9983099999999998,12.956521739130435,2,1,0.6972,2,1.65018,1.65018,-0.9983099999999998,6.103448275862069,6
ENG-Premier League,2425,2024-11-03 Manchester United-Chelsea,1,2024,26697,2024-11-03 16:30:00,89,80,Manchester United,Chelsea,CHE,MUN,1,0.6591,1,1.21071,1.21071,-0.18863000000000008,10.208333333333334,8,1,2.112,1,2.1605,1.39934,0.18863000000000008,8.151515151515152,4
ENG-Premier League,2425,2024-11-03 Tottenham-Aston Villa,1,2024,26700,2024-11-03 14:00:00,82,71,Tottenham,Aston Villa,AVL,TOT,0,1.6758,1,2.48749,2.48749,0.38998,10.470588235294118,3,3,1.0641,4,2.09751,2.09751,-0.38998,5.441860465116279,11
ENG-Premier League,2425,2024-11-04 Fulham-Brentford,1,2024,26693,2024-11-04 20:00:00,228,244,Fulham,Brentford,BRE,FLH,0,0.8258,1,0.739231,0.739231,-0.690939,12.333333333333334,2,3,1.8809,2,1.43017,1.43017,0.690939,6.0,13
ENG-Premier League,2425,2024-11-09 Brentford-Bournemouth,1,2024,26702,2024-11-09 15:00:00,244,73,Brentford,Bournemouth,BOU,BRE,0,2.0433,2,2.49234,2.49234,0.9276,8.782608695652174,6,3,0.7424999999999999,3,1.56474,1.56474,-0.9276,9.0,14
ENG-Premier League,2425,2024-11-09 Brighton-Manchester City,1,2024,26703,2024-11-09 17:30:00,220,88,Brighton,Manchester City,MCI,BRI,0,1.2107,1,2.60334,2.60334,-0.26781999999999995,17.470588235294116,4,3,1.5584000000000002,2,2.87116,2.87116,0.26781999999999995,13.566666666666666,5
ENG-Premier League,2425,2024-11-09 Crystal Palace-Fulham,1,2024,26706,2024-11-09 15:00:00,78,228,Crystal Palace,Fulham,FLH,CRY,3,1.5794000000000001,2,2.25331,2.25331,0.29294,6.538461538461538,7,0,1.1876,0,1.96037,1.96037,-0.29294,13.615384615384615,4
ENG-Premier League,2425,2024-11-09 Liverpool-Aston Villa,1,2024,26707,2024-11-09 20:00:00,87,71,Liverpool,Aston Villa,AVL,LIV,0,0.7257,0,1.66337,1.66337,-1.01859,17.681818181818183,4,3,2.0739,2,2.68196,2.68196,1.01859,8.615384615384615,7
ENG-Premier League,2425,2024-11-09 West Ham-Everton,1,2024,26710,2024-11-09 15:00:00,81,72,West Ham,Everton,EVE,WHU,1,1.0962,0,0.865983,0.865983,-0.257717,11.11111111111111,7,1,1.5993,0,1.1237,1.1237,0.257717,10.142857142857142,8
ENG-Premier League,2425,2024-11-09 Wolverhampton Wanderers-Southampton,1,2024,26711,2024-11-09 15:00:00,229,74,Wolverhampton Wanderers,Southampton,SOU,WOL,0,1.1777,0,0.792655,0.792655,-0.12012599999999996,5.814814814814815,6,3,1.4629999999999999,2,0.912781,0.912781,0.12012599999999996,25.4375,7
ENG-Premier League,2425,2024-11-10 Chelsea-Arsenal,1,2024,26705,2024-11-10 16:30:00,80,83,Chelsea,Arsenal,ARS,CHE,1,1.9068999999999998,1,1.9605,1.9605,0.71983,10.26086956521739,6,1,0.8506,1,1.24067,1.24067,-0.71983,16.5,6
ENG-Premier League,2425,2024-11-10 Manchester United-Leicester,1,2024,26708,2024-11-10 14:00:00,89,75,Manchester United,Leicester,LEI,MUN,0,0.6164000000000001,0,0.417295,0.417295,-0.8196050000000001,14.6,5,3,2.0891,3,1.2369,1.2369,0.8196050000000001,10.142857142857142,2
ENG-Premier League,2425,2024-11-10 Nottingham Forest-Newcastle United,1,2024,26704,2024-11-10 14:00:00,249,86,Nottingham Forest,Newcastle United,NEW,NOT,3,1.9041,3,1.86904,1.86904,0.69052,13.833333333333334,10,0,0.8372999999999999,1,1.17852,1.17852,-0.69052,10.695652173913043,4
ENG-Premier League,2425,2024-11-10 Tottenham-Ipswich,1,2024,26709,2024-11-10 14:00:00,82,285,Tottenham,Ipswich,IPS,TOT,3,1.7298,2,2.18392,2.18392,0.4330400000000001,9.35483870967742,6,0,1.014,1,1.75088,1.75088,-0.4330400000000001,6.631578947368421,10
ENG-Premier League,2425,2024-11-23 Arsenal-Nottingham Forest,1,2024,26714,2024-11-23 15:00:00,83,249,Arsenal,Nottingham Forest,NOT,ARS,0,0.4249,0,0.403136,0.403136,-1.2570240000000001,21.647058823529413,0,3,2.3644,3,1.66016,1.66016,1.2570240000000001,10.533333333333333,19
ENG-Premier League,2425,2024-11-23 Aston Villa-Crystal Palace,1,2024,26716,2024-11-23 15:00:00,71,78,Aston Villa,Crystal Palace,CRY,AVL,1,0.5138,2,1.61437,1.61437,-0.6690100000000001,15.818181818181818,2,1,2.3213,2,3.04455,2.28338,0.6690100000000001,7.4,11
ENG-Premier League,2425,2024-11-23 Bournemouth-Brighton,1,2024,26712,2024-11-23 15:00:00,73,220,Bournemouth,Brighton,BRI,BOU,3,0.9064000000000001,2,1.23059,1.23059,-0.6809799999999999,13.0,5,0,1.8321999999999998,1,1.91157,1.91157,0.6809799999999999,7.419354838709677,11
ENG-Premier League,2425,2024-11-23 Everton-Brentford,1,2024,26715,2024-11-23 15:00:00,72,244,Everton,Brentford,BRE,EVE,1,1.2202000000000002,0,1.34314,1.34314,-0.25195999999999996,7.956521739130435,1,1,1.5025,0,1.5951,1.5951,0.25195999999999996,14.866666666666667,8
ENG-Premier League,2425,2024-11-23 Fulham-Wolverhampton Wanderers,1,2024,26717,2024-11-23 15:00:00,228,229,Fulham,Wolverhampton Wanderers,WOL,FLH,3,1.8798,4,1.33903,1.33903,0.621872,14.368421052631579,8,0,0.8195999999999999,1,0.717158,0.717158,-0.621872,6.611111111111111,6
ENG-Premier League,2425,2024-11-23 Leicester-Chelsea,1,2024,26719,2024-11-23 12:30:00,75,80,Leicester,Chelsea,CHE,LEI,3,2.6633,2,2.81658,2.81658,2.609762,8.347826086956522,13,0,0.2195,1,0.967987,0.206818,-2.609762,13.291666666666666,3
ENG-Premier League,2425,2024-11-23 Manchester City-Tottenham,1,2024,26720,2024-11-23 17:30:00,88,82,Manchester City,Tottenham,TOT,MCI,3,2.1441999999999997,4,3.30449,3.30449,1.1454999999999997,28.3,8,0,0.6784,0,2.15899,2.15899,-1.1454999999999997,6.621621621621622,14
ENG-Premier League,2425,2024-11-24 Ipswich-Manchester United,1,2024,26718,2024-11-24 16:30:00,285,89,Ipswich,Manchester United,MUN,IPS,1,0.7996,1,1.26912,1.26912,-0.7180199999999999,12.0,5,1,1.9564,1,1.98714,1.98714,0.7180199999999999,21.136363636363637,4
ENG-Premier League,2425,2024-11-24 Southampton-Liverpool,1,2024,26721,2024-11-24 14:00:00,74,87,Southampton,Liverpool,LIV,SOU,3,2.4682999999999997,3,3.18835,2.42718,1.785165,8.285714285714286,13,0,0.3767,2,1.53985,0.642015,-1.785165,24.0,6
ENG-Premier League,2425,2024-11-25 Newcastle United-West Ham,1,2024,26713,2024-11-25 20:00:00,86,81,Newcastle United,West Ham,WHU,NEW,3,0.8991,2,0.942824,0.942824,-0.5549860000000001,14.11111111111111,5,0,1.8360000000000003,0,1.49781,1.49781,0.5549860000000001,9.448275862068966,6
ENG-Premier League,2425,2024-11-29 Brighton-Southampton,1,2024,26723,2024-11-29 20:00:00,220,74,Brighton,Southampton,SOU,BRI,1,0.7225,1,0.934969,0.934969,-0.934891,12.045454545454545,4,1,2.0479,1,1.86986,1.86986,0.934891,8.588235294117647,16
ENG-Premier League,2425,2024-11-30 Brentford-Leicester,1,2024,26722,2024-11-30 15:00:00,244,75,Brentford,Leicester,LEI,BRE,0,0.4798,1,0.907555,0.907555,-1.3112950000000003,14.421052631578947,3,3,2.3232999999999997,4,2.21885,2.21885,1.3112950000000003,7.607142857142857,7
ENG-Premier League,2425,2024-11-30 Crystal Palace-Newcastle United,1,2024,26725,2024-11-30 15:00:00,78,86,Crystal Palace,Newcastle United,NEW,CRY,1,0.0605,1,0.020989,0.020989,-2.274961,9.5,2,1,2.8826,1,2.29595,2.29595,2.274961,8.851851851851851,11
ENG-Premier League,2425,2024-11-30 Nottingham Forest-Ipswich,1,2024,26728,2024-11-30 15:00:00,249,285,Nottingham Forest,Ipswich,IPS,NOT,0,0.3504,0,0.462771,0.462771,-0.5419289999999999,7.722222222222222,5,3,2.4696000000000002,1,1.76587,1.0047,0.5419289999999999,12.875,3
ENG-Premier League,2425,2024-11-30 West Ham-Arsenal,1,2024,26730,2024-11-30 17:30:00,81,83,West Ham,Arsenal,ARS,WHU,3,2.8133,5,3.99935,2.47701,1.24162,12.0,6,0,0.1265,2,1.23539,1.23539,-1.24162,13.833333333333334,3
ENG-Premier League,2425,2024-11-30 Wolverhampton Wanderers-Bournemouth,1,2024,26731,2024-11-30 15:00:00,229,73,Wolverhampton Wanderers,Bournemouth,BOU,WOL,3,2.7676,4,3.07901,0.795501,-0.07053299999999996,10.74074074074074,4,0,0.1558,2,0.866034,0.866034,0.07053299999999996,11.3125,8
ENG-Premier League,2425,2024-12-01 Chelsea-Aston Villa,1,2024,26724,2024-12-01 13:30:00,80,71,Chelsea,Aston Villa,AVL,CHE,0,0.6308,0,0.875443,0.875443,-1.073947,39.6,4,3,2.1509,3,1.94939,1.94939,1.073947,8.1,4
ENG-Premier League,2425,2024-12-01 Liverpool-Manchester City,1,2024,26726,2024-12-01 16:00:00,87,88,Liverpool,Manchester City,MCI,LIV,0,0.06359999999999999,0,0.745015,0.745015,-2.194355,15.6875,4,3,2.9016,2,3.70054,2.93937,2.194355,17.352941176470587,8
ENG-Premier League,2425,2024-12-01 Manchester United-Everton,1,2024,26727,2024-12-01 13:30:00,89,72,Manchester United,Everton,EVE,MUN,0,0.5986,0,0.766749,0.766749,-0.9948609999999999,17.074074074074073,3,3,2.1703,4,1.76161,1.76161,0.9948609999999999,11.458333333333334,10
ENG-Premier League,2425,2024-12-01 Tottenham-Fulham,1,2024,26729,2024-12-01 13:30:00,82,228,Tottenham,Fulham,FLH,TOT,1,1.8117,1,1.57274,1.57274,0.5618799999999999,11.347826086956522,7,1,0.9093000000000001,1,1.01086,1.01086,-0.5618799999999999,19.307692307692307,7
ENG-Premier League,2425,2024-12-03 Ipswich-Crystal Palace,1,2024,26737,2024-12-03 19:30:00,285,78,Ipswich,Crystal Palace,CRY,IPS,3,2.3167,1,1.65422,1.65422,1.182512,13.565217391304348,6,0,0.46419999999999995,0,0.471708,0.471708,-1.182512,10.956521739130435,2
ENG-Premier League,2425,2024-12-03 Leicester-West Ham,1,2024,26738,2024-12-03 20:15:00,75,81,Leicester,West Ham,WHU,LEI,0,1.4368999999999998,1,2.87716,2.87716,0.09655000000000014,12.777777777777779,14,3,1.3649,3,2.78061,2.78061,-0.09655000000000014,10.068965517241379,4
ENG-Premier League,2425,2024-12-04 Arsenal-Manchester United,1,2024,26733,2024-12-04 20:15:00,83,89,Arsenal,Manchester United,MUN,ARS,0,0.0343,0,0.256083,0.256083,-2.710757,19.4,1,3,2.9395,2,2.96684,2.96684,2.710757,11.8,8
ENG-Premier League,2425,2024-12-04 Aston Villa-Brentford,1,2024,26734,2024-12-04 20:15:00,71,244,Aston Villa,Brentford,BRE,AVL,0,0.2826,1,1.13266,1.13266,-1.3229000000000002,7.258064516129032,5,3,2.6043000000000003,3,3.21673,2.45556,1.3229000000000002,11.105263157894736,11
ENG-Premier League,2425,2024-12-04 Everton-Wolverhampton Wanderers,1,2024,26735,2024-12-04 19:30:00,72,229,Everton,Wolverhampton Wanderers,WOL,EVE,0,0.8206,0,0.847724,0.847724,-0.6513159999999999,7.708333333333333,4,3,1.8867999999999998,4,1.49904,1.49904,0.6513159999999999,10.178571428571429,7
ENG-Premier League,2425,2024-12-04 Manchester City-Nottingham Forest,1,2024,26739,2024-12-04 19:30:00,88,249,Manchester City,Nottingham Forest,NOT,MCI,0,0.1778,0,0.802155,0.802155,-2.399535,10.703703703703704,7,3,2.7382999999999997,3,3.20169,3.20169,2.399535,7.866666666666666,10
ENG-Premier League,2425,2024-12-04 Newcastle United-Liverpool,1,2024,26740,2024-12-04 19:30:00,86,87,Newcastle United,Liverpool,LIV,NEW,1,1.8659000000000001,3,2.22766,2.22766,0.7070900000000002,8.153846153846153,9,1,0.9100999999999999,3,1.52057,1.52057,-0.7070900000000002,13.590909090909092,3
ENG-Premier League,2425,2024-12-04 Southampton-Chelsea,1,2024,26741,2024-12-04 19:30:00,74,80,Southampton,Chelsea,CHE,SOU,3,2.9237,5,5.8331,5.8331,3.92296,11.074074074074074,18,0,0.052099999999999994,1,1.91014,1.91014,-3.92296,33.375,6
ENG-Premier League,2425,2024-12-05 Bournemouth-Tottenham,1,2024,26732,2024-12-05 20:15:00,73,82,Bournemouth,Tottenham,TOT,BOU,0,0.13490000000000002,0,0.623934,0.623934,-2.653226,3.5925925925925926,11,3,2.7977000000000003,1,3.27716,3.27716,2.653226,7.064516129032258,10
ENG-Premier League,2425,2024-12-05 Fulham-Brighton,1,2024,26736,2024-12-05 19:30:00,228,220,Fulham,Brighton,BRI,FLH,0,1.7403,1,1.09939,1.09939,0.4327460000000001,13.647058823529411,2,3,0.9318,3,0.666644,0.666644,-0.4327460000000001,18.705882352941178,3
ENG-Premier League,2425,2024-12-07 Aston Villa-Southampton,1,2024,26742,2024-12-07 15:00:00,71,74,Aston Villa,Southampton,SOU,AVL,0,0.1582,0,0.385832,0.385832,-2.127548,8.851851851851851,7,3,2.7499,1,2.51338,2.51338,2.127548,7.885714285714286,13
ENG-Premier League,2425,2024-12-07 Brentford-Newcastle United,1,2024,26743,2024-12-07 15:00:00,244,86,Brentford,Newcastle United,NEW,BRE,0,1.539,2,1.95645,1.95645,0.21045000000000003,12.133333333333333,9,3,1.2189,4,1.746,1.746,-0.21045000000000003,10.76,6
ENG-Premier League,2425,2024-12-07 Crystal Palace-Manchester City,1,2024,26747,2024-12-07 15:00:00,78,88,Crystal Palace,Manchester City,MCI,CRY,1,1.6707,2,1.5846,1.5846,0.36983999999999995,8.227272727272727,16,1,1.0644,2,1.21476,1.21476,-0.36983999999999995,38.8,6
ENG-Premier League,2425,2024-12-07 Manchester United-Nottingham Forest,1,2024,26744,2024-12-07 17:30:00,89,249,Manchester United,Nottingham Forest,NOT,MUN,3,0.6564000000000001,3,0.651217,0.651217,-0.818483,26.384615384615383,4,0,2.0817,2,1.4697,1.4697,0.818483,3.2083333333333335,7
ENG-Premier League,2425,2024-12-08 Fulham-Arsenal,1,2024,26749,2024-12-08 14:00:00,228,83,Fulham,Arsenal,ARS,FLH,1,2.943,1,2.4333,2.4333,2.282312,8.68421052631579,12,1,0.0306,1,0.150988,0.150988,-2.282312,24.357142857142858,0
ENG-Premier League,2425,2024-12-08 Ipswich-Bournemouth,1,2024,26750,2024-12-08 14:00:00,285,73,Ipswich,Bournemouth,BOU,IPS,3,2.5852999999999997,2,3.49127,3.49127,1.9244700000000001,5.125,12,0,0.30200000000000005,1,1.5668,1.5668,-1.9244700000000001,9.4,12
ENG-Premier League,2425,2024-12-08 Leicester-Brighton,1,2024,26751,2024-12-08 14:00:00,75,220,Leicester,Brighton,BRI,LEI,1,1.0744,2,1.12184,1.12184,-0.30254000000000003,12.423076923076923,5,1,1.6399000000000001,2,1.42438,1.42438,0.30254000000000003,14.5,3
ENG-Premier League,2425,2024-12-08 Tottenham-Chelsea,1,2024,26745,2024-12-08 16:30:00,82,80,Tottenham,Chelsea,CHE,TOT,3,0.9833000000000001,4,2.57326,1.05092,-2.20396,7.958333333333333,16,0,1.8100999999999998,3,3.25488,3.25488,2.20396,9.857142857142858,8
ENG-Premier League,2425,2024-12-09 West Ham-Wolverhampton Wanderers,1,2024,26746,2024-12-09 20:00:00,81,229,West Ham,Wolverhampton Wanderers,WOL,WHU,0,1.5825,1,1.47567,1.47567,0.27759,8.037037037037036,6,3,1.1481,2,1.19808,1.19808,-0.27759,9.043478260869565,7
ENG-Premier League,2425,2024-12-14 Arsenal-Everton,1,2024,26755,2024-12-14 15:00:00,83,72,Arsenal,Everton,EVE,ARS,1,0.3379,0,0.132166,0.132166,-1.176484,19.77777777777778,2,1,2.4169,0,1.30865,1.30865,1.176484,5.0476190476190474,12
ENG-Premier League,2425,2024-12-14 Liverpool-Fulham,1,2024,26752,2024-12-14 15:00:00,87,228,Liverpool,Fulham,FLH,LIV,1,0.8013000000000001,2,1.2862,1.2862,-0.8107799999999998,38.75,6,1,1.9724999999999997,2,2.09698,2.09698,0.8107799999999998,7.703703703703703,8
ENG-Premier League,2425,2024-12-14 Newcastle United-Leicester,1,2024,26760,2024-12-14 15:00:00,86,75,Newcastle United,Leicester,LEI,NEW,0,0.0098,0,0.186759,0.186759,-3.7678510000000003,14.826086956521738,3,3,2.9819,4,3.95461,3.95461,3.7678510000000003,11.368421052631579,21
ENG-Premier League,2425,2024-12-14 Nottingham Forest-Aston Villa,1,2024,26761,2024-12-14 17:30:00,249,71,Nottingham Forest,Aston Villa,AVL,NOT,0,0.198,1,0.389423,0.389423,-1.8966769999999997,16.928571428571427,7,3,2.6913,2,2.2861,2.2861,1.8966769999999997,17.3125,5
ENG-Premier League,2425,2024-12-14 Wolverhampton Wanderers-Ipswich,1,2024,26758,2024-12-14 15:00:00,229,285,Wolverhampton Wanderers,Ipswich,IPS,WOL,3,1.8144999999999998,2,1.73349,1.73349,0.49601000000000006,12.363636363636363,4,0,0.9286,1,1.23748,1.23748,-0.49601000000000006,11.608695652173912,11
ENG-Premier League,2425,2024-12-15 Brighton-Crystal Palace,1,2024,26756,2024-12-15 14:00:00,220,78,Brighton,Crystal Palace,CRY,BRI,3,2.4631,3,3.00618,3.00618,1.6829500000000002,14.136363636363637,6,0,0.39640000000000003,1,1.32323,1.32323,-1.6829500000000002,4.756756756756757,9
ENG-Premier League,2425,2024-12-15 Chelsea-Brentford,1,2024,26757,2024-12-15 19:00:00,80,244,Chelsea,Brentford,BRE,CHE,0,0.8152,1,1.65861,1.65861,-0.9328500000000002,14.625,6,3,1.9714,2,2.59146,2.59146,0.9328500000000002,8.761904761904763,13
ENG-Premier League,2425,2024-12-15 Manchester City-Manchester United,1,2024,26753,2024-12-15 16:30:00,88,89,Manchester City,Manchester United,MUN,MCI,3,2.4972,2,2.04662,1.28545,0.647347,7.928571428571429,5,0,0.3402,1,0.638103,0.638103,-0.647347,16.944444444444443,4
ENG-Premier League,2425,2024-12-15 Southampton-Tottenham,1,2024,26759,2024-12-15 19:00:00,74,82,Southampton,Tottenham,TOT,SOU,3,2.7945,5,3.89322,3.89322,2.6196599999999997,10.666666666666666,10,0,0.13890000000000002,0,1.27356,1.27356,-2.6196599999999997,17.47826086956522,2
ENG-Premier League,2425,2024-12-16 Bournemouth-West Ham,1,2024,26754,2024-12-16 20:00:00,73,81,Bournemouth,West Ham,WHU,BOU,1,1.2479999999999998,1,1.81827,1.0571,-0.9913200000000002,10.894736842105264,6,1,1.5071999999999999,1,2.04842,2.04842,0.9913200000000002,11.473684210526315,10
ENG-Premier League,2425,2024-12-21 Aston Villa-Manchester City,1,2024,26762,2024-12-21 12:30:00,71,88,Aston Villa,Manchester City,MCI,AVL,0,0.6900000000000001,1,1.09627,1.09627,-0.9636100000000001,19.6,4,3,2.0925,2,2.05988,2.05988,0.9636100000000001,18.357142857142858,7
ENG-Premier League,2425,2024-12-21 Brentford-Nottingham Forest,1,2024,26766,2024-12-21 15:00:00,244,249,Brentford,Nottingham Forest,NOT,BRE,3,1.5014,2,0.964897,0.964897,0.19589299999999998,15.222222222222221,6,0,1.1537,0,0.769004,0.769004,-0.19589299999999998,4.862068965517241,11
ENG-Premier League,2425,2024-12-21 Crystal Palace-Arsenal,1,2024,26765,2024-12-21 17:30:00,78,83,Crystal Palace,Arsenal,ARS,CRY,3,2.4151000000000002,5,3.05434,3.05434,1.4491399999999999,12.833333333333334,6,0,0.42580000000000007,1,1.6052,1.6052,-1.4491399999999999,17.3,3
ENG-Premier League,2425,2024-12-21 Ipswich-Newcastle United,1,2024,26771,2024-12-21 15:00:00,285,86,Ipswich,Newcastle United,NEW,IPS,3,2.6363,4,3.23386,3.23386,2.16959,12.263157894736842,14,0,0.25579999999999997,0,1.06427,1.06427,-2.16959,17.782608695652176,0
ENG-Premier League,2425,2024-12-21 West Ham-Brighton,1,2024,26767,2024-12-21 15:00:00,81,220,West Ham,Brighton,BRI,WHU,1,1.485,1,1.34379,1.34379,0.11441999999999997,6.1891891891891895,13,1,1.2192,1,1.22937,1.22937,-0.11441999999999997,9.48,6
ENG-Premier League,2425,2024-12-22 Everton-Chelsea,1,2024,26764,2024-12-22 14:00:00,72,80,Everton,Chelsea,CHE,EVE,1,1.7681,0,1.51591,1.51591,0.44510000000000005,4.782608695652174,2,1,0.9176,0,1.07081,1.07081,-0.44510000000000005,14.428571428571429,0
ENG-Premier League,2425,2024-12-22 Fulham-Southampton,1,2024,26763,2024-12-22 14:00:00,228,74,Fulham,Southampton,SOU,FLH,1,0.5035000000000001,0,0.280031,0.280031,-0.9725190000000001,11.653846153846153,3,1,2.2141,0,1.25255,1.25255,0.9725190000000001,18.333333333333332,8
ENG-Premier League,2425,2024-12-22 Leicester-Wolverhampton Wanderers,1,2024,26770,2024-12-22 14:00:00,75,229,Leicester,Wolverhampton Wanderers,WOL,LEI,3,1.6608,3,1.13531,1.13531,0.34663,14.590909090909092,3,0,1.017,0,0.78868,0.78868,-0.34663,11.851851851851851,3
ENG-Premier League,2425,2024-12-22 Manchester United-Bournemouth,1,2024,26769,2024-12-22 14:00:00,89,73,Manchester United,Bournemouth,BOU,MUN,3,1.0631,3,1.82831,1.06714,-1.21819,9.23076923076923,3,0,1.6816999999999998,0,2.28533,2.28533,1.21819,7.3478260869565215,14
ENG-Premier League,2425,2024-12-22 Tottenham-Liverpool,1,2024,26768,2024-12-22 16:30:00,82,87,Tottenham,Liverpool,LIV,TOT,3,2.9533,6,5.20214,5.20214,3.99969,11.551724137931034,14,0,0.0286,3,1.20245,1.20245,-3.99969,21.53846153846154,8
ENG-Premier League,2425,2024-12-26 Bournemouth-Crystal Palace,1,2024,26772,2024-12-26 15:00:00,73,78,Bournemouth,Crystal Palace,CRY,BOU,1,0.7489,0,0.500066,0.500066,-0.7018239999999999,11.842105263157896,8,1,1.9444000000000001,0,1.20189,1.20189,0.7018239999999999,6.411764705882353,10
ENG-Premier League,2425,2024-12-26 Chelsea-Fulham,1,2024,26775,2024-12-26 15:00:00,80,228,Chelsea,Fulham,FLH,CHE,3,1.5630000000000002,2,1.77929,1.77929,0.22303000000000006,17.88235294117647,4,0,1.1754,1,1.55626,1.55626,-0.22303000000000006,16.869565217391305,6
ENG-Premier League,2425,2024-12-26 Liverpool-Leicester,1,2024,26776,2024-12-26 20:00:00,87,75,Liverpool,Leicester,LEI,LIV,0,0.2228,1,0.22097,0.22097,-1.6783800000000002,78.0,0,3,2.6357000000000004,3,1.89935,1.89935,1.6783800000000002,5.484848484848484,26
ENG-Premier League,2425,2024-12-26 Manchester City-Everton,1,2024,26777,2024-12-26 12:30:00,88,72,Manchester City,Everton,EVE,MCI,1,0.2591,1,0.653289,0.653289,-1.105201,28.09090909090909,1,1,2.609,1,2.51965,1.75849,1.105201,10.666666666666666,18
ENG-Premier League,2425,2024-12-26 Newcastle United-Aston Villa,1,2024,26778,2024-12-26 15:00:00,86,71,Newcastle United,Aston Villa,AVL,NEW,0,0.0707,0,0.225522,0.225522,-2.603148,21.714285714285715,2,3,2.8808000000000002,3,2.82867,2.82867,2.603148,6.107142857142857,20
ENG-Premier League,2425,2024-12-26 Nottingham Forest-Tottenham,1,2024,26779,2024-12-26 15:00:00,249,82,Nottingham Forest,Tottenham,TOT,NOT,0,1.1156,0,1.05758,1.05758,-0.24259999999999993,5.4,9,3,1.5766999999999998,1,1.30018,1.30018,0.24259999999999993,23.153846153846153,5
ENG-Premier League,2425,2024-12-26 Southampton-West Ham,1,2024,26780,2024-12-26 15:00:00,74,81,Southampton,West Ham,WHU,SOU,3,1.1689,1,1.90111,1.90111,-0.2972199999999998,18.857142857142858,6,0,1.5784,0,2.19833,2.19833,0.2972199999999998,7.9655172413793105,9
ENG-Premier League,2425,2024-12-26 Wolverhampton Wanderers-Manchester United,1,2024,26781,2024-12-26 17:30:00,229,89,Wolverhampton Wanderers,Manchester United,MUN,WOL,0,0.722,0,0.358876,0.358876,-0.46761300000000006,7.470588235294118,2,3,1.9208,2,0.826489,0.826489,0.46761300000000006,10.523809523809524,4
ENG-Premier League,2425,2024-12-27 Arsenal-Ipswich,1,2024,26773,2024-12-27 20:15:00,83,285,Arsenal,Ipswich,IPS,ARS,0,0.0856,0,0.0783327,0.0783327,-2.0862873000000004,19.41176470588235,0,3,2.8423,1,2.16462,2.16462,2.0862873000000004,6.428571428571429,12
ENG-Premier League,2425,2024-12-27 Brighton-Brentford,1,2024,26774,2024-12-27 19:30:00,220,244,Brighton,Brentford,BRE,BRI,1,1.0741999999999998,0,0.961233,0.961233,-0.374147,12.631578947368421,5,1,1.6324999999999998,0,1.33538,1.33538,0.374147,8.347826086956522,21
ENG-Premier League,2425,2024-12-29 Crystal Palace-Southampton,1,2024,26784,2024-12-29 15:00:00,78,74,Crystal Palace,Southampton,SOU,CRY,0,0.2976,1,1.21853,1.21853,-1.8356400000000002,5.65625,1,3,2.5632,2,3.05417,3.05417,1.8356400000000002,7.0285714285714285,10
ENG-Premier League,2425,2024-12-29 Everton-Nottingham Forest,1,2024,26785,2024-12-29 15:00:00,72,249,Everton,Nottingham Forest,NOT,EVE,3,2.4487,2,2.02753,2.02753,1.412339,17.0,7,0,0.38470000000000004,0,0.615191,0.615191,-1.412339,8.1875,8
ENG-Premier League,2425,2024-12-29 Fulham-Bournemouth,1,2024,26786,2024-12-29 15:00:00,228,73,Fulham,Bournemouth,BOU,FLH,1,1.9376000000000002,2,1.70692,1.70692,0.745354,10.423076923076923,10,1,0.8170999999999999,2,0.961566,0.961566,-0.745354,11.944444444444445,5
ENG-Premier League,2425,2024-12-29 Leicester-Manchester City,1,2024,26788,2024-12-29 14:30:00,75,88,Leicester,Manchester City,MCI,LEI,3,1.1524,2,1.58002,1.58002,-0.26205999999999996,27.642857142857142,9,0,1.5841,0,1.84208,1.84208,0.26205999999999996,15.31578947368421,5
ENG-Premier League,2425,2024-12-29 Tottenham-Wolverhampton Wanderers,1,2024,26790,2024-12-29 15:00:00,82,229,Tottenham,Wolverhampton Wanderers,WOL,TOT,1,0.29879999999999995,2,0.640697,0.640697,-0.882473,10.9,6,1,2.5563,2,2.28433,1.52317,0.882473,11.68421052631579,6
ENG-Premier League,2425,2024-12-29 West Ham-Liverpool,1,2024,26791,2024-12-29 17:15:00,81,87,West Ham,Liverpool,LIV,WHU,3,2.8459999999999996,5,3.29868,3.29868,2.780401,10.035714285714286,16,0,0.09620000000000001,0,0.518279,0.518279,-2.780401,14.157894736842104,3
ENG-Premier League,2425,2024-12-30 Aston Villa-Brighton,1,2024,26782,2024-12-30 19:45:00,71,220,Aston Villa,Brighton,BRI,AVL,1,0.6501,2,0.938042,0.938042,-0.18075799999999997,8.59375,6,1,2.1243,2,1.87997,1.1188,0.18075799999999997,9.95,13
ENG-Premier League,2425,2024-12-30 Ipswich-Chelsea,1,2024,26787,2024-12-30 19:45:00,285,80,Ipswich,Chelsea,CHE,IPS,0,1.4575,0,1.60622,1.60622,0.866462,7.5625,18,3,1.2616,2,1.50093,0.739758,-0.866462,22.9375,4
ENG-Premier League,2425,2024-12-30 Manchester United-Newcastle United,1,2024,26789,2024-12-30 20:00:00,89,86,Manchester United,Newcastle United,NEW,MUN,3,2.2635,2,2.2424,2.2424,1.24167,19.444444444444443,5,0,0.5484,0,1.00073,1.00073,-1.24167,9.833333333333334,6
ENG-Premier League,2425,2025-01-01 Brentford-Arsenal,1,2024,26783,2025-01-01 17:30:00,244,83,Brentford,Arsenal,ARS,BRE,3,2.7520999999999995,3,1.99848,1.99848,1.725876,17.41176470588235,17,0,0.1493,1,0.272604,0.272604,-1.725876,17.727272727272727,2
ENG-Premier League,2425,2025-01-04 Aston Villa-Leicester,1,2024,26793,2025-01-04 15:00:00,71,75,Aston Villa,Leicester,LEI,AVL,0,0.2842,1,0.81548,0.81548,-1.5301200000000001,20.842105263157894,3,3,2.5573,2,2.3456,2.3456,1.5301200000000001,9.03448275862069,9
ENG-Premier League,2425,2025-01-04 Bournemouth-Everton,1,2024,26792,2025-01-04 15:00:00,73,72,Bournemouth,Everton,EVE,BOU,0,0.17420000000000002,0,0.561015,0.561015,-2.057505,10.722222222222221,1,3,2.738,1,2.61852,2.61852,2.057505,3.962962962962963,14
ENG-Premier League,2425,2025-01-04 Brighton-Arsenal,1,2024,26794,2025-01-04 17:30:00,220,83,Brighton,Arsenal,ARS,BRI,1,1.3613,1,1.81142,1.81142,0.8074600000000001,10.833333333333334,8,1,1.3562,1,1.76513,1.00396,-0.8074600000000001,14.772727272727273,4
ENG-Premier League,2425,2025-01-04 Crystal Palace-Chelsea,1,2024,26795,2025-01-04 15:00:00,78,80,Crystal Palace,Chelsea,CHE,CRY,1,1.5524,1,1.51541,1.51541,0.23880999999999997,9.272727272727273,16,1,1.1723,1,1.2766,1.2766,-0.23880999999999997,19.294117647058822,6
ENG-Premier League,2425,2025-01-04 Manchester City-West Ham,1,2024,26798,2025-01-04 15:00:00,88,81,Manchester City,West Ham,WHU,MCI,0,1.0314999999999999,1,1.53286,1.53286,-0.44700000000000006,11.777777777777779,7,3,1.7275,4,1.97986,1.97986,0.44700000000000006,14.68421052631579,9
ENG-Premier League,2425,2025-01-04 Southampton-Brentford,1,2024,26799,2025-01-04 15:00:00,74,244,Southampton,Brentford,BRE,SOU,3,2.9964,5,5.54874,4.78757,4.537955999999999,11.090909090909092,15,0,0.0018,0,0.249614,0.249614,-4.537955999999999,12.88888888888889,9
ENG-Premier League,2425,2025-01-04 Tottenham-Newcastle United,1,2024,26800,2025-01-04 12:30:00,82,86,Tottenham,Newcastle United,NEW,TOT,3,2.3865000000000003,2,2.42963,2.42963,1.4263,7.730769230769231,9,0,0.44189999999999996,1,1.00333,1.00333,-1.4263,5.806451612903226,15
ENG-Premier League,2425,2025-01-05 Fulham-Ipswich,1,2024,26796,2025-01-05 14:00:00,228,285,Fulham,Ipswich,IPS,FLH,1,0.5066,2,1.4434,0.682234,-0.45011599999999996,13.75,2,1,2.294,2,2.65469,1.13235,0.45011599999999996,8.1875,5
ENG-Premier League,2425,2025-01-05 Liverpool-Manchester United,1,2024,26797,2025-01-05 16:30:00,87,89,Liverpool,Manchester United,MUN,LIV,1,0.6461,2,1.67469,1.67469,-0.4261499999999998,7.555555555555555,7,1,2.1611000000000002,2,2.862,2.10084,0.4261499999999998,8.869565217391305,7
ENG-Premier League,2425,2025-01-06 Wolverhampton Wanderers-Nottingham Forest,1,2024,26801,2025-01-06 20:00:00,229,249,Wolverhampton Wanderers,Nottingham Forest,NOT,WOL,3,1.8789,3,2.57227,2.57227,0.66764,18.2,11,0,0.8769,0,1.90463,1.90463,-0.66764,9.55,12
ENG-Premier League,2425,2025-01-14 Brentford-Manchester City,1,2024,26803,2025-01-14 19:30:00,244,88,Brentford,Manchester City,MCI,BRE,1,1.5518,2,2.65315,2.65315,0.26227,20.181818181818183,15,1,1.2401,2,2.39088,2.39088,-0.26227,14.214285714285714,14
ENG-Premier League,2425,2025-01-14 Chelsea-Bournemouth,1,2024,26809,2025-01-14 19:30:00,80,73,Chelsea,Bournemouth,BOU,CHE,1,0.4455,2,1.14845,0.387282,-2.150798,8.923076923076923,8,1,2.3727,2,2.53808,2.53808,2.150798,9.421052631578947,12
ENG-Premier League,2425,2025-01-14 Nottingham Forest-Liverpool,1,2024,26807,2025-01-14 20:00:00,249,87,Nottingham Forest,Liverpool,LIV,NOT,1,2.7403000000000004,1,2.72291,2.72291,2.1937100000000003,6.375,18,1,0.1675,1,0.5292,0.5292,-2.1937100000000003,21.545454545454547,2
ENG-Premier League,2425,2025-01-14 West Ham-Fulham,1,2024,26808,2025-01-14 19:30:00,81,228,West Ham,Fulham,FLH,WHU,0,2.6248,2,2.83581,2.83581,1.898488,8.65625,9,3,0.25570000000000004,3,0.937322,0.937322,-1.898488,17.294117647058822,2
ENG-Premier League,2425,2025-01-15 Arsenal-Tottenham,1,2024,26802,2025-01-15 20:00:00,83,82,Arsenal,Tottenham,TOT,ARS,0,0.4317,1,0.777071,0.777071,-1.4779390000000001,21.444444444444443,0,3,2.3930999999999996,2,2.25501,2.25501,1.4779390000000001,6.135135135135135,11
ENG-Premier League,2425,2025-01-15 Everton-Aston Villa,1,2024,26804,2025-01-15 19:30:00,72,71,Everton,Aston Villa,AVL,EVE,3,1.3870999999999998,1,1.28522,1.28522,0.05396000000000001,14.6,5,0,1.3195999999999999,0,1.23126,1.23126,-0.05396000000000001,9.678571428571429,4
ENG-Premier League,2425,2025-01-15 Leicester-Crystal Palace,1,2024,26806,2025-01-15 19:30:00,75,78,Leicester,Crystal Palace,CRY,LEI,3,1.52,2,2.2647,2.2647,0.16565999999999992,15.478260869565217,7,0,1.238,0,2.09904,2.09904,-0.16565999999999992,12.272727272727273,7
ENG-Premier League,2425,2025-01-15 Newcastle United-Wolverhampton Wanderers,1,2024,26810,2025-01-15 19:30:00,86,229,Newcastle United,Wolverhampton Wanderers,WOL,NEW,0,0.9416,0,1.47433,1.47433,-0.6589400000000001,14.833333333333334,8,3,1.8340999999999998,3,2.13327,2.13327,0.6589400000000001,5.59375,10
ENG-Premier League,2425,2025-01-16 Ipswich-Brighton,1,2024,26805,2025-01-16 19:30:00,285,220,Ipswich,Brighton,BRI,IPS,3,2.0936,2,1.06343,1.06343,0.7953030000000001,10.538461538461538,9,0,0.5738,0,0.268127,0.268127,-0.7953030000000001,11.565217391304348,1
ENG-Premier League,2425,2025-01-16 Manchester United-Southampton,1,2024,26811,2025-01-16 20:00:00,89,74,Manchester United,Southampton,SOU,MUN,0,0.4456,1,1.36705,1.36705,-1.74142,12.821428571428571,1,3,2.4094,3,3.10847,3.10847,1.74142,12.411764705882353,15
ENG-Premier League,2425,2025-01-18 Arsenal-Aston Villa,1,2024,26812,2025-01-18 17:30:00,83,71,Arsenal,Aston Villa,AVL,ARS,1,1.0373999999999999,2,1.20602,1.20602,-0.43855999999999984,15.0,1,1,1.6845,2,1.64458,1.64458,0.43855999999999984,6.818181818181818,8
ENG-Premier League,2425,2025-01-18 Brentford-Liverpool,1,2024,26813,2025-01-18 15:00:00,244,87,Brentford,Liverpool,LIV,BRE,3,2.7965,2,4.16249,4.16249,2.96228,8.16,23,0,0.1391,0,1.20021,1.20021,-2.96228,16.9,8
ENG-Premier League,2425,2025-01-18 Leicester-Fulham,1,2024,26817,2025-01-18 15:00:00,75,228,Leicester,Fulham,FLH,LEI,3,2.6144,2,2.36823,2.36823,1.691296,9.80952380952381,10,0,0.25039999999999996,0,0.676934,0.676934,-1.691296,19.0,2
ENG-Premier League,2425,2025-01-18 Newcastle United-Bournemouth,1,2024,26819,2025-01-18 12:30:00,86,73,Newcastle United,Bournemouth,BOU,NEW,3,2.5229000000000004,4,2.70174,2.70174,1.863939,6.147058823529412,8,0,0.3428,1,0.837801,0.837801,-1.863939,7.9375,12
ENG-Premier League,2425,2025-01-18 West Ham-Crystal Palace,1,2024,26821,2025-01-18 15:00:00,81,78,West Ham,Crystal Palace,CRY,WHU,3,2.6231,2,1.62561,0.864444,0.643382,12.74074074074074,5,0,0.2249,0,0.221062,0.221062,-0.643382,13.85,4
ENG-Premier League,2425,2025-01-19 Everton-Tottenham,1,2024,26815,2025-01-19 14:00:00,72,82,Everton,Tottenham,TOT,EVE,0,0.6095,2,1.35719,1.35719,-1.2037000000000002,9.0,8,3,2.1962,3,2.56089,2.56089,1.2037000000000002,12.035714285714286,6
ENG-Premier League,2425,2025-01-19 Ipswich-Manchester City,1,2024,26816,2025-01-19 16:30:00,285,88,Ipswich,Manchester City,MCI,IPS,3,2.7443000000000004,6,3.20228,3.20228,2.406643,8.869565217391305,17,0,0.1748,0,0.795637,0.795637,-2.406643,39.8,3
ENG-Premier League,2425,2025-01-19 Manchester United-Brighton,1,2024,26818,2025-01-19 14:00:00,89,220,Manchester United,Brighton,BRI,MUN,3,2.0938,3,2.17172,2.17172,1.614659,18.857142857142858,6,0,0.673,1,1.31823,0.557061,-1.614659,8.866666666666667,8
ENG-Premier League,2425,2025-01-19 Nottingham Forest-Southampton,1,2024,26820,2025-01-19 14:00:00,249,74,Nottingham Forest,Southampton,SOU,NOT,0,0.4667,2,1.25922,1.25922,-1.1049699999999998,9.823529411764707,2,3,2.3204,3,2.36419,2.36419,1.1049699999999998,12.842105263157896,9
ENG-Premier League,2425,2025-01-20 Chelsea-Wolverhampton Wanderers,1,2024,26814,2025-01-20 20:00:00,80,229,Chelsea,Wolverhampton Wanderers,WOL,CHE,0,0.1815,1,1.06726,1.06726,-2.08156,16.045454545454547,10,3,2.7219,3,3.14882,3.14882,2.08156,13.23076923076923,10
ENG-Premier League,2425,2025-01-25 Bournemouth-Nottingham Forest,1,2024,26822,2025-01-25 15:00:00,73,249,Bournemouth,Nottingham Forest,NOT,BOU,0,0.3197,0,0.996166,0.996166,-1.829234,7.65,12,3,2.5601000000000003,5,2.8254,2.8254,1.829234,7.666666666666667,6
ENG-Premier League,2425,2025-01-25 Brighton-Everton,1,2024,26824,2025-01-25 15:00:00,220,72,Brighton,Everton,EVE,BRI,3,1.6616,1,0.870883,0.109715,-0.534065,16.68421052631579,2,0,0.9701,0,0.64378,0.64378,0.534065,6.6923076923076925,9
ENG-Premier League,2425,2025-01-25 Liverpool-Ipswich,1,2024,26827,2025-01-25 15:00:00,87,285,Liverpool,Ipswich,IPS,LIV,0,0.3684,1,0.804707,0.804707,-1.3633829999999998,11.72,2,3,2.4444,4,2.16809,2.16809,1.3633829999999998,6.551724137931035,15
ENG-Premier League,2425,2025-01-25 Manchester City-Chelsea,1,2024,26828,2025-01-25 17:30:00,88,80,Manchester City,Chelsea,CHE,MCI,0,0.8682000000000001,1,1.49843,1.49843,-0.7337000000000002,22.705882352941178,5,3,1.9055999999999997,3,2.23213,2.23213,0.7337000000000002,15.529411764705882,3
ENG-Premier League,2425,2025-01-25 Southampton-Newcastle United,1,2024,26829,2025-01-25 15:00:00,74,86,Southampton,Newcastle United,NEW,SOU,3,2.7137,3,3.08319,2.32202,1.4963990000000003,11.181818181818182,11,0,0.1946,1,0.825621,0.825621,-1.4963990000000003,13.555555555555555,2
ENG-Premier League,2425,2025-01-25 Wolverhampton Wanderers-Arsenal,1,2024,26831,2025-01-25 15:00:00,229,83,Wolverhampton Wanderers,Arsenal,ARS,WOL,3,1.6851,1,0.887358,0.887358,0.372634,7.733333333333333,2,0,0.9501,0,0.514724,0.514724,-0.372634,6.7407407407407405,0
ENG-Premier League,2425,2025-01-26 Aston Villa-West Ham,1,2024,26823,2025-01-26 16:30:00,71,81,Aston Villa,West Ham,WHU,AVL,1,2.0029000000000003,1,1.67886,1.67886,0.771009,6.32258064516129,5,1,0.7566999999999999,1,0.907851,0.907851,-0.771009,8.67741935483871,7
ENG-Premier League,2425,2025-01-26 Crystal Palace-Brentford,1,2024,26825,2025-01-26 14:00:00,78,244,Crystal Palace,Brentford,BRE,CRY,3,1.9575,2,1.92037,1.1592,-0.07257000000000002,8.5,11,0,0.7787999999999999,1,1.23177,1.23177,0.07257000000000002,15.454545454545455,9
ENG-Premier League,2425,2025-01-26 Fulham-Manchester United,1,2024,26826,2025-01-26 19:00:00,228,89,Fulham,Manchester United,MUN,FLH,3,0.8438,1,0.201988,0.201988,-0.35858300000000004,16.058823529411764,5,0,1.6486999999999998,0,0.560571,0.560571,0.35858300000000004,30.8,3
ENG-Premier League,2425,2025-01-26 Tottenham-Leicester,1,2024,26830,2025-01-26 14:00:00,82,75,Tottenham,Leicester,LEI,TOT,3,1.4557,2,1.40469,1.40469,0.1298600000000001,11.25925925925926,5,0,1.1875,1,1.27483,1.27483,-0.1298600000000001,11.4,5
ENG-Premier League,2425,2025-02-01 Bournemouth-Liverpool,1,2024,26832,2025-02-01 15:00:00,73,87,Bournemouth,Liverpool,LIV,BOU,3,2.1038,2,2.7219,1.96073,0.30800000000000005,8.636363636363637,11,0,0.7025,0,1.65273,1.65273,-0.30800000000000005,8.192307692307692,5
ENG-Premier League,2425,2025-02-01 Everton-Leicester,1,2024,26836,2025-02-01 15:00:00,72,75,Everton,Leicester,LEI,EVE,0,0.1015,0,0.447136,0.447136,-2.665474,12.043478260869565,4,3,2.845,4,3.11261,3.11261,2.665474,17.944444444444443,14
ENG-Premier League,2425,2025-02-01 Ipswich-Southampton,1,2024,26837,2025-02-01 15:00:00,285,74,Ipswich,Southampton,SOU,IPS,3,0.7545999999999999,2,1.17566,1.17566,-0.7727900000000001,10.310344827586206,1,0,1.9861,1,1.94845,1.94845,0.7727900000000001,9.041666666666666,5
ENG-Premier League,2425,2025-02-01 Newcastle United-Fulham,1,2024,26839,2025-02-01 15:00:00,86,228,Newcastle United,Fulham,FLH,NEW,3,1.6649999999999998,2,1.60881,1.60881,0.38165000000000004,11.736842105263158,5,0,1.0527,1,1.22716,1.22716,-0.38165000000000004,13.6875,10
ENG-Premier League,2425,2025-02-01 Nottingham Forest-Brighton,1,2024,26840,2025-02-01 12:30:00,249,220,Nottingham Forest,Brighton,BRI,NOT,0,0.041800000000000004,0,0.756296,0.756296,-2.550234,6.285714285714286,8,3,2.9326,7,4.0677,3.30653,2.550234,19.9375,7
ENG-Premier League,2425,2025-02-01 Wolverhampton Wanderers-Aston Villa,1,2024,26841,2025-02-01 17:30:00,229,71,Wolverhampton Wanderers,Aston Villa,AVL,WOL,0,0.45170000000000005,0,0.742809,0.742809,-1.2586509999999997,11.5,4,3,2.3543,2,2.00146,2.00146,1.2586509999999997,12.25,2
ENG-Premier League,2425,2025-02-02 Arsenal-Manchester City,1,2024,26833,2025-02-02 16:30:00,83,88,Arsenal,Manchester City,MCI,ARS,0,0.7171,1,0.743191,0.743191,-0.7888289999999999,17.76923076923077,7,3,2.0152,5,1.53202,1.53202,0.7888289999999999,14.466666666666667,6
ENG-Premier League,2425,2025-02-02 Brentford-Tottenham,1,2024,26834,2025-02-02 14:00:00,244,82,Brentford,Tottenham,TOT,BRE,3,0.8316,2,0.945355,0.945355,-0.719395,9.083333333333334,4,0,1.9175999999999997,0,1.66475,1.66475,0.719395,12.333333333333334,8
ENG-Premier League,2425,2025-02-02 Manchester United-Crystal Palace,1,2024,26838,2025-02-02 14:00:00,89,78,Manchester United,Crystal Palace,CRY,MUN,3,2.1191,2,2.44633,2.44633,0.93927,13.476190476190476,6,0,0.6737,0,1.50706,1.50706,-0.93927,5.565217391304348,18
ENG-Premier League,2425,2025-02-03 Chelsea-West Ham,1,2024,26835,2025-02-03 20:00:00,80,81,Chelsea,West Ham,WHU,CHE,0,1.2126000000000001,1,1.1868,1.1868,-0.20385999999999993,30.5,8,3,1.5123000000000002,2,1.39066,1.39066,0.20385999999999993,6.2727272727272725,6
ENG-Premier League,2425,2025-02-12 Everton-Liverpool,1,2024,26748,2025-02-12 19:30:00,72,87,Everton,Liverpool,LIV,EVE,1,1.3736000000000002,2,0.929103,0.929103,0.01858000000000004,4.5625,2,1,1.2764000000000002,2,0.910523,0.910523,-0.01858000000000004,17.72222222222222,2
ENG-Premier League,2425,2025-02-14 Brighton-Chelsea,1,2024,26843,2025-02-14 20:00:00,220,80,Brighton,Chelsea,CHE,BRI,0,0.3892,0,0.649788,0.649788,-1.4191319999999998,6.193548387096774,9,3,2.4382,3,2.06892,2.06892,1.4191319999999998,17.074074074074073,7
ENG-Premier League,2425,2025-02-15 Aston Villa-Ipswich,1,2024,26842,2025-02-15 15:00:00,71,285,Aston Villa,Ipswich,IPS,AVL,1,0.0906,1,0.332864,0.332864,-2.5655460000000003,13.208333333333334,0,1,2.853,1,2.89841,2.89841,2.5655460000000003,7.666666666666667,19
ENG-Premier League,2425,2025-02-15 Crystal Palace-Everton,1,2024,26844,2025-02-15 17:30:00,78,72,Crystal Palace,Everton,EVE,CRY,3,0.5251,2,1.01565,1.01565,-1.29081,10.695652173913043,4,0,2.2888,1,2.30646,2.30646,1.29081,9.65,9
ENG-Premier League,2425,2025-02-15 Fulham-Nottingham Forest,1,2024,26845,2025-02-15 15:00:00,228,249,Fulham,Nottingham Forest,NOT,FLH,0,0.2265,1,0.331301,0.331301,-1.8786289999999999,25.363636363636363,4,3,2.6468999999999996,2,2.20993,2.20993,1.8786289999999999,13.941176470588236,6
ENG-Premier League,2425,2025-02-15 Leicester-Arsenal,1,2024,26846,2025-02-15 12:30:00,75,83,Leicester,Arsenal,ARS,LEI,3,2.6084,2,1.75,1.75,1.516791,6.0,10,0,0.2378,0,0.233209,0.233209,-1.516791,10.461538461538462,3
ENG-Premier League,2425,2025-02-15 Manchester City-Newcastle United,1,2024,26848,2025-02-15 15:00:00,88,86,Manchester City,Newcastle United,NEW,MCI,0,0.1307,0,0.157211,0.157211,-1.962829,10.903225806451612,1,3,2.7776,4,2.12004,2.12004,1.962829,15.5,4
ENG-Premier League,2425,2025-02-15 Southampton-Bournemouth,1,2024,26849,2025-02-15 15:00:00,74,73,Southampton,Bournemouth,BOU,SOU,3,2.2659000000000002,3,2.08722,2.08722,1.1128019999999998,7.230769230769231,3,0,0.5265,1,0.974418,0.974418,-1.1128019999999998,8.724137931034482,7
ENG-Premier League,2425,2025-02-15 West Ham-Brentford,1,2024,26851,2025-02-15 15:00:00,81,244,West Ham,Brentford,BRE,WHU,3,2.3373999999999997,1,1.96499,1.96499,1.291524,8.8125,9,0,0.472,0,0.673466,0.673466,-1.291524,10.052631578947368,8
ENG-Premier League,2425,2025-02-16 Liverpool-Wolverhampton Wanderers,1,2024,26847,2025-02-16 14:00:00,87,229,Liverpool,Wolverhampton Wanderers,WOL,LIV,0,0.6923999999999999,1,1.05329,1.05329,-0.0531299999999999,9.25,7,3,2.0721,2,1.86758,1.10642,0.0531299999999999,11.454545454545455,7
ENG-Premier League,2425,2025-02-16 Tottenham-Manchester United,1,2024,26850,2025-02-16 16:30:00,82,89,Tottenham,Manchester United,MUN,TOT,0,0.9837,0,1.42652,1.42652,-0.54457,11.5,8,3,1.7798999999999998,1,1.97109,1.97109,0.54457,9.636363636363637,15
ENG-Premier League,2425,2025-02-19 Aston Villa-Liverpool,1,2024,26884,2025-02-19 15:00:00,71,87,Aston Villa,Liverpool,LIV,AVL,1,2.1182,2,2.04279,2.04279,1.0201,13.277777777777779,17,1,0.6596,2,1.02269,1.02269,-1.0201,11.5,13
ENG-Premier League,2425,2025-02-21 Leicester-Brentford,1,2024,26858,2025-02-21 20:00:00,75,244,Leicester,Brentford,BRE,LEI,3,2.3359,4,2.03465,2.03465,1.306749,10.764705882352942,8,0,0.4696,0,0.727901,0.727901,-1.306749,18.916666666666668,9
ENG-Premier League,2425,2025-02-22 Arsenal-West Ham,1,2024,26853,2025-02-22 15:00:00,83,81,Arsenal,West Ham,WHU,ARS,3,1.1057000000000001,1,1.02684,1.02684,-0.3458000000000001,13.761904761904763,1,0,1.5830000000000002,0,1.37264,1.37264,0.3458000000000001,5.193548387096774,15
ENG-Premier League,2425,2025-02-22 Aston Villa-Chelsea,1,2024,26854,2025-02-22 17:30:00,71,80,Aston Villa,Chelsea,CHE,AVL,0,0.9803,1,2.17418,2.17418,-0.5199500000000001,11.72,7,3,1.7705000000000002,2,2.69413,2.69413,0.5199500000000001,9.642857142857142,5
ENG-Premier League,2425,2025-02-22 Bournemouth-Wolverhampton Wanderers,1,2024,26852,2025-02-22 15:00:00,73,229,Bournemouth,Wolverhampton Wanderers,WOL,BOU,3,2.4786,1,2.10124,2.10124,1.4715490000000002,5.387096774193548,5,0,0.3528,0,0.629691,0.629691,-1.4715490000000002,8.333333333333334,8
ENG-Premier League,2425,2025-02-22 Everton-Manchester United,1,2024,26855,2025-02-22 12:30:00,72,89,Everton,Manchester United,MUN,EVE,1,0.369,2,0.645685,0.645685,-1.458755,6.391304347826087,5,1,2.4612000000000003,2,2.10444,2.10444,1.458755,14.043478260869565,6
ENG-Premier League,2425,2025-02-22 Fulham-Crystal Palace,1,2024,26856,2025-02-22 15:00:00,228,78,Fulham,Crystal Palace,CRY,FLH,3,2.4812999999999996,2,1.46203,1.46203,1.22777,17.666666666666668,5,0,0.318,0,0.23426,0.23426,-1.22777,7.12,8
ENG-Premier League,2425,2025-02-22 Ipswich-Tottenham,1,2024,26857,2025-02-22 15:00:00,285,82,Ipswich,Tottenham,TOT,IPS,3,1.7563000000000002,4,1.58741,1.58741,0.4335199999999999,9.0,7,0,0.958,1,1.15389,1.15389,-0.4335199999999999,10.228571428571428,4
ENG-Premier League,2425,2025-02-22 Southampton-Brighton,1,2024,26861,2025-02-22 15:00:00,74,220,Southampton,Brighton,BRI,SOU,3,2.9958,4,5.12018,5.12018,4.966033,9.777777777777779,6,0,0.0021,0,0.154147,0.154147,-4.966033,9.846153846153847,1
ENG-Premier League,2425,2025-02-23 Manchester City-Liverpool,1,2024,26859,2025-02-23 16:30:00,88,87,Manchester City,Liverpool,LIV,MCI,3,1.5565,2,0.807058,0.807058,0.22457800000000006,21.2,7,0,1.0677999999999999,0,0.58248,0.58248,-0.22457800000000006,18.90909090909091,9
ENG-Premier League,2425,2025-02-23 Newcastle United-Nottingham Forest,1,2024,26860,2025-02-23 14:00:00,86,249,Newcastle United,Nottingham Forest,NOT,NEW,0,0.6869000000000001,3,2.38603,2.38603,-0.3113800000000002,10.958333333333334,7,3,2.1107,4,3.45858,2.69741,0.3113800000000002,6.75,5
ENG-Premier League,2425,2025-02-25 Brighton-Bournemouth,1,2024,26863,2025-02-25 19:30:00,220,73,Brighton,Bournemouth,BOU,BRI,0,0.7937,1,1.70169,1.70169,-0.11641000000000012,4.588235294117647,8,3,1.9919,2,2.57927,1.8181,0.11641000000000012,11.619047619047619,7
ENG-Premier League,2425,2025-02-25 Chelsea-Southampton,1,2024,26869,2025-02-25 20:15:00,80,74,Chelsea,Southampton,SOU,CHE,0,0.25460000000000005,0,0.845039,0.845039,-2.1373010000000003,21.866666666666667,4,3,2.6348,4,2.98234,2.98234,2.1373010000000003,13.75,18
ENG-Premier League,2425,2025-02-25 Crystal Palace-Aston Villa,1,2024,26868,2025-02-25 19:30:00,78,71,Crystal Palace,Aston Villa,AVL,CRY,0,0.0199,1,0.667217,0.667217,-3.358003,5.714285714285714,1,3,2.9674,4,4.02522,4.02522,3.358003,6.428571428571429,9
ENG-Premier League,2425,2025-02-25 Wolverhampton Wanderers-Fulham,1,2024,26867,2025-02-25 19:30:00,229,228,Wolverhampton Wanderers,Fulham,FLH,WOL,3,1.7796,2,1.43473,1.43473,0.505757,13.083333333333334,4,0,0.9564,1,0.928973,0.928973,-0.505757,13.411764705882353,2
ENG-Premier League,2425,2025-02-26 Brentford-Everton,1,2024,26862,2025-02-26 19:30:00,244,72,Brentford,Everton,EVE,BRE,1,1.4206999999999999,1,1.44955,1.44955,0.10945999999999989,31.875,4,1,1.2521,1,1.34009,1.34009,-0.10945999999999989,13.625,6
ENG-Premier League,2425,2025-02-26 Liverpool-Newcastle United,1,2024,26870,2025-02-26 20:15:00,87,86,Liverpool,Newcastle United,NEW,LIV,0,0.5595,0,0.45882,0.45882,-0.9414499999999999,19.5,3,3,2.1678,2,1.40027,1.40027,0.9414499999999999,6.777777777777778,8
ENG-Premier League,2425,2025-02-26 Manchester United-Ipswich,1,2024,26871,2025-02-26 19:30:00,89,285,Manchester United,Ipswich,IPS,MUN,0,0.9478,2,1.04498,1.04498,-0.35704,8.708333333333334,8,3,1.7134,3,1.40202,1.40202,0.35704,15.461538461538462,4
ENG-Premier League,2425,2025-02-26 Nottingham Forest-Arsenal,1,2024,26864,2025-02-26 19:30:00,249,83,Nottingham Forest,Arsenal,ARS,NOT,1,2.0645,0,1.31766,1.31766,0.809049,5.3478260869565215,7,1,0.6533,0,0.508611,0.508611,-0.809049,13.117647058823529,4
ENG-Premier League,2425,2025-02-26 Tottenham-Manchester City,1,2024,26865,2025-02-26 19:30:00,82,88,Tottenham,Manchester City,MCI,TOT,3,2.1733000000000002,1,2.38641,2.38641,1.1021500000000002,13.423076923076923,11,0,0.6301,0,1.28426,1.28426,-1.1021500000000002,10.458333333333334,5
ENG-Premier League,2425,2025-02-27 West Ham-Leicester,1,2024,26866,2025-02-27 20:00:00,81,75,West Ham,Leicester,LEI,WHU,0,0.2054,0,0.289578,0.289578,-1.4147919999999998,20.11111111111111,0,3,2.6633,2,1.70437,1.70437,1.4147919999999998,14.473684210526315,6
ENG-Premier League,2425,2025-03-08 Brentford-Aston Villa,1,2024,26872,2025-03-08 17:30:00,244,71,Brentford,Aston Villa,AVL,BRE,3,1.9199,1,1.29638,1.29638,0.6586370000000001,20.25,5,0,0.7849999999999999,0,0.637743,0.637743,-0.6586370000000001,5.777777777777778,10
ENG-Premier League,2425,2025-03-08 Brighton-Fulham,1,2024,26873,2025-03-08 15:00:00,220,228,Brighton,Fulham,FLH,BRI,0,0.3972,1,0.708227,0.708227,-0.474773,22.153846153846153,1,3,2.4018,2,1.94417,1.183,0.474773,9.0,11
ENG-Premier League,2425,2025-03-08 Crystal Palace-Ipswich,1,2024,26875,2025-03-08 15:00:00,78,285,Crystal Palace,Ipswich,IPS,CRY,0,0.498,0,1.63282,1.63282,-1.5059700000000003,16.0,1,3,2.3349,1,3.13879,3.13879,1.5059700000000003,5.866666666666666,1
ENG-Premier League,2425,2025-03-08 Liverpool-Southampton,1,2024,26876,2025-03-08 15:00:00,87,74,Liverpool,Southampton,SOU,LIV,0,0.0095,1,0.511566,0.511566,-2.956054,19.833333333333332,0,3,2.9843,3,4.98996,3.46762,2.956054,4.823529411764706,19
ENG-Premier League,2425,2025-03-08 Nottingham Forest-Manchester City,1,2024,26878,2025-03-08 12:30:00,249,88,Nottingham Forest,Manchester City,MCI,NOT,0,1.512,0,0.721234,0.721234,0.219758,7.625,6,3,1.0776,1,0.501476,0.501476,-0.219758,13.869565217391305,3
ENG-Premier League,2425,2025-03-08 Wolverhampton Wanderers-Everton,1,2024,26881,2025-03-08 20:00:00,229,72,Wolverhampton Wanderers,Everton,EVE,WOL,1,1.843,1,1.3672,1.3672,0.5547679999999999,10.264705882352942,3,1,0.8695,1,0.812432,0.812432,-0.5547679999999999,9.263157894736842,7
ENG-Premier League,2425,2025-03-09 Chelsea-Leicester,1,2024,26874,2025-03-09 14:00:00,80,75,Chelsea,Leicester,LEI,CHE,0,0.1337,0,0.108487,0.108487,-0.8987830000000001,10.96,1,3,2.7635000000000005,1,1.76844,1.00727,0.8987830000000001,12.523809523809524,16
ENG-Premier League,2425,2025-03-09 Manchester United-Arsenal,1,2024,26877,2025-03-09 16:30:00,89,83,Manchester United,Arsenal,ARS,MUN,1,1.7511999999999999,1,1.82996,1.82996,0.5188900000000001,8.117647058823529,9,1,0.9984999999999999,1,1.31107,1.31107,-0.5188900000000001,16.0,9
ENG-Premier League,2425,2025-03-09 Tottenham-Bournemouth,1,2024,26879,2025-03-09 14:00:00,82,73,Tottenham,Bournemouth,BOU,TOT,1,2.0221,2,2.22536,2.22536,1.6360009999999998,7.861111111111111,7,1,0.7423,2,1.35053,0.589359,-1.6360009999999998,6.884615384615385,5
ENG-Premier League,2425,2025-03-10 West Ham-Newcastle United,1,2024,26880,2025-03-10 20:00:00,81,86,West Ham,Newcastle United,NEW,WHU,3,2.0603,1,1.62976,1.62976,0.8057740000000001,11.952380952380953,10,0,0.6674,0,0.823986,0.823986,-0.8057740000000001,12.0,0
ENG-Premier League,2425,2025-03-15 Bournemouth-Brentford,1,2024,26882,2025-03-15 17:30:00,73,244,Bournemouth,Brentford,BRE,BOU,3,1.0781,2,1.60321,1.60321,-0.42393000000000014,7.8,8,0,1.6718,1,2.02714,2.02714,0.42393000000000014,7.285714285714286,17
ENG-Premier League,2425,2025-03-15 Everton-West Ham,1,2024,26885,2025-03-15 15:00:00,72,81,Everton,West Ham,WHU,EVE,1,0.7173,1,0.516029,0.516029,-0.6729710000000001,25.0,7,1,1.9838999999999998,1,1.189,1.189,0.6729710000000001,8.923076923076923,5
ENG-Premier League,2425,2025-03-15 Ipswich-Nottingham Forest,1,2024,26887,2025-03-15 15:00:00,285,249,Ipswich,Nottingham Forest,NOT,IPS,3,2.0561999999999996,4,1.30722,1.30722,0.786381,11.5,7,0,0.6642000000000001,2,0.520839,0.520839,-0.786381,21.428571428571427,1
ENG-Premier League,2425,2025-03-15 Manchester City-Brighton,1,2024,26889,2025-03-15 15:00:00,88,220,Manchester City,Brighton,BRI,MCI,1,1.4439,2,2.11119,2.11119,0.8459400000000001,18.2,8,1,1.3104,2,2.02642,1.26525,-0.8459400000000001,10.647058823529411,6
ENG-Premier League,2425,2025-03-15 Southampton-Wolverhampton Wanderers,1,2024,26891,2025-03-15 15:00:00,74,229,Southampton,Wolverhampton Wanderers,WOL,SOU,3,0.6667000000000001,2,0.540718,0.540718,-0.741382,12.357142857142858,3,0,2.0458,1,1.2821,1.2821,0.741382,11.454545454545455,6
ENG-Premier League,2425,2025-03-16 Arsenal-Chelsea,1,2024,26883,2025-03-16 13:30:00,83,80,Arsenal,Chelsea,CHE,ARS,0,0.8559000000000001,0,0.286036,0.286036,-0.409689,11.588235294117647,0,3,1.6941,1,0.695725,0.695725,0.409689,13.88888888888889,6
ENG-Premier League,2425,2025-03-16 Fulham-Tottenham,1,2024,26886,2025-03-16 13:30:00,228,82,Fulham,Tottenham,TOT,FLH,0,1.6906999999999999,0,1.40865,1.40865,0.36898999999999993,10.037037037037036,7,3,1.0252999999999999,2,1.03966,1.03966,-0.36898999999999993,8.75,9
ENG-Premier League,2425,2025-03-16 Leicester-Manchester United,1,2024,26888,2025-03-16 19:00:00,75,89,Leicester,Manchester United,MUN,LEI,3,1.2156,3,1.13892,1.13892,-0.16563000000000017,14.954545454545455,2,0,1.4946000000000002,0,1.30455,1.30455,0.16563000000000017,10.538461538461538,6
ENG-Premier League,2425,2025-04-01 Arsenal-Fulham,1,2024,26892,2025-04-01 19:45:00,83,228,Arsenal,Fulham,FLH,ARS,0,0.7285,1,1.44206,1.44206,-0.8598300000000003,20.285714285714285,2,3,2.0167,2,2.30189,2.30189,0.8598300000000003,16.8,11
ENG-Premier League,2425,2025-04-01 Nottingham Forest-Manchester United,1,2024,26894,2025-04-01 20:00:00,249,89,Nottingham Forest,Manchester United,MUN,NOT,0,2.3869999999999996,0,1.86688,1.86688,1.3548170000000002,4.5,13,3,0.422,1,0.512063,0.512063,-1.3548170000000002,21.705882352941178,5
ENG-Premier League,2425,2025-04-01 Wolverhampton Wanderers-West Ham,1,2024,26895,2025-04-01 19:45:00,229,81,Wolverhampton Wanderers,West Ham,WHU,WOL,0,1.8761999999999999,0,1.73057,1.73057,0.6269799999999999,8.071428571428571,5,3,0.8547,1,1.10359,1.10359,-0.6269799999999999,14.0,6
ENG-Premier League,2425,2025-04-02 Bournemouth-Ipswich,1,2024,26896,2025-04-02 19:45:00,73,285,Bournemouth,Ipswich,IPS,BOU,3,0.9074,2,1.41263,1.41263,-0.5837399999999999,15.666666666666666,6,0,1.8446,1,1.99637,1.99637,0.5837399999999999,5.233333333333333,7
ENG-Premier League,2425,2025-04-02 Brighton-Aston Villa,1,2024,26893,2025-04-02 19:45:00,220,71,Brighton,Aston Villa,AVL,BRI,3,1.9562,3,1.20715,1.20715,0.649141,12.5,4,0,0.7490000000000001,0,0.558009,0.558009,-0.649141,7.5,12
ENG-Premier League,2425,2025-04-02 Liverpool-Everton,1,2024,26901,2025-04-02 20:00:00,87,72,Liverpool,Everton,EVE,LIV,0,0.9608000000000001,0,0.823136,0.823136,-0.474044,16.705882352941178,3,3,1.7384,1,1.29718,1.29718,0.474044,4.318181818181818,10
ENG-Premier League,2425,2025-04-02 Manchester City-Leicester,1,2024,26898,2025-04-02 19:45:00,88,75,Manchester City,Leicester,LEI,MCI,0,0.14629999999999999,0,0.104741,0.104741,-1.966909,35.0,1,3,2.7422,2,2.07165,2.07165,1.966909,8.545454545454545,18
ENG-Premier League,2425,2025-04-02 Newcastle United-Brentford,1,2024,26899,2025-04-02 19:45:00,86,244,Newcastle United,Brentford,BRE,NEW,0,0.8807,1,1.53201,0.770838,-1.495002,7.72,7,3,1.8812,2,2.26584,2.26584,1.495002,9.91304347826087,7
ENG-Premier League,2425,2025-04-02 Southampton-Crystal Palace,1,2024,26900,2025-04-02 19:45:00,74,78,Southampton,Crystal Palace,CRY,SOU,1,1.5808,1,0.93776,0.93776,0.250456,15.642857142857142,8,1,1.0684,1,0.687304,0.687304,-0.250456,12.0,3
ENG-Premier League,2425,2025-04-03 Chelsea-Tottenham,1,2024,26897,2025-04-03 19:00:00,80,82,Chelsea,Tottenham,TOT,CHE,0,1.4399,0,1.40274,1.40274,0.09831000000000012,11.777777777777779,9,3,1.259,1,1.30443,1.30443,-0.09831000000000012,12.714285714285714,6
ENG-Premier League,2425,2025-04-05 Aston Villa-Nottingham Forest,1,2024,26902,2025-04-05 16:30:00,71,249,Aston Villa,Nottingham Forest,NOT,AVL,0,0.4008,1,0.96769,0.96769,-1.6658,10.521739130434783,4,3,2.4585,2,2.63349,2.63349,1.6658,9.947368421052632,7
ENG-Premier League,2425,2025-04-05 Crystal Palace-Brighton,1,2024,26904,2025-04-05 14:00:00,78,220,Crystal Palace,Brighton,BRI,CRY,0,2.1576,1,1.27226,1.27226,0.828295,7.791666666666667,7,3,0.5775,2,0.443965,0.443965,-0.828295,16.105263157894736,1
ENG-Premier League,2425,2025-04-05 Everton-Arsenal,1,2024,26905,2025-04-05 11:30:00,72,83,Everton,Arsenal,ARS,EVE,1,1.4371,1,1.4031,1.4031,0.935523,3.55,7,1,1.2601,1,1.22875,0.467577,-0.935523,11.791666666666666,3
ENG-Premier League,2425,2025-04-05 Ipswich-Wolverhampton Wanderers,1,2024,26907,2025-04-05 14:00:00,285,229,Ipswich,Wolverhampton Wanderers,WOL,IPS,3,2.6502,2,2.8096,2.8096,1.9372440000000002,8.7,8,0,0.2274,1,0.872356,0.872356,-1.9372440000000002,12.555555555555555,5
ENG-Premier League,2425,2025-04-05 West Ham-Bournemouth,1,2024,26911,2025-04-05 14:00:00,81,73,West Ham,Bournemouth,BOU,WHU,1,2.2605000000000004,2,1.94869,1.94869,1.040858,8.25,6,1,0.525,2,0.907832,0.907832,-1.040858,8.173913043478262,5
ENG-Premier League,2425,2025-04-06 Brentford-Chelsea,1,2024,26903,2025-04-06 13:00:00,244,80,Brentford,Chelsea,CHE,BRE,1,1.4249,0,1.47829,1.47829,0.11706000000000016,8.727272727272727,9,1,1.3049,0,1.36123,1.36123,-0.11706000000000016,13.0,9
ENG-Premier League,2425,2025-04-06 Fulham-Liverpool,1,2024,26906,2025-04-06 13:00:00,228,87,Fulham,Liverpool,LIV,FLH,0,1.1121999999999999,2,1.40638,1.40638,-0.3212600000000001,6.428571428571429,8,3,1.6276,3,1.72764,1.72764,0.3212600000000001,21.733333333333334,6
ENG-Premier League,2425,2025-04-06 Manchester United-Manchester City,1,2024,26909,2025-04-06 15:30:00,89,88,Manchester United,Manchester City,MCI,MUN,1,0.8709,0,0.687894,0.687894,-0.5452760000000001,10.454545454545455,1,1,1.8164999999999998,0,1.23317,1.23317,0.5452760000000001,13.523809523809524,11
ENG-Premier League,2425,2025-04-06 Tottenham-Southampton,1,2024,26910,2025-04-06 13:00:00,82,74,Tottenham,Southampton,SOU,TOT,0,0.27590000000000003,1,0.780439,0.780439,-1.106391,8.764705882352942,5,3,2.6009,3,2.648,1.88683,1.106391,7.7272727272727275,10
ENG-Premier League,2425,2025-04-07 Leicester-Newcastle United,1,2024,26908,2025-04-07 19:00:00,75,86,Leicester,Newcastle United,NEW,LEI,3,2.9585000000000004,3,3.44111,3.44111,3.086535,12.518518518518519,5,0,0.0242,0,0.354575,0.354575,-3.086535,10.416666666666666,6
ENG-Premier League,2425,2025-04-12 Arsenal-Brentford,1,2024,26913,2025-04-12 16:30:00,83,244,Arsenal,Brentford,BRE,ARS,1,1.1554,1,0.588583,0.588583,-0.178786,10.631578947368421,6,1,1.4515,1,0.767369,0.767369,0.178786,12.23076923076923,9
ENG-Premier League,2425,2025-04-12 Brighton-Leicester,1,2024,26914,2025-04-12 14:00:00,220,75,Brighton,Leicester,LEI,BRI,1,0.44780000000000003,2,1.98444,1.98444,-0.1910200000000002,17.705882352941178,4,1,2.4116,2,3.6978,2.17546,0.1910200000000002,8.8,17
ENG-Premier League,2425,2025-04-12 Manchester City-Crystal Palace,1,2024,26917,2025-04-12 11:30:00,88,78,Manchester City,Crystal Palace,CRY,MCI,0,0.066,2,1.33808,1.33808,-3.2591600000000005,46.22222222222222,5,3,2.8965,5,4.59724,4.59724,3.2591600000000005,8.923076923076923,10
ENG-Premier League,2425,2025-04-12 Nottingham Forest-Everton,1,2024,26920,2025-04-12 14:00:00,249,72,Nottingham Forest,Everton,EVE,NOT,3,2.092,1,1.26036,1.26036,0.8364109999999999,11.333333333333334,9,0,0.6268,0,0.423949,0.423949,-0.8364109999999999,22.1,1
ENG-Premier League,2425,2025-04-12 Southampton-Aston Villa,1,2024,26921,2025-04-12 14:00:00,74,71,Southampton,Aston Villa,AVL,SOU,3,2.8997,3,2.99927,1.36951,0.957254,10.952380952380953,13,0,0.0602,0,0.412256,0.412256,-0.957254,22.90909090909091,1
ENG-Premier League,2425,2025-04-13 Chelsea-Ipswich,1,2024,26915,2025-04-13 13:00:00,80,285,Chelsea,Ipswich,IPS,CHE,1,0.6135999999999999,2,1.60301,1.60301,-1.3045699999999998,22.818181818181817,3,1,2.2177000000000002,2,2.90758,2.90758,1.3045699999999998,4.16,15
ENG-Premier League,2425,2025-04-13 Liverpool-West Ham,1,2024,26916,2025-04-13 13:00:00,87,81,Liverpool,West Ham,WHU,LIV,0,1.4093,1,1.46598,1.46598,0.036960000000000104,17.0,6,3,1.3169,2,1.42902,1.42902,-0.036960000000000104,8.903225806451612,14
ENG-Premier League,2425,2025-04-13 Newcastle United-Manchester United,1,2024,26918,2025-04-13 15:30:00,86,89,Newcastle United,Manchester United,MUN,NEW,0,0.24219999999999997,1,0.786568,0.786568,-1.8517320000000002,11.38888888888889,3,3,2.6407000000000003,4,2.6383,2.6383,1.8517320000000002,7.621621621621622,10
ENG-Premier League,2425,2025-04-13 Wolverhampton Wanderers-Tottenham,1,2024,26919,2025-04-13 13:00:00,229,82,Wolverhampton Wanderers,Tottenham,TOT,WOL,0,0.9329000000000001,2,1.62887,1.62887,-0.6008999999999998,8.043478260869565,9,3,1.8094999999999999,4,2.22977,2.22977,0.6008999999999998,15.238095238095237,4
ENG-Premier League,2425,2025-04-14 Bournemouth-Fulham,1,2024,26912,2025-04-14 19:00:00,73,228,Bournemouth,Fulham,FLH,BOU,0,0.7413,0,1.07203,1.07203,-0.7856699999999999,9.61111111111111,10,3,2.0067,1,1.8577,1.8577,0.7856699999999999,11.736842105263158,4
ENG-Premier League,2425,2025-04-16 Newcastle United-Crystal Palace,1,2024,26890,2025-04-16 18:30:00,86,78,Newcastle United,Crystal Palace,CRY,NEW,0,1.4393,0,2.37548,1.61431,-0.7151600000000002,16.136363636363637,9,3,1.3172000000000001,5,2.32947,2.32947,0.7151600000000002,13.583333333333334,9
ENG-Premier League,2425,2025-04-19 Aston Villa-Newcastle United,1,2024,26922,2025-04-19 16:30:00,71,86,Aston Villa,Newcastle United,NEW,AVL,0,0.38770000000000004,1,1.27176,1.27176,-1.7819500000000001,13.875,8,3,2.47,4,3.05371,3.05371,1.7819500000000001,11.227272727272727,10
ENG-Premier League,2425,2025-04-19 Brentford-Brighton,1,2024,26923,2025-04-19 14:00:00,244,220,Brentford,Brighton,BRI,BRE,0,0.4121,2,1.24107,1.24107,-1.71409,15.333333333333334,10,3,2.4490999999999996,4,2.95516,2.95516,1.71409,14.333333333333334,14
ENG-Premier League,2425,2025-04-19 Crystal Palace-Bournemouth,1,2024,26924,2025-04-19 14:00:00,78,73,Crystal Palace,Bournemouth,BOU,CRY,1,1.5989,0,0.664093,0.664093,0.32627500000000004,6.6923076923076925,8,1,0.9461,0,0.337818,0.337818,-0.32627500000000004,16.0625,4
ENG-Premier League,2425,2025-04-19 Everton-Manchester City,1,2024,26925,2025-04-19 14:00:00,72,88,Everton,Manchester City,MCI,EVE,3,2.231,2,1.87989,1.87989,1.0630600000000001,10.9375,11,0,0.5501,0,0.81683,0.81683,-1.0630600000000001,17.7,4
ENG-Premier League,2425,2025-04-19 West Ham-Southampton,1,2024,26931,2025-04-19 14:00:00,81,74,West Ham,Southampton,SOU,WHU,1,1.3031,1,0.922877,0.922877,-0.0613530000000001,14.05,9,1,1.3721,1,0.98423,0.98423,0.0613530000000001,21.181818181818183,8
ENG-Premier League,2425,2025-04-20 Fulham-Chelsea,1,2024,26926,2025-04-20 13:00:00,228,80,Fulham,Chelsea,CHE,FLH,3,1.7488000000000001,2,0.75172,0.75172,0.44559800000000005,13.0625,11,0,0.8209000000000001,1,0.306122,0.306122,-0.44559800000000005,16.31578947368421,2
ENG-Premier League,2425,2025-04-20 Ipswich-Arsenal,1,2024,26927,2025-04-20 13:00:00,285,83,Ipswich,Arsenal,ARS,IPS,3,2.8678,4,2.81362,2.81362,2.6207409999999998,7.85,30,0,0.0769,0,0.192879,0.192879,-2.6207409999999998,19.866666666666667,2
ENG-Premier League,2425,2025-04-20 Leicester-Liverpool,1,2024,26928,2025-04-20 15:30:00,75,87,Leicester,Liverpool,LIV,LEI,3,2.9824,1,4.52706,4.52706,4.294855,12.578947368421053,17,0,0.01,0,0.232205,0.232205,-4.294855,14.61111111111111,3
ENG-Premier League,2425,2025-04-20 Manchester United-Wolverhampton Wanderers,1,2024,26929,2025-04-20 13:00:00,89,229,Manchester United,Wolverhampton Wanderers,WOL,MUN,3,0.44310000000000005,1,0.187814,0.187814,-0.9518459999999999,9.35483870967742,3,0,2.2698,0,1.13966,1.13966,0.9518459999999999,7.896551724137931,9
ENG-Premier League,2425,2025-04-21 Tottenham-Nottingham Forest,1,2024,26930,2025-04-21 19:00:00,82,249,Tottenham,Nottingham Forest,NOT,TOT,3,0.2521,2,0.557682,0.557682,-1.844718,12.666666666666666,1,0,2.6125000000000003,1,2.4024,2.4024,1.844718,5.476190476190476,5
ENG-Premier League,2425,2025-04-22 Manchester City-Aston Villa,1,2024,26937,2025-04-22 19:00:00,88,71,Manchester City,Aston Villa,AVL,MCI,0,1.762,1,1.85906,1.09789,-0.26442999999999994,17.785714285714285,3,3,0.9816999999999999,2,1.36232,1.36232,0.26442999999999994,10.555555555555555,3
ENG-Premier League,2425,2025-04-23 Arsenal-Crystal Palace,1,2024,26933,2025-04-23 19:00:00,83,78,Arsenal,Crystal Palace,CRY,ARS,1,1.7776,2,2.50515,2.50515,0.5836600000000001,30.1875,7,1,0.9802,2,1.92149,1.92149,-0.5836600000000001,13.0,6
ENG-Premier League,2425,2025-04-26 Brighton-West Ham,1,2024,26934,2025-04-26 14:00:00,220,81,Brighton,West Ham,WHU,BRI,0,1.3068,2,1.24134,1.24134,-0.05298999999999987,24.0,10,3,1.389,3,1.29433,1.29433,0.05298999999999987,9.166666666666666,10
ENG-Premier League,2425,2025-04-26 Chelsea-Everton,1,2024,26935,2025-04-26 11:30:00,80,72,Chelsea,Everton,EVE,CHE,0,1.4964,0,0.916838,0.916838,0.14852500000000002,14.619047619047619,0,3,1.1564999999999999,1,0.768313,0.768313,-0.14852500000000002,10.576923076923077,2
ENG-Premier League,2425,2025-04-26 Newcastle United-Ipswich,1,2024,26938,2025-04-26 14:00:00,86,285,Newcastle United,Ipswich,IPS,NEW,0,0.0045,0,0.127203,0.127203,-3.2270269999999996,23.7,1,3,2.9913,3,4.11539,3.35423,3.2270269999999996,5.928571428571429,23
ENG-Premier League,2425,2025-04-26 Southampton-Fulham,1,2024,26940,2025-04-26 14:00:00,74,228,Southampton,Fulham,FLH,SOU,3,2.0890999999999997,2,1.9956,1.9956,1.060019,7.416666666666667,8,0,0.6812,1,0.935581,0.935581,-1.060019,16.214285714285715,2
ENG-Premier League,2425,2025-04-26 Wolverhampton Wanderers-Leicester,1,2024,26941,2025-04-26 14:00:00,229,75,Wolverhampton Wanderers,Leicester,LEI,WOL,0,0.3266,0,1.04978,0.288615,-2.288045,10.783783783783784,4,3,2.4926,3,2.57666,2.57666,2.288045,19.5,11
ENG-Premier League,2425,2025-04-27 Bournemouth-Manchester United,1,2024,26932,2025-04-27 13:00:00,73,89,Bournemouth,Manchester United,MUN,BOU,1,2.3313,1,1.91039,1.91039,1.30044,7.294117647058823,15,1,0.47250000000000003,1,0.60995,0.60995,-1.30044,10.0,4
ENG-Premier League,2425,2025-04-27 Liverpool-Tottenham,1,2024,26936,2025-04-27 15:30:00,87,82,Liverpool,Tottenham,TOT,LIV,0,0.2047,1,0.512812,0.512812,-1.998228,24.307692307692307,5,3,2.6835999999999998,5,2.51104,2.51104,1.998228,6.0,13
ENG-Premier League,2425,2025-05-01 Nottingham Forest-Brentford,1,2024,26939,2025-05-01 18:30:00,249,244,Nottingham Forest,Brentford,BRE,NOT,3,2.0707999999999998,2,1.52054,1.52054,0.849933,12.125,5,0,0.6803,0,0.670607,0.670607,-0.849933,12.1875,8
ENG-Premier League,2425,2025-05-02 Manchester City-Wolverhampton Wanderers,1,2024,26942,2025-05-02 19:00:00,88,229,Manchester City,Wolverhampton Wanderers,WOL,MCI,0,1.0674000000000001,0,0.622455,0.622455,-0.237008,15.727272727272727,2,3,1.5434999999999999,1,0.859463,0.859463,0.237008,11.952380952380953,11
ENG-Premier League,2425,2025-05-03 Arsenal-Bournemouth,1,2024,26945,2025-05-03 16:30:00,83,73,Arsenal,Bournemouth,BOU,ARS,3,0.9253,2,1.41783,1.41783,-0.6370100000000001,8.75,3,0,1.819,1,2.05484,2.05484,0.6370100000000001,12.777777777777779,10
ENG-Premier League,2425,2025-05-03 Aston Villa-Fulham,1,2024,26946,2025-05-03 11:30:00,71,228,Aston Villa,Fulham,FLH,AVL,0,0.8140000000000001,0,0.702787,0.702787,-0.587343,9.857142857142858,7,3,1.8952,1,1.29013,1.29013,0.587343,19.90909090909091,5
ENG-Premier League,2425,2025-05-03 Everton-Ipswich,1,2024,26950,2025-05-03 14:00:00,72,285,Everton,Ipswich,IPS,EVE,1,1.6430000000000002,2,1.14351,1.14351,0.335029,18.0,2,1,1.0232,2,0.808481,0.808481,-0.335029,10.166666666666666,2
ENG-Premier League,2425,2025-05-03 Leicester-Southampton,1,2024,26951,2025-05-03 14:00:00,75,74,Leicester,Southampton,SOU,LEI,0,0.5436,0,0.550774,0.550774,-1.056616,16.736842105263158,2,3,2.2218,2,1.60739,1.60739,1.056616,12.478260869565217,2
ENG-Premier League,2425,2025-05-04 Brentford-Manchester United,1,2024,26947,2025-05-04 13:00:00,244,89,Brentford,Manchester United,MUN,BRE,0,0.1782,3,1.13404,1.13404,-2.4533300000000002,9.041666666666666,7,3,2.7417,4,3.58737,3.58737,2.4533300000000002,10.0,4
ENG-Premier League,2425,2025-05-04 Brighton-Newcastle United,1,2024,26944,2025-05-04 13:00:00,220,86,Brighton,Newcastle United,NEW,BRI,1,2.1753,1,1.63777,0.876604,0.18874100000000005,9.55,12,1,0.5700000000000001,1,0.687863,0.687863,-0.18874100000000005,13.777777777777779,1
ENG-Premier League,2425,2025-05-04 Chelsea-Liverpool,1,2024,26948,2025-05-04 15:30:00,80,87,Chelsea,Liverpool,LIV,CHE,0,0.28759999999999997,1,1.4267,1.4267,-1.33158,14.4,9,3,2.6048000000000004,3,3.51944,2.75828,1.33158,20.789473684210527,9
ENG-Premier League,2425,2025-05-04 West Ham-Tottenham,1,2024,26943,2025-05-04 13:00:00,81,82,West Ham,Tottenham,TOT,WHU,1,1.0236,1,0.847022,0.847022,-0.30463799999999985,10.238095238095237,3,1,1.6428000000000003,1,1.15166,1.15166,0.30463799999999985,5.114285714285714,6
ENG-Premier League,2425,2025-05-05 Crystal Palace-Nottingham Forest,1,2024,26949,2025-05-05 19:00:00,78,249,Crystal Palace,Nottingham Forest,NOT,CRY,1,0.2897,1,0.63684,0.63684,-0.94236,9.0,5,1,2.5771999999999995,1,2.34037,1.5792,0.94236,11.529411764705882,10
ENG-Premier League,2425,2025-05-10 Bournemouth-Aston Villa,1,2024,26955,2025-05-10 16:30:00,73,71,Bournemouth,Aston Villa,AVL,BOU,3,1.4105999999999999,1,1.12376,1.12376,0.10104000000000002,12.0,1,0,1.2057,0,1.02272,1.02272,-0.10104000000000002,4.5,10
ENG-Premier League,2425,2025-05-10 Fulham-Everton,1,2024,26953,2025-05-10 14:00:00,228,72,Fulham,Everton,EVE,FLH,3,1.4425999999999999,3,1.32604,1.32604,0.11735000000000007,17.41176470588235,4,0,1.2613999999999999,1,1.20869,1.20869,-0.11735000000000007,8.045454545454545,15
ENG-Premier League,2425,2025-05-10 Ipswich-Brentford,1,2024,26954,2025-05-10 14:00:00,285,244,Ipswich,Brentford,BRE,IPS,3,1.8655000000000002,1,1.32077,1.32077,0.603337,11.142857142857142,9,0,0.8407,0,0.717433,0.717433,-0.603337,23.22222222222222,3
ENG-Premier League,2425,2025-05-10 Southampton-Manchester City,1,2024,26959,2025-05-10 14:00:00,74,88,Southampton,Manchester City,MCI,SOU,1,2.5125,0,1.58463,1.58463,1.447635,7.363636363636363,24,1,0.2781,0,0.136995,0.136995,-1.447635,17.25,3
ENG-Premier League,2425,2025-05-10 Wolverhampton Wanderers-Brighton,1,2024,26961,2025-05-10 14:00:00,229,220,Wolverhampton Wanderers,Brighton,BRI,WOL,3,2.0248999999999997,2,1.41254,0.651374,-0.08257599999999998,11.033333333333333,5,0,0.6833,0,0.73395,0.73395,0.08257599999999998,13.2,7
ENG-Premier League,2425,2025-05-11 Liverpool-Arsenal,1,2024,26952,2025-05-11 15:30:00,87,83,Liverpool,Arsenal,ARS,LIV,1,1.0115,2,2.18795,2.18795,-0.5588700000000002,9.772727272727273,11,1,1.7659999999999998,2,2.74682,2.74682,0.5588700000000002,12.047619047619047,10
ENG-Premier League,2425,2025-05-11 Manchester United-West Ham,1,2024,26956,2025-05-11 13:15:00,89,81,Manchester United,West Ham,WHU,MUN,3,1.3066,2,2.15985,2.15985,-0.15302000000000016,14.823529411764707,2,0,1.4452,0,2.31287,2.31287,0.15302000000000016,15.857142857142858,9
ENG-Premier League,2425,2025-05-11 Newcastle United-Chelsea,1,2024,26957,2025-05-11 11:00:00,86,80,Newcastle United,Chelsea,CHE,NEW,0,0.5624,0,0.646426,0.646426,-1.023874,9.25,6,3,2.2061,2,1.6703,1.6703,1.023874,14.0625,17
ENG-Premier League,2425,2025-05-11 Nottingham Forest-Leicester,1,2024,26958,2025-05-11 13:15:00,249,75,Nottingham Forest,Leicester,LEI,NOT,1,0.9512999999999999,2,1.22949,1.22949,-0.5396000000000001,24.7,5,1,1.7835,2,1.76909,1.76909,0.5396000000000001,8.384615384615385,3
ENG-Premier League,2425,2025-05-11 Tottenham-Crystal Palace,1,2024,26960,2025-05-11 13:15:00,82,78,Tottenham,Crystal Palace,CRY,TOT,3,2.8668,2,3.98546,3.98546,3.178668,9.954545454545455,10,0,0.0879,0,0.806792,0.806792,-3.178668,9.518518518518519,2
ENG-Premier League,2425,2025-05-16 Aston Villa-Tottenham,1,2024,26963,2025-05-16 18:30:00,71,82,Aston Villa,Tottenham,TOT,AVL,0,0.48769999999999997,0,0.523016,0.523016,-1.1675939999999998,26.25,2,3,2.2784000000000004,2,1.69061,1.69061,1.1675939999999998,9.5,19
ENG-Premier League,2425,2025-05-16 Chelsea-Manchester United,1,2024,26966,2025-05-16 19:15:00,80,89,Chelsea,Manchester United,MUN,CHE,0,0.4868,0,0.337632,0.337632,-0.958078,8.916666666666666,5,3,2.2511,1,1.29571,1.29571,0.958078,12.375,5
ENG-Premier League,2425,2025-05-18 Arsenal-Newcastle United,1,2024,26962,2025-05-18 15:30:00,83,86,Arsenal,Newcastle United,NEW,ARS,0,2.1799,0,2.24634,2.24634,1.08676,9.368421052631579,8,3,0.6165999999999999,1,1.15958,1.15958,-1.08676,11.11111111111111,3
ENG-Premier League,2425,2025-05-18 Brentford-Fulham,1,2024,26964,2025-05-18 14:00:00,244,228,Brentford,Fulham,FLH,BRE,3,0.7343000000000001,3,1.61741,1.61741,-0.05187000000000008,15.909090909090908,6,0,2.0339,2,2.43045,1.66928,0.05187000000000008,11.857142857142858,4
ENG-Premier League,2425,2025-05-18 Everton-Southampton,1,2024,26968,2025-05-18 11:00:00,72,74,Everton,Southampton,SOU,EVE,0,0.28500000000000003,0,1.05025,1.05025,-1.62768,21.285714285714285,2,3,2.5638000000000005,2,2.67793,2.67793,1.62768,16.61904761904762,11
ENG-Premier League,2425,2025-05-18 Leicester-Ipswich,1,2024,26969,2025-05-18 14:00:00,75,285,Leicester,Ipswich,IPS,LEI,0,1.8169,0,1.36957,1.36957,0.5810259999999999,12.708333333333334,4,3,0.8986,2,0.788544,0.788544,-0.5810259999999999,9.321428571428571,6
ENG-Premier League,2425,2025-05-18 West Ham-Nottingham Forest,1,2024,26971,2025-05-18 13:15:00,81,249,West Ham,Nottingham Forest,NOT,WHU,3,2.3123,2,2.14756,2.14756,1.297103,10.961538461538462,9,0,0.5036,1,0.850457,0.850457,-1.297103,6.7727272727272725,5
ENG-Premier League,2425,2025-05-19 Brighton-Liverpool,1,2024,26965,2025-05-19 19:00:00,220,87,Brighton,Liverpool,LIV,BRI,0,1.9883,2,3.065,3.065,0.8871099999999998,13.0,13,3,0.8144,3,2.17789,2.17789,-0.8871099999999998,15.45,20
ENG-Premier League,2425,2025-05-20 Crystal Palace-Wolverhampton Wanderers,1,2024,26967,2025-05-20 19:00:00,78,229,Crystal Palace,Wolverhampton Wanderers,WOL,CRY,0,1.1765,2,1.42886,1.42886,-0.25564999999999993,8.941176470588236,9,3,1.5617,4,1.68451,1.68451,0.25564999999999993,17.714285714285715,12
ENG-Premier League,2425,2025-05-20 Manchester City-Bournemouth,1,2024,26970,2025-05-20 19:00:00,88,73,Manchester City,Bournemouth,BOU,MCI,0,0.8341999999999999,1,0.962014,0.962014,-0.635776,22.466666666666665,2,3,1.8995,3,1.59779,1.59779,0.635776,20.818181818181817,8
ENG-Premier League,2425,2025-05-25 Bournemouth-Leicester,1,2024,26979,2025-05-25 15:00:00,73,75,Bournemouth,Leicester,LEI,BOU,0,0.0733,0,0.156702,0.156702,-2.5677879999999997,9.28,3,3,2.8686999999999996,2,2.72449,2.72449,2.5677879999999997,4.647058823529412,16
ENG-Premier League,2425,2025-05-25 Fulham-Manchester City,1,2024,26981,2025-05-25 15:00:00,228,88,Fulham,Manchester City,MCI,FLH,3,1.5218,2,2.45923,1.69806,-0.5199100000000003,13.545454545454545,16,0,1.2431,0,2.21797,2.21797,0.5199100000000003,22.153846153846153,5
ENG-Premier League,2425,2025-05-25 Ipswich-West Ham,1,2024,26980,2025-05-25 15:00:00,285,81,Ipswich,West Ham,WHU,IPS,3,1.3971,3,0.967379,0.967379,0.07428400000000002,8.115384615384615,7,0,1.2639,1,0.893095,0.893095,-0.07428400000000002,14.607142857142858,6
ENG-Premier League,2425,2025-05-25 Liverpool-Crystal Palace,1,2024,26975,2025-05-25 15:00:00,87,78,Liverpool,Crystal Palace,CRY,LIV,1,0.9857,1,1.4144,1.4144,-0.5068199999999998,25.416666666666668,3,1,1.7519,1,1.92122,1.92122,0.5068199999999998,6.346153846153846,9
ENG-Premier League,2425,2025-05-25 Manchester United-Aston Villa,1,2024,26974,2025-05-25 15:00:00,89,71,Manchester United,Aston Villa,AVL,MUN,0,0.07980000000000001,0,0.335222,0.335222,-1.8662080000000003,26.90909090909091,5,3,2.8667999999999996,2,2.96259,2.20143,1.8662080000000003,5.107142857142857,24
ENG-Premier League,2425,2025-05-25 Newcastle United-Everton,1,2024,26973,2025-05-25 15:00:00,86,72,Newcastle United,Everton,EVE,NEW,3,1.2846000000000002,1,1.07279,1.07279,-0.08631000000000011,17.866666666666667,1,0,1.404,0,1.1591,1.1591,0.08631000000000011,6.25,6
ENG-Premier League,2425,2025-05-25 Nottingham Forest-Chelsea,1,2024,26972,2025-05-25 15:00:00,249,80,Nottingham Forest,Chelsea,CHE,NOT,3,1.1323999999999999,1,1.30874,1.30874,-0.2714000000000001,14.117647058823529,1,0,1.5584,0,1.58014,1.58014,0.2714000000000001,11.38888888888889,3
ENG-Premier League,2425,2025-05-25 Southampton-Arsenal,1,2024,26977,2025-05-25 15:00:00,74,83,Southampton,Arsenal,ARS,SOU,3,2.5522,2,2.40711,2.40711,1.8089659999999999,7.357142857142857,11,0,0.31120000000000003,1,0.598144,0.598144,-1.8089659999999999,17.3,4
ENG-Premier League,2425,2025-05-25 Tottenham-Brighton,1,2024,26976,2025-05-25 15:00:00,82,220,Tottenham,Brighton,BRI,TOT,3,2.2437,4,3.11624,2.35507,1.26359,6.615384615384615,12,0,0.5655,1,1.85265,1.09148,-1.26359,18.0625,3
ENG-Premier League,2425,2025-05-25 Wolverhampton Wanderers-Brentford,1,2024,26978,2025-05-25 15:00:00,229,244,Wolverhampton Wanderers,Brentford,BRE,WOL,1,2.019,1,1.97196,1.97196,0.86307,7.44,7,1,0.7593,1,1.10889,1.10889,-0.86307,13.45,7
ENG-Premier League,2526,2025-08-15 Liverpool-Bournemouth,1,2025,28778,2025-08-15 19:00:00,87,73,Liverpool,Bournemouth,BOU,LIV,0,0.8954,2,1.57303,1.57303,-0.7570400000000002,11.583333333333334,8,3,1.877,4,2.33007,2.33007,0.7570400000000002,8.764705882352942,9
ENG-Premier League,2526,2025-08-16 Aston Villa-Newcastle United,1,2025,28779,2025-08-16 11:30:00,71,86,Aston Villa,Newcastle United,NEW,AVL,1,2.3370999999999995,0,1.40098,1.40098,1.082379,6.083333333333333,6,1,0.42579999999999996,0,0.318601,0.318601,-1.082379,18.916666666666668,2
ENG-Premier League,2526,2025-08-16 Brighton-Fulham,1,2025,28780,2025-08-16 14:00:00,220,228,Brighton,Fulham,FLH,BRI,1,0.835,1,0.902883,0.902883,0.223974,16.22222222222222,6,1,1.8562,1,1.44008,0.678909,-0.223974,8.928571428571429,5
ENG-Premier League,2526,2025-08-16 Sunderland-West Ham,1,2025,28781,2025-08-16 14:00:00,77,81,Sunderland,West Ham,WHU,SUN,0,1.129,0,0.558948,0.558948,-0.16542,11.0,8,3,1.48,3,0.724368,0.724368,0.16542,20.785714285714285,2
ENG-Premier League,2526,2025-08-16 Tottenham-Burnley,1,2025,28782,2025-08-16 14:00:00,82,92,Tottenham,Burnley,BUR,TOT,0,0.4918,0,0.734138,0.734138,-1.244442,17.352941176470587,6,3,2.3089000000000004,3,1.97858,1.97858,1.244442,6.352941176470588,7
ENG-Premier League,2526,2025-08-16 Wolverhampton Wanderers-Manchester City,1,2025,28783,2025-08-16 16:30:00,229,88,Wolverhampton Wanderers,Manchester City,MCI,WOL,3,2.6430000000000002,4,2.29903,2.29903,1.7795940000000001,11.8,8,0,0.2391,0,0.519436,0.519436,-1.7795940000000001,12.10344827586207,4
ENG-Premier League,2526,2025-08-17 Chelsea-Crystal Palace,1,2025,28784,2025-08-17 13:00:00,80,78,Chelsea,Crystal Palace,CRY,CHE,1,1.093,0,1.03414,1.03414,-0.33379000000000003,17.63157894736842,2,1,1.6141,0,1.36793,1.36793,0.33379000000000003,5.869565217391305,7
ENG-Premier League,2526,2025-08-17 Manchester United-Arsenal,1,2025,28786,2025-08-17 15:30:00,89,83,Manchester United,Arsenal,ARS,MUN,3,1.3628,1,1.3304,1.3304,-0.046130000000000004,11.26086956521739,3,0,1.3298,0,1.37653,1.37653,0.046130000000000004,7.904761904761905,7
ENG-Premier League,2526,2025-08-17 Nottingham Forest-Brentford,1,2025,28785,2025-08-17 13:00:00,249,244,Nottingham Forest,Brentford,BRE,NOT,0,1.0148000000000001,1,1.32516,0.563994,-1.191506,9.823529411764707,3,3,1.6997,3,1.7555,1.7555,1.191506,11.142857142857142,6
ENG-Premier League,2526,2025-08-18 Leeds-Everton,1,2025,28787,2025-08-18 19:00:00,245,72,Leeds,Everton,EVE,LED,0,0.2864,0,0.674338,0.674338,-0.9456920000000001,27.5,2,3,2.5742000000000003,1,2.3812,1.62003,0.9456920000000001,15.6875,5
ENG-Premier League,2526,2025-08-22 West Ham-Chelsea,1,2025,28788,2025-08-22 19:00:00,81,80,West Ham,Chelsea,CHE,WHU,3,2.8571000000000004,5,3.94997,3.94997,2.9713979999999998,11.947368421052632,5,0,0.0944,1,0.978572,0.978572,-2.9713979999999998,26.307692307692307,6
ENG-Premier League,2526,2025-08-23 Arsenal-Leeds,1,2025,28793,2025-08-23 16:30:00,83,245,Arsenal,Leeds,LED,ARS,0,0.0513,0,0.156761,0.156761,-1.819679,27.866666666666667,1,3,2.9097,5,2.73761,1.97644,1.819679,7.954545454545454,5
ENG-Premier League,2526,2025-08-23 Bournemouth-Wolverhampton Wanderers,1,2025,28792,2025-08-23 14:00:00,73,229,Bournemouth,Wolverhampton Wanderers,WOL,BOU,0,0.3052,0,0.373367,0.373367,-1.411253,10.428571428571429,3,3,2.5305999999999997,1,1.78462,1.78462,1.411253,5.88,6
ENG-Premier League,2526,2025-08-23 Brentford-Aston Villa,1,2025,28790,2025-08-23 14:00:00,244,71,Brentford,Aston Villa,AVL,BRE,0,1.1286999999999998,0,0.976852,0.976852,-0.15278799999999992,5.411764705882353,14,3,1.5385,1,1.12964,1.12964,0.15278799999999992,10.785714285714286,2
ENG-Premier League,2526,2025-08-23 Burnley-Sunderland,1,2025,28791,2025-08-23 14:00:00,92,77,Burnley,Sunderland,SUN,BUR,0,1.448,0,1.12127,1.12127,0.1174599999999999,20.583333333333332,4,3,1.2227,2,1.00381,1.00381,-0.1174599999999999,15.428571428571429,4
ENG-Premier League,2526,2025-08-23 Manchester City-Tottenham,1,2025,28789,2025-08-23 11:30:00,88,82,Manchester City,Tottenham,TOT,MCI,3,1.3643999999999998,2,1.28015,1.28015,0.032649999999999846,13.272727272727273,4,0,1.3467,0,1.2475,1.2475,-0.032649999999999846,10.444444444444445,8
ENG-Premier League,2526,2025-08-24 Crystal Palace-Nottingham Forest,1,2025,28794,2025-08-24 13:00:00,78,249,Crystal Palace,Nottingham Forest,NOT,CRY,1,1.5392,1,1.32987,1.32987,0.22799000000000014,10.368421052631579,4,1,1.1537,1,1.10188,1.10188,-0.22799000000000014,12.782608695652174,6
ENG-Premier League,2526,2025-08-24 Everton-Brighton,1,2025,28795,2025-08-24 13:00:00,72,220,Everton,Brighton,BRI,EVE,0,1.6155000000000002,0,2.08487,1.3237,-0.47746,8.68421052631579,8,3,1.1070000000000002,2,1.80116,1.80116,0.47746,17.705882352941178,5
ENG-Premier League,2526,2025-08-24 Fulham-Manchester United,1,2025,28796,2025-08-24 15:30:00,228,89,Fulham,Manchester United,MUN,FLH,1,1.2692,1,1.54603,0.784858,-0.868472,10.88888888888889,11,1,1.4455999999999998,1,1.65333,1.65333,0.868472,9.909090909090908,11
ENG-Premier League,2526,2025-08-25 Newcastle United-Liverpool,1,2025,28797,2025-08-25 19:00:00,86,87,Newcastle United,Liverpool,LIV,NEW,3,0.39349999999999996,3,0.646559,0.646559,-1.3168609999999998,7.571428571428571,6,0,2.4272,2,1.96342,1.96342,1.3168609999999998,12.045454545454545,3
ENG-Premier League,2526,2025-08-30 Chelsea-Fulham,1,2025,28798,2025-08-30 11:30:00,80,228,Chelsea,Fulham,FLH,CHE,0,0.2994,0,0.736228,0.736228,-0.935002,10.851851851851851,9,3,2.5668,2,2.4324,1.67123,0.935002,9.32,4
ENG-Premier League,2526,2025-08-30 Leeds-Newcastle United,1,2025,28803,2025-08-30 16:30:00,245,86,Leeds,Newcastle United,NEW,LED,1,0.8724,0,0.303635,0.303635,-0.373665,11.238095238095237,5,1,1.6758,0,0.6773,0.6773,0.373665,14.863636363636363,5
ENG-Premier League,2526,2025-08-30 Manchester United-Burnley,1,2025,28802,2025-08-30 14:00:00,89,92,Manchester United,Burnley,BUR,MUN,0,0.136,2,1.32618,1.32618,-1.9350200000000002,16.0,3,3,2.7985,3,4.02237,3.2612,1.9350200000000002,15.181818181818182,8
ENG-Premier League,2526,2025-08-30 Sunderland-Brentford,1,2025,28801,2025-08-30 14:00:00,77,244,Sunderland,Brentford,BRE,SUN,0,1.2650000000000001,1,1.44604,0.684874,-0.12522500000000003,21.545454545454547,4,3,1.4156,2,1.57127,0.810099,0.12522500000000003,5.184210526315789,2
ENG-Premier League,2526,2025-08-30 Tottenham-Bournemouth,1,2025,28799,2025-08-30 14:00:00,82,73,Tottenham,Bournemouth,BOU,TOT,3,2.7342000000000004,1,2.1201,2.1201,1.94943,7.146341463414634,11,0,0.15689999999999998,0,0.17067,0.17067,-1.94943,5.2,4
ENG-Premier League,2526,2025-08-30 Wolverhampton Wanderers-Everton,1,2025,28800,2025-08-30 14:00:00,229,72,Wolverhampton Wanderers,Everton,EVE,WOL,3,2.2217000000000002,3,2.03791,2.03791,1.094653,11.961538461538462,11,0,0.5699,2,0.943257,0.943257,-1.094653,5.851851851851852,5
ENG-Premier League,2526,2025-08-31 Aston Villa-Crystal Palace,1,2025,28807,2025-08-31 18:00:00,71,78,Aston Villa,Crystal Palace,CRY,AVL,3,2.4577999999999998,3,2.59713,1.83596,0.6301000000000001,19.2,5,0,0.3812,0,1.20586,1.20586,-0.6301000000000001,10.571428571428571,6
ENG-Premier League,2526,2025-08-31 Brighton-Manchester City,1,2025,28805,2025-08-31 13:00:00,220,88,Brighton,Manchester City,MCI,BRI,0,1.3064,1,2.13418,2.13418,0.6867100000000002,11.933333333333334,9,3,1.4209999999999998,2,2.20864,1.44747,-0.6867100000000002,11.814814814814815,4
ENG-Premier League,2526,2025-08-31 Liverpool-Arsenal,1,2025,28806,2025-08-31 15:30:00,87,83,Liverpool,Arsenal,ARS,LIV,0,1.2709,0,0.485679,0.485679,0.004275000000000029,12.869565217391305,5,3,1.2667,1,0.481404,0.481404,-0.004275000000000029,15.066666666666666,4
ENG-Premier League,2526,2025-08-31 Nottingham Forest-West Ham,1,2025,28804,2025-08-31 13:00:00,249,81,Nottingham Forest,West Ham,WHU,NOT,3,2.5114,3,2.236,1.47483,0.758812,21.46153846153846,5,0,0.33340000000000003,0,0.716018,0.716018,-0.758812,9.846153846153847,6
ENG-Premier League,2526,2025-09-13 Arsenal-Nottingham Forest,1,2025,28808,2025-09-13 11:30:00,83,249,Arsenal,Nottingham Forest,NOT,ARS,0,0.07830000000000001,0,0.293681,0.293681,-2.588019,14.55,1,3,2.8737,3,2.8817,2.8817,2.588019,10.95,10
ENG-Premier League,2526,2025-09-13 Bournemouth-Brighton,1,2025,28810,2025-09-13 14:00:00,73,220,Bournemouth,Brighton,BRI,BOU,0,0.6141000000000001,1,0.624923,0.624923,-0.05578300000000003,8.695652173913043,3,3,2.1195,2,1.44187,0.680706,0.05578300000000003,10.833333333333334,5
ENG-Premier League,2526,2025-09-13 Brentford-Chelsea,1,2025,28815,2025-09-13 19:00:00,244,80,Brentford,Chelsea,CHE,BRE,1,0.9162,2,0.755999,0.755999,-0.419331,5.206896551724138,12,1,1.7843999999999998,2,1.17533,1.17533,0.419331,20.1875,8
ENG-Premier League,2526,2025-09-13 Crystal Palace-Sunderland,1,2025,28811,2025-09-13 14:00:00,78,77,Crystal Palace,Sunderland,SUN,CRY,1,0.31589999999999996,0,0.354129,0.354129,-1.403921,17.77777777777778,4,1,2.5155,0,1.75805,1.75805,1.403921,13.555555555555555,8
ENG-Premier League,2526,2025-09-13 Everton-Aston Villa,1,2025,28812,2025-09-13 14:00:00,72,71,Everton,Aston Villa,AVL,EVE,1,0.3143,0,0.354327,0.354327,-1.538373,8.368421052631579,3,1,2.5199,0,1.8927,1.8927,1.538373,7.074074074074074,10
ENG-Premier League,2526,2025-09-13 Fulham-Leeds,1,2025,28813,2025-09-13 14:00:00,228,245,Fulham,Leeds,LED,FLH,0,1.0121,0,0.830398,0.830398,-0.3093920000000001,13.444444444444445,5,3,1.6496,1,1.13979,1.13979,0.3093920000000001,9.478260869565217,4
ENG-Premier League,2526,2025-09-13 Newcastle United-Wolverhampton Wanderers,1,2025,28809,2025-09-13 14:00:00,86,229,Newcastle United,Wolverhampton Wanderers,WOL,NEW,0,0.5596,0,0.375942,0.375942,-0.8159179999999999,9.041666666666666,3,3,2.1553,1,1.19186,1.19186,0.8159179999999999,10.5625,12
ENG-Premier League,2526,2025-09-13 West Ham-Tottenham,1,2025,28814,2025-09-13 16:30:00,81,82,West Ham,Tottenham,TOT,WHU,3,1.9297999999999997,3,1.51402,1.51402,0.720772,10.857142857142858,8,0,0.7895000000000001,0,0.793248,0.793248,-0.720772,17.555555555555557,2
ENG-Premier League,2526,2025-09-14 Burnley-Liverpool,1,2025,28816,2025-09-14 13:00:00,92,87,Burnley,Liverpool,LIV,BUR,3,2.9114999999999998,1,2.79492,2.03375,1.8657089999999998,4.142857142857143,17,0,0.0498,0,0.168041,0.168041,-1.8657089999999998,11.090909090909092,0
ENG-Premier League,2526,2025-09-14 Manchester City-Manchester United,1,2025,28817,2025-09-14 15:30:00,88,89,Manchester City,Manchester United,MUN,MCI,0,1.0457,0,1.51915,1.51915,-0.47809999999999997,9.23076923076923,8,3,1.697,3,1.99725,1.99725,0.47809999999999997,19.214285714285715,8
ENG-Premier League,2526,2025-09-20 Brighton-Tottenham,1,2025,28821,2025-09-20 14:00:00,220,82,Brighton,Tottenham,TOT,BRI,1,1.1338,2,1.19181,1.19181,-0.21284999999999998,4.84375,14,1,1.5372999999999999,2,1.40466,1.40466,0.21284999999999998,11.48,4
ENG-Premier League,2526,2025-09-20 Burnley-Nottingham Forest,1,2025,28822,2025-09-20 14:00:00,92,249,Burnley,Nottingham Forest,NOT,BUR,1,1.0473,1,0.830779,0.830779,-0.31081100000000006,9.095238095238095,10,1,1.6359,1,1.14159,1.14159,0.31081100000000006,18.88888888888889,4
ENG-Premier League,2526,2025-09-20 Fulham-Brentford,1,2025,28825,2025-09-20 19:00:00,228,244,Fulham,Brentford,BRE,FLH,0,0.7894999999999999,1,0.826556,0.826556,-0.6977540000000001,13.476190476190476,3,3,1.9517,3,1.52431,1.52431,0.6977540000000001,19.846153846153847,5
ENG-Premier League,2526,2025-09-20 Liverpool-Everton,1,2025,28818,2025-09-20 11:30:00,87,72,Liverpool,Everton,EVE,LIV,0,1.0035,1,0.721371,0.721371,-0.34028900000000006,11.304347826086957,9,3,1.6665,2,1.06166,1.06166,0.34028900000000006,5.884615384615385,12
ENG-Premier League,2526,2025-09-20 Manchester United-Chelsea,1,2025,28824,2025-09-20 16:30:00,89,80,Manchester United,Chelsea,CHE,MUN,0,0.5622,1,0.469843,0.469843,-0.8747370000000001,13.142857142857142,5,3,2.163,2,1.34458,1.34458,0.8747370000000001,12.961538461538462,4
ENG-Premier League,2526,2025-09-20 West Ham-Crystal Palace,1,2025,28819,2025-09-20 14:00:00,81,78,West Ham,Crystal Palace,CRY,WHU,3,2.6628,2,2.33565,2.33565,1.8692849999999999,23.818181818181817,7,0,0.22110000000000002,1,0.466365,0.466365,-1.8692849999999999,8.565217391304348,5
ENG-Premier League,2526,2025-09-20 Wolverhampton Wanderers-Leeds,1,2025,28820,2025-09-20 14:00:00,229,245,Wolverhampton Wanderers,Leeds,LED,WOL,3,0.48339999999999994,3,0.456988,0.456988,-1.109112,13.19047619047619,7,0,2.2899999999999996,1,1.5661,1.5661,1.109112,10.96,10
ENG-Premier League,2526,2025-09-21 Arsenal-Manchester City,1,2025,28827,2025-09-21 15:30:00,83,88,Arsenal,Manchester City,MCI,ARS,1,1.7474,1,1.1227,1.1227,0.40412500000000007,17.0,3,1,0.9305000000000001,1,0.718575,0.718575,-0.40412500000000007,6.818181818181818,10
ENG-Premier League,2526,2025-09-21 Bournemouth-Newcastle United,1,2025,28823,2025-09-21 13:00:00,73,86,Bournemouth,Newcastle United,NEW,BOU,1,0.7742,0,0.153629,0.153629,-0.397031,16.41176470588235,6,1,1.7041999999999997,0,0.55066,0.55066,0.397031,8.363636363636363,4
ENG-Premier League,2526,2025-09-21 Sunderland-Aston Villa,1,2025,28826,2025-09-21 13:00:00,77,71,Sunderland,Aston Villa,AVL,SUN,1,1.33,1,0.939354,0.939354,0.0010419999999999874,7.0,16,1,1.3236999999999999,1,0.938312,0.938312,-0.0010419999999999874,9.869565217391305,4
ENG-Premier League,2526,2025-09-27 Brentford-Manchester United,1,2025,28828,2025-09-27 11:30:00,244,89,Brentford,Manchester United,MUN,BRE,0,0.9664,1,2.23609,1.47492,-1.3123399999999998,12.125,1,3,1.7845,3,2.78726,2.78726,1.3123399999999998,11.72,6
ENG-Premier League,2526,2025-09-27 Chelsea-Brighton,1,2025,28829,2025-09-27 14:00:00,80,220,Chelsea,Brighton,BRI,CHE,3,1.7227,3,2.4751,2.4751,0.4485699999999997,9.172413793103448,8,0,1.0291,1,2.02653,2.02653,-0.4485699999999997,8.526315789473685,4
ENG-Premier League,2526,2025-09-27 Crystal Palace-Liverpool,1,2025,28830,2025-09-27 14:00:00,78,87,Crystal Palace,Liverpool,LIV,CRY,0,1.1448,1,3.10176,3.10176,-0.43147,8.571428571428571,5,3,1.6584,2,3.53323,3.53323,0.43147,24.375,12
ENG-Premier League,2526,2025-09-27 Leeds-Bournemouth,1,2025,28832,2025-09-27 14:00:00,245,73,Leeds,Bournemouth,BOU,LED,1,0.6846,2,1.06033,1.06033,-0.9869500000000002,8.4,9,1,2.0964,2,2.04728,2.04728,0.9869500000000002,10.076923076923077,3
ENG-Premier League,2526,2025-09-27 Manchester City-Burnley,1,2025,28833,2025-09-27 14:00:00,88,92,Manchester City,Burnley,BUR,MCI,0,0.0959,1,0.509491,0.509491,-2.711839,17.1875,4,3,2.8438999999999997,5,3.22133,3.22133,2.711839,16.0,15
ENG-Premier League,2526,2025-09-27 Nottingham Forest-Sunderland,1,2025,28834,2025-09-27 16:30:00,249,77,Nottingham Forest,Sunderland,SUN,NOT,3,1.7727,1,1.94154,1.94154,0.5212400000000001,29.5,3,0,0.9927,0,1.4203,1.4203,-0.5212400000000001,9.3,6
ENG-Premier League,2526,2025-09-27 Tottenham-Wolverhampton Wanderers,1,2025,28835,2025-09-27 19:00:00,82,229,Tottenham,Wolverhampton Wanderers,WOL,TOT,1,1.6705,1,1.15951,1.15951,0.3407990000000001,9.5,4,1,0.9919,1,0.818711,0.818711,-0.3407990000000001,16.928571428571427,5
ENG-Premier League,2526,2025-09-28 Aston Villa-Fulham,1,2025,28831,2025-09-28 13:00:00,71,228,Aston Villa,Fulham,FLH,AVL,0,0.9763999999999999,1,0.952612,0.952612,-0.413138,13.833333333333334,4,3,1.7306,3,1.36575,1.36575,0.413138,17.357142857142858,6
ENG-Premier League,2526,2025-09-28 Newcastle United-Arsenal,1,2025,28836,2025-09-28 15:30:00,86,83,Newcastle United,Arsenal,ARS,NEW,3,2.3387999999999995,2,2.07048,2.07048,1.3306289999999998,7.25,13,0,0.474,1,0.739851,0.739851,-1.3306289999999998,16.466666666666665,4
ENG-Premier League,2526,2025-09-29 Everton-West Ham,1,2025,28837,2025-09-29 19:00:00,72,81,Everton,West Ham,WHU,EVE,1,1.2127,1,0.775766,0.775766,-0.13393700000000008,13.5,7,1,1.4394999999999998,1,0.909703,0.909703,0.13393700000000008,12.764705882352942,12
ENG-Premier League,2526,2025-10-03 Bournemouth-Fulham,1,2025,28838,2025-10-03 19:00:00,73,228,Bournemouth,Fulham,FLH,BOU,0,0.8946999999999998,1,0.84335,0.84335,-0.49123000000000006,19.142857142857142,10,3,1.8082,3,1.33458,1.33458,0.49123000000000006,13.823529411764707,13
ENG-Premier League,2526,2025-10-04 Arsenal-West Ham,1,2025,28839,2025-10-04 14:00:00,83,81,Arsenal,West Ham,WHU,ARS,0,0.159,0,0.864549,0.864549,-1.432781,25.076923076923077,3,3,2.7519,2,3.0585,2.29733,1.432781,4.212121212121212,17
ENG-Premier League,2526,2025-10-04 Chelsea-Liverpool,1,2025,28842,2025-10-04 16:30:00,80,87,Chelsea,Liverpool,LIV,CHE,0,2.0083,1,2.05981,2.05981,0.8226000000000002,17.125,9,3,0.7363,2,1.23721,1.23721,-0.8226000000000002,13.3,6
ENG-Premier League,2526,2025-10-04 Leeds-Tottenham,1,2025,28844,2025-10-04 11:30:00,245,82,Leeds,Tottenham,TOT,LED,3,0.6734,2,0.688198,0.688198,-0.792312,15.0,4,0,2.0633,1,1.48051,1.48051,0.792312,10.833333333333334,6
ENG-Premier League,2526,2025-10-04 Manchester United-Sunderland,1,2025,28845,2025-10-04 14:00:00,89,77,Manchester United,Sunderland,SUN,MUN,0,0.5388,0,0.807119,0.807119,-1.122681,9.76,3,3,2.2545,2,1.9298,1.9298,1.122681,10.173913043478262,7
ENG-Premier League,2526,2025-10-05 Aston Villa-Burnley,1,2025,28840,2025-10-05 13:00:00,71,92,Aston Villa,Burnley,BUR,AVL,0,0.4577,1,0.502292,0.502292,-1.233428,7.809523809523809,1,3,2.3255,2,1.73572,1.73572,1.233428,12.722222222222221,8
ENG-Premier League,2526,2025-10-05 Brentford-Manchester City,1,2025,28841,2025-10-05 15:30:00,244,88,Brentford,Manchester City,MCI,BRE,3,1.6665,1,1.09647,1.09647,0.40271200000000007,13.5,9,0,0.9858,0,0.693758,0.693758,-0.40271200000000007,13.3,2
ENG-Premier League,2526,2025-10-05 Everton-Crystal Palace,1,2025,28843,2025-10-05 13:00:00,72,78,Everton,Crystal Palace,CRY,EVE,0,1.3839,1,2.17789,2.17789,0.8003,6.805555555555555,6,3,1.3515,2,2.13876,1.37759,-0.8003,9.275862068965518,5
ENG-Premier League,2526,2025-10-05 Newcastle United-Nottingham Forest,1,2025,28846,2025-10-05 13:00:00,86,249,Newcastle United,Nottingham Forest,NOT,NEW,0,0.027200000000000002,0,0.337689,0.337689,-2.717761,11.047619047619047,4,3,2.9546,2,3.81662,3.05545,2.717761,8.0,13
ENG-Premier League,2526,2025-10-05 Wolverhampton Wanderers-Brighton,1,2025,28847,2025-10-05 13:00:00,229,220,Wolverhampton Wanderers,Brighton,BRI,WOL,1,2.2661,1,1.39158,1.39158,1.022176,9.818181818181818,2,1,0.4865,1,0.369404,0.369404,-1.022176,13.571428571428571,2
ENG-Premier League,2526,2025-10-18 Brighton-Newcastle United,1,2025,28848,2025-10-18 14:00:00,220,86,Brighton,Newcastle United,NEW,BRI,0,1.7094,1,1.28313,1.28313,0.4260260000000001,9.64,9,3,0.9963000000000001,2,0.857104,0.857104,-0.4260260000000001,13.409090909090908,8
ENG-Premier League,2526,2025-10-18 Burnley-Leeds,1,2025,28849,2025-10-18 14:00:00,92,245,Burnley,Leeds,LED,BUR,0,2.6492,0,2.33152,2.33152,1.8218729999999999,7.809523809523809,8,3,0.22310000000000002,2,0.509647,0.509647,-1.8218729999999999,15.80952380952381,2
ENG-Premier League,2526,2025-10-18 Crystal Palace-Bournemouth,1,2025,28850,2025-10-18 14:00:00,78,73,Crystal Palace,Bournemouth,BOU,CRY,1,0.1793,3,2.0471,2.0471,-1.7545700000000002,8.11111111111111,6,1,2.7443,3,4.56284,3.80167,1.7545700000000002,7.84,14
ENG-Premier League,2526,2025-10-18 Fulham-Arsenal,1,2025,28851,2025-10-18 16:30:00,228,83,Fulham,Arsenal,ARS,FLH,3,2.5627,1,2.07823,2.07823,1.575898,30.0,14,0,0.29500000000000004,0,0.502332,0.502332,-1.575898,18.1875,3
ENG-Premier League,2526,2025-10-18 Manchester City-Everton,1,2025,28853,2025-10-18 14:00:00,88,72,Manchester City,Everton,EVE,MCI,0,0.3247,0,0.794622,0.794622,-1.6852780000000003,16.692307692307693,4,3,2.5183,2,2.4799,2.4799,1.6852780000000003,8.722222222222221,15
ENG-Premier League,2526,2025-10-18 Nottingham Forest-Chelsea,1,2025,28854,2025-10-18 11:30:00,249,80,Nottingham Forest,Chelsea,CHE,NOT,3,1.7066999999999999,3,2.5583,2.5583,0.5028000000000001,8.482758620689655,6,0,1.0608,0,2.0555,2.0555,-0.5028000000000001,14.842105263157896,9
ENG-Premier League,2526,2025-10-18 Sunderland-Wolverhampton Wanderers,1,2025,28855,2025-10-18 14:00:00,77,229,Sunderland,Wolverhampton Wanderers,WOL,SUN,0,0.9793000000000001,0,0.676323,0.676323,-0.348487,5.233333333333333,11,3,1.6885000000000001,2,1.02481,1.02481,0.348487,36.42857142857143,6
ENG-Premier League,2526,2025-10-19 Liverpool-Manchester United,1,2025,28852,2025-10-19 15:30:00,87,89,Liverpool,Manchester United,MUN,LIV,3,1.3212000000000002,2,2.53117,2.53117,-0.0785499999999999,17.428571428571427,6,0,1.4439000000000002,1,2.60972,2.60972,0.0785499999999999,7.625,10
ENG-Premier League,2526,2025-10-19 Tottenham-Aston Villa,1,2025,28856,2025-10-19 13:00:00,82,71,Tottenham,Aston Villa,AVL,TOT,3,0.4064,2,0.352231,0.352231,-1.162379,12.88888888888889,2,0,2.3837,1,1.51461,1.51461,1.162379,7.592592592592593,5
ENG-Premier League,2526,2025-10-20 West Ham-Brentford,1,2025,28857,2025-10-20 19:00:00,81,244,West Ham,Brentford,BRE,WHU,3,2.926,2,3.46635,3.46635,3.206099,12.466666666666667,11,0,0.045399999999999996,0,0.260251,0.260251,-3.206099,14.777777777777779,4
ENG-Premier League,2526,2025-10-24 Leeds-West Ham,1,2025,28864,2025-10-24 19:00:00,245,81,Leeds,West Ham,WHU,LED,0,0.2482,1,0.498653,0.498653,-1.722747,9.576923076923077,4,3,2.6272,2,2.2214,2.2214,1.722747,10.814814814814815,1
ENG-Premier League,2526,2025-10-25 Brentford-Liverpool,1,2025,28861,2025-10-25 19:00:00,244,87,Brentford,Liverpool,LIV,BRE,0,0.6868,2,2.11838,2.11838,-0.39171999999999985,6.2,10,3,2.1265,3,3.27126,2.5101,0.39171999999999985,14.0,5
ENG-Premier League,2526,2025-10-25 Chelsea-Sunderland,1,2025,28862,2025-10-25 14:00:00,80,77,Chelsea,Sunderland,SUN,CHE,3,1.6661000000000001,2,1.5506,1.5506,0.33728,21.647058823529413,6,0,1.0463,1,1.21332,1.21332,-0.33728,9.333333333333334,11
ENG-Premier League,2526,2025-10-25 Manchester United-Brighton,1,2025,28865,2025-10-25 16:30:00,89,220,Manchester United,Brighton,BRI,MUN,0,0.6576,2,0.947154,0.947154,-1.015156,6.333333333333333,5,3,2.1264000000000003,4,1.96231,1.96231,1.015156,13.964285714285714,9
ENG-Premier League,2526,2025-10-25 Newcastle United-Fulham,1,2025,28866,2025-10-25 14:00:00,86,228,Newcastle United,Fulham,FLH,NEW,0,0.534,1,1.52001,1.52001,-1.24805,9.551724137931034,3,3,2.2806,2,2.76806,2.76806,1.24805,9.035714285714286,7
ENG-Premier League,2526,2025-10-26 Arsenal-Crystal Palace,1,2025,28859,2025-10-26 13:00:00,83,78,Arsenal,Crystal Palace,CRY,ARS,0,0.7859999999999999,0,0.350534,0.350534,-0.505641,28.272727272727273,1,3,1.8296999999999999,1,0.856175,0.856175,0.505641,12.411764705882353,5
ENG-Premier League,2526,2025-10-26 Aston Villa-Manchester City,1,2025,28860,2025-10-26 13:00:00,71,88,Aston Villa,Manchester City,MCI,AVL,0,1.7647,0,1.36914,1.36914,0.525234,10.25,11,3,0.9462999999999999,1,0.843906,0.843906,-0.525234,22.363636363636363,8
ENG-Premier League,2526,2025-10-26 Bournemouth-Nottingham Forest,1,2025,28858,2025-10-26 13:00:00,73,249,Bournemouth,Nottingham Forest,NOT,BOU,0,0.8847,0,0.305493,0.305493,-0.351108,11.75,4,3,1.6589999999999998,2,0.656601,0.656601,0.351108,8.04,7
ENG-Premier League,2526,2025-10-26 Everton-Tottenham,1,2025,28863,2025-10-26 15:30:00,72,82,Everton,Tottenham,TOT,EVE,3,1.9179,3,2.09327,2.09327,0.69007,17.0,3,0,0.831,0,1.4032,1.4032,-0.69007,13.421052631578947,6
ENG-Premier League,2526,2025-10-26 Wolverhampton Wanderers-Burnley,1,2025,28867,2025-10-26 13:00:00,229,92,Wolverhampton Wanderers,Burnley,BUR,WOL,3,0.6457999999999999,3,1.54544,1.54544,-0.27471,14.555555555555555,5,0,2.141,2,2.58132,1.82015,0.27471,8.875,10
ENG-Premier League,2526,2025-11-01 Brighton-Leeds,1,2025,28868,2025-11-01 15:00:00,220,245,Brighton,Leeds,LED,BRI,0,0.1109,0,0.35919,0.35919,-2.28208,22.6,2,3,2.8172,3,2.64127,2.64127,2.28208,14.80952380952381,7
ENG-Premier League,2526,2025-11-01 Burnley-Arsenal,1,2025,28869,2025-11-01 15:00:00,92,83,Burnley,Arsenal,ARS,BUR,3,2.64,2,2.51649,2.51649,1.837313,12.157894736842104,9,0,0.2319,0,0.679177,0.679177,-1.837313,15.55,3
ENG-Premier League,2526,2025-11-01 Crystal Palace-Brentford,1,2025,28870,2025-11-01 15:00:00,78,244,Crystal Palace,Brentford,BRE,CRY,0,1.4138,0,0.820498,0.820498,0.0859399999999999,5.818181818181818,8,3,1.2190999999999999,2,0.734558,0.734558,-0.0859399999999999,19.375,5
ENG-Premier League,2526,2025-11-01 Fulham-Wolverhampton Wanderers,1,2025,28871,2025-11-01 15:00:00,228,229,Fulham,Wolverhampton Wanderers,WOL,FLH,0,0.1861,0,0.209934,0.209934,-1.7021359999999999,21.3125,4,3,2.6905,3,1.91207,1.91207,1.7021359999999999,12.833333333333334,11
ENG-Premier League,2526,2025-11-01 Liverpool-Aston Villa,1,2025,28872,2025-11-01 20:00:00,87,71,Liverpool,Aston Villa,AVL,LIV,0,0.5414,0,0.43502,0.43502,-1.03519,16.0625,6,3,2.2034,2,1.47021,1.47021,1.03519,10.95,12
ENG-Premier League,2526,2025-11-01 Nottingham Forest-Manchester United,1,2025,28874,2025-11-01 15:00:00,249,89,Nottingham Forest,Manchester United,MUN,NOT,1,0.8145,2,0.91622,0.91622,-0.6344399999999999,9.470588235294118,5,1,1.9257000000000002,2,1.55066,1.55066,0.6344399999999999,13.695652173913043,7
ENG-Premier League,2526,2025-11-01 Tottenham-Chelsea,1,2025,28876,2025-11-01 17:30:00,82,80,Tottenham,Chelsea,CHE,TOT,3,2.9549999999999996,1,3.34251,3.34251,3.195556,7.0,13,0,0.0249,0,0.146954,0.146954,-3.195556,8.56,4
ENG-Premier League,2526,2025-11-02 Manchester City-Bournemouth,1,2025,28873,2025-11-02 16:30:00,88,73,Manchester City,Bournemouth,BOU,MCI,0,0.3725,1,0.899846,0.899846,-1.590144,11.217391304347826,4,3,2.4677000000000002,3,2.48999,2.48999,1.590144,20.1875,8
ENG-Premier League,2526,2025-11-02 West Ham-Newcastle United,1,2025,28877,2025-11-02 14:00:00,81,86,West Ham,Newcastle United,NEW,WHU,0,0.5843,1,0.523615,0.523615,-0.8902149999999999,8.882352941176471,7,3,2.1611,3,1.41383,1.41383,0.8902149999999999,23.583333333333332,3
ENG-Premier League,2526,2025-11-03 Sunderland-Everton,1,2025,28875,2025-11-03 20:00:00,77,72,Sunderland,Everton,EVE,SUN,1,1.244,1,1.00741,1.00741,-0.17327000000000004,23.153846153846153,5,1,1.4357000000000002,1,1.18068,1.18068,0.17327000000000004,8.238095238095237,7
ENG-Premier League,2526,2025-11-08 Chelsea-Wolverhampton Wanderers,1,2025,28880,2025-11-08 20:00:00,80,229,Chelsea,Wolverhampton Wanderers,WOL,CHE,0,0.008,0,0.111462,0.111462,-3.8719580000000002,20.4,1,3,2.9846,3,3.98342,3.98342,3.8719580000000002,10.421052631578947,13
ENG-Premier League,2526,2025-11-08 Everton-Fulham,1,2025,28882,2025-11-08 15:00:00,72,228,Everton,Fulham,FLH,EVE,0,0.21400000000000002,0,0.424478,0.424478,-1.881592,9.9,7,3,2.6755,2,2.30607,2.30607,1.881592,15.176470588235293,5
ENG-Premier League,2526,2025-11-08 Sunderland-Arsenal,1,2025,28885,2025-11-08 17:30:00,77,83,Sunderland,Arsenal,ARS,SUN,1,2.1799,2,2.32943,2.32943,1.12448,9.4375,11,1,0.6061,2,1.20495,1.20495,-1.12448,13.466666666666667,7
ENG-Premier League,2526,2025-11-08 Tottenham-Manchester United,1,2025,28886,2025-11-08 12:30:00,82,89,Tottenham,Manchester United,MUN,TOT,1,0.9049,2,0.820256,0.820256,-0.5350640000000001,13.31578947368421,3,1,1.813,2,1.35532,1.35532,0.5350640000000001,7.724137931034483,5
ENG-Premier League,2526,2025-11-08 West Ham-Burnley,1,2025,28887,2025-11-08 15:00:00,81,92,West Ham,Burnley,BUR,WHU,0,0.5509999999999999,2,1.87478,1.87478,-1.0925000000000002,10.526315789473685,7,3,2.2418,3,2.96728,2.96728,1.0925000000000002,15.45,4
ENG-Premier League,2526,2025-11-09 Aston Villa-Bournemouth,1,2025,28878,2025-11-09 14:00:00,71,73,Aston Villa,Bournemouth,BOU,AVL,0,1.4691999999999998,0,2.00992,1.24875,-0.6340699999999999,6.814814814814815,6,3,1.2654999999999998,4,1.88282,1.88282,0.6340699999999999,5.793103448275862,10
ENG-Premier League,2526,2025-11-09 Brentford-Newcastle United,1,2025,28879,2025-11-09 14:00:00,244,86,Brentford,Newcastle United,NEW,BRE,0,0.1112,1,0.432277,0.432277,-1.543843,11.105263157894736,2,3,2.8235,3,2.73729,1.97612,1.543843,12.0,7
ENG-Premier League,2526,2025-11-09 Crystal Palace-Brighton,1,2025,28881,2025-11-09 14:00:00,78,220,Crystal Palace,Brighton,BRI,CRY,1,1.1541,0,0.637037,0.637037,-0.20251000000000008,10.0,7,1,1.4652,0,0.839547,0.839547,0.20251000000000008,11.76923076923077,10
ENG-Premier League,2526,2025-11-09 Manchester City-Liverpool,1,2025,28883,2025-11-09 16:30:00,88,87,Manchester City,Liverpool,LIV,MCI,0,0.8609,0,1.0281,1.0281,0.19385300000000005,11.0,7,3,1.8593,3,1.59542,0.834247,-0.19385300000000005,11.818181818181818,7
ENG-Premier League,2526,2025-11-09 Nottingham Forest-Leeds,1,2025,28884,2025-11-09 14:00:00,249,245,Nottingham Forest,Leeds,LED,NOT,0,0.1457,1,0.419461,0.419461,-1.310349,9.35,3,3,2.7659,3,2.49097,1.72981,1.310349,15.166666666666666,4
ENG-Premier League,2526,2025-11-22 Bournemouth-West Ham,1,2025,28888,2025-11-22 15:00:00,73,81,Bournemouth,West Ham,WHU,BOU,1,0.0496,2,0.390782,0.390782,-2.331038,21.727272727272727,3,1,2.9155,2,3.48299,2.72182,2.331038,2.303030303030303,9
ENG-Premier League,2526,2025-11-22 Brighton-Brentford,1,2025,28890,2025-11-22 15:00:00,220,244,Brighton,Brentford,BRE,BRI,0,2.3872,1,2.19979,0.677448,-0.30004,17.4,7,3,0.43720000000000003,2,0.977488,0.977488,0.30004,7.48,10
ENG-Premier League,2526,2025-11-22 Burnley-Chelsea,1,2025,28891,2025-11-22 12:30:00,92,80,Burnley,Chelsea,CHE,BUR,3,2.2234000000000003,2,1.72093,1.72093,1.059987,13.157894736842104,11,0,0.5518000000000001,0,0.660943,0.660943,-1.059987,14.115384615384615,6
ENG-Premier League,2526,2025-11-22 Fulham-Sunderland,1,2025,28892,2025-11-22 15:00:00,228,77,Fulham,Sunderland,SUN,FLH,0,0.0823,0,0.222768,0.222768,-2.614522,13.095238095238095,2,3,2.863,1,2.83729,2.83729,2.614522,14.133333333333333,17
ENG-Premier League,2526,2025-11-22 Liverpool-Nottingham Forest,1,2025,28894,2025-11-22 15:00:00,87,249,Liverpool,Nottingham Forest,NOT,LIV,3,0.9379,3,1.19459,1.19459,-0.5981399999999999,23.153846153846153,6,0,1.8124,0,1.79273,1.79273,0.5981399999999999,4.681818181818182,11
ENG-Premier League,2526,2025-11-22 Newcastle United-Manchester City,1,2025,28896,2025-11-22 17:30:00,86,88,Newcastle United,Manchester City,MCI,NEW,0,1.3767,1,2.45648,2.45648,0.05093000000000014,7.722222222222222,16,3,1.3791,2,2.40555,2.40555,-0.05093000000000014,11.681818181818182,4
ENG-Premier League,2526,2025-11-22 Wolverhampton Wanderers-Crystal Palace,1,2025,28897,2025-11-22 15:00:00,229,78,Wolverhampton Wanderers,Crystal Palace,CRY,WOL,3,1.146,2,1.44933,1.44933,-0.21476000000000006,10.04,11,0,1.569,0,1.66409,1.66409,0.21476000000000006,10.695652173913043,10
ENG-Premier League,2526,2025-11-23 Arsenal-Tottenham,1,2025,28889,2025-11-23 16:30:00,83,82,Arsenal,Tottenham,TOT,ARS,0,0.0774,1,0.0300672,0.0300672,-2.2482028,13.444444444444445,2,3,2.8482,4,2.27827,2.27827,2.2482028,6.294117647058823,13
ENG-Premier League,2526,2025-11-23 Leeds-Aston Villa,1,2025,28893,2025-11-23 14:00:00,245,71,Leeds,Aston Villa,AVL,LED,3,0.9681,2,1.35978,1.35978,-0.4869000000000001,11.944444444444445,5,0,1.7718,1,1.84668,1.84668,0.4869000000000001,7.333333333333333,5
ENG-Premier League,2526,2025-11-24 Manchester United-Everton,1,2025,28895,2025-11-24 20:00:00,89,72,Manchester United,Everton,EVE,MUN,3,0.13390000000000002,1,0.155063,0.155063,-2.1186369999999997,28.666666666666668,2,0,2.7676000000000003,0,2.2737,2.2737,2.1186369999999997,4.7727272727272725,15
ENG-Premier League,2526,2025-11-29 Brentford-Burnley,1,2025,28899,2025-11-29 15:00:00,244,92,Brentford,Burnley,BUR,BRE,0,0.0638,1,0.874025,0.112856,-2.8470440000000004,11.894736842105264,1,3,2.8943,3,3.72106,2.9599,2.8470440000000004,14.642857142857142,5
ENG-Premier League,2526,2025-11-29 Everton-Newcastle United,1,2025,28902,2025-11-29 17:30:00,72,86,Everton,Newcastle United,NEW,EVE,3,2.3653,4,2.45882,2.45882,1.4475699999999998,21.666666666666668,8,0,0.4603,1,1.01125,1.01125,-1.4475699999999998,14.91304347826087,13
ENG-Premier League,2526,2025-11-29 Manchester City-Leeds,1,2025,28903,2025-11-29 15:00:00,88,245,Manchester City,Leeds,LED,MCI,0,0.6177,2,1.75142,0.840267,-2.0126530000000002,8.366666666666667,4,3,2.1735,3,2.85292,2.85292,2.0126530000000002,12.294117647058824,12
ENG-Premier League,2526,2025-11-29 Sunderland-Bournemouth,1,2025,28905,2025-11-29 15:00:00,77,73,Sunderland,Bournemouth,BOU,SUN,0,1.8752999999999997,2,1.79274,1.79274,1.38432,7.722222222222222,9,3,0.8139000000000001,3,1.16955,0.40842,-1.38432,9.9,9
ENG-Premier League,2526,2025-11-29 Tottenham-Fulham,1,2025,28906,2025-11-29 20:00:00,82,228,Tottenham,Fulham,FLH,TOT,3,0.7629000000000001,2,0.494736,0.494736,-0.5492239999999999,12.565217391304348,5,0,1.9130999999999998,1,1.04396,1.04396,0.5492239999999999,6.689655172413793,3
ENG-Premier League,2526,2025-11-30 Aston Villa-Wolverhampton Wanderers,1,2025,28898,2025-11-30 14:05:00,71,229,Aston Villa,Wolverhampton Wanderers,WOL,AVL,0,0.9275,0,0.692588,0.692588,-0.462272,10.238095238095237,3,3,1.7575999999999998,1,1.15486,1.15486,0.462272,9.75,5
ENG-Premier League,2526,2025-11-30 Chelsea-Arsenal,1,2025,28900,2025-11-30 16:30:00,80,83,Chelsea,Arsenal,ARS,CHE,1,1.7576999999999998,1,1.22828,1.22828,0.43636600000000003,7.75,7,1,0.9354,1,0.791914,0.791914,-0.43636600000000003,11.55,2
ENG-Premier League,2526,2025-11-30 Crystal Palace-Manchester United,1,2025,28901,2025-11-30 12:00:00,78,89,Crystal Palace,Manchester United,MUN,CRY,3,0.812,2,1.47768,1.47768,0.10324,8.947368421052632,1,0,1.9058000000000002,1,2.13561,1.37444,-0.10324,12.68421052631579,4
ENG-Premier League,2526,2025-11-30 Nottingham Forest-Brighton,1,2025,28904,2025-11-30 14:05:00,249,220,Nottingham Forest,Brighton,BRI,NOT,3,2.1597,2,2.0572,2.0572,1.0968749999999998,9.88,8,0,0.6342,0,0.960325,0.960325,-1.0968749999999998,13.173913043478262,11
ENG-Premier League,2526,2025-11-30 West Ham-Liverpool,1,2025,28907,2025-11-30 14:05:00,81,87,West Ham,Liverpool,LIV,WHU,3,2.4242,2,1.56793,1.56793,1.203778,8.478260869565217,9,0,0.3761,0,0.364152,0.364152,-1.203778,13.826086956521738,4
ENG-Premier League,2526,2025-12-02 Bournemouth-Everton,1,2025,28908,2025-12-02 19:30:00,73,72,Bournemouth,Everton,EVE,BOU,3,1.8410999999999997,1,1.19573,1.19573,0.560315,11.708333333333334,5,0,0.8400000000000001,0,0.635415,0.635415,-0.560315,11.285714285714286,7
ENG-Premier League,2526,2025-12-02 Fulham-Manchester City,1,2025,28912,2025-12-02 19:30:00,228,88,Fulham,Manchester City,MCI,FLH,3,2.1311999999999998,5,1.96225,1.96225,0.989615,17.636363636363637,5,0,0.6456,4,0.972635,0.972635,-0.989615,10.038461538461538,6
ENG-Premier League,2526,2025-12-02 Newcastle United-Tottenham,1,2025,28916,2025-12-02 20:15:00,86,82,Newcastle United,Tottenham,TOT,NEW,1,0.7545,2,1.05205,1.05205,-0.07235999999999998,12.95,4,1,1.9952999999999999,2,1.88558,1.12441,0.07235999999999998,7.76,5
ENG-Premier League,2526,2025-12-03 Arsenal-Brentford,1,2025,28909,2025-12-03 19:30:00,83,244,Arsenal,Brentford,BRE,ARS,0,0.19740000000000002,0,0.588716,0.588716,-2.0425440000000004,15.61111111111111,3,3,2.694,2,2.63126,2.63126,2.0425440000000004,6.925925925925926,4
ENG-Premier League,2526,2025-12-03 Brighton-Aston Villa,1,2025,28910,2025-12-03 19:30:00,220,71,Brighton,Aston Villa,AVL,BRI,3,2.1954999999999996,4,3.15745,3.15745,1.19447,14.421052631578947,11,0,0.6274000000000001,3,1.96298,1.96298,-1.19447,6.0,5
ENG-Premier League,2526,2025-12-03 Burnley-Crystal Palace,1,2025,28911,2025-12-03 19:30:00,92,78,Burnley,Crystal Palace,CRY,BUR,3,1.1972999999999998,1,0.987797,0.987797,-0.18072299999999997,24.785714285714285,4,0,1.4739,0,1.16852,1.16852,0.18072299999999997,9.76,9
ENG-Premier League,2526,2025-12-03 Leeds-Chelsea,1,2025,28913,2025-12-03 20:15:00,245,80,Leeds,Chelsea,CHE,LED,0,0.47669999999999996,1,0.964018,0.964018,-1.2406819999999998,5.714285714285714,8,3,2.3367,3,2.2047,2.2047,1.2406819999999998,23.88888888888889,3
ENG-Premier League,2526,2025-12-03 Liverpool-Sunderland,1,2025,28914,2025-12-03 20:15:00,87,77,Liverpool,Sunderland,SUN,LIV,1,0.7938999999999999,1,0.712662,0.712662,-0.663668,19.333333333333332,3,1,1.9108,1,1.37633,1.37633,0.663668,9.470588235294118,5
ENG-Premier League,2526,2025-12-03 Wolverhampton Wanderers-Nottingham Forest,1,2025,28917,2025-12-03 19:30:00,229,249,Wolverhampton Wanderers,Nottingham Forest,NOT,WOL,3,1.3606,1,1.12389,1.12389,0.09928000000000003,13.421052631578947,7,0,1.2841,0,1.02461,1.02461,-0.09928000000000003,9.173913043478262,2
ENG-Premier League,2526,2025-12-04 Manchester United-West Ham,1,2025,28915,2025-12-04 20:00:00,89,81,Manchester United,West Ham,WHU,MUN,1,0.7105999999999999,1,1.36584,1.36584,-0.9109000000000003,10.333333333333334,8,1,2.0681,1,2.27674,2.27674,0.9109000000000003,5.4,7
ENG-Premier League,2526,2025-12-06 Aston Villa-Arsenal,1,2025,28919,2025-12-06 12:30:00,71,83,Aston Villa,Arsenal,ARS,AVL,0,0.8340000000000001,1,1.85965,1.85965,-0.8602100000000001,9.636363636363637,9,3,1.9629,2,2.71986,2.71986,0.8602100000000001,13.470588235294118,11
ENG-Premier League,2526,2025-12-06 Bournemouth-Chelsea,1,2025,28918,2025-12-06 15:00:00,73,80,Bournemouth,Chelsea,CHE,BOU,1,0.6232,0,0.672602,0.672602,-0.746708,8.15,4,1,2.1058,0,1.41931,1.41931,0.746708,11.076923076923077,6
ENG-Premier League,2526,2025-12-06 Everton-Nottingham Forest,1,2025,28921,2025-12-06 15:00:00,72,249,Everton,Nottingham Forest,NOT,EVE,0,0.49910000000000004,0,0.31234,0.31234,-0.9411399999999999,5.8076923076923075,1,3,2.2379,3,1.25348,1.25348,0.9411399999999999,8.448275862068966,9
ENG-Premier League,2526,2025-12-06 Leeds-Liverpool,1,2025,28923,2025-12-06 17:30:00,245,87,Leeds,Liverpool,LIV,LED,1,1.5317,3,2.04805,2.04805,1.01589,10.136363636363637,5,1,1.214,3,1.79333,1.03216,-1.01589,15.0625,4
ENG-Premier League,2526,2025-12-06 Manchester City-Sunderland,1,2025,28924,2025-12-06 15:00:00,88,77,Manchester City,Sunderland,SUN,MCI,0,0.2988,0,0.626486,0.626486,-1.789564,13.19047619047619,1,3,2.5646999999999998,3,2.41605,2.41605,1.789564,16.785714285714285,7
ENG-Premier League,2526,2025-12-06 Newcastle United-Burnley,1,2025,28925,2025-12-06 15:00:00,86,92,Newcastle United,Burnley,BUR,NEW,0,1.1873999999999998,1,1.58375,0.822586,-0.22332399999999986,22.846153846153847,2,3,1.518,2,1.80708,1.04591,0.22332399999999986,7.166666666666667,13
ENG-Premier League,2526,2025-12-06 Tottenham-Brentford,1,2025,28926,2025-12-06 15:00:00,82,244,Tottenham,Brentford,BRE,TOT,0,0.17420000000000002,0,0.470563,0.470563,-1.953317,11.166666666666666,8,3,2.7239,2,2.42388,2.42388,1.953317,8.458333333333334,8
ENG-Premier League,2526,2025-12-07 Brighton-West Ham,1,2025,28920,2025-12-07 14:00:00,220,81,Brighton,West Ham,WHU,BRI,1,1.1159000000000001,1,1.7064,1.7064,-0.3943699999999999,17.733333333333334,3,1,1.6409,1,2.10077,2.10077,0.3943699999999999,6.045454545454546,8
ENG-Premier League,2526,2025-12-07 Fulham-Crystal Palace,1,2025,28922,2025-12-07 16:30:00,228,78,Fulham,Crystal Palace,CRY,FLH,3,2.092,2,1.71109,1.71109,0.944319,21.157894736842106,3,0,0.6637,1,0.766771,0.766771,-0.944319,12.157894736842104,5
ENG-Premier League,2526,2025-12-08 Wolverhampton Wanderers-Manchester United,1,2025,28927,2025-12-08 20:00:00,229,89,Wolverhampton Wanderers,Manchester United,MUN,WOL,3,2.9737000000000005,4,4.04708,3.28591,3.0237629999999998,4.583333333333333,10,0,0.015099999999999999,1,0.262147,0.262147,-3.0237629999999998,8.054054054054054,6
ENG-Premier League,2526,2025-12-13 Arsenal-Wolverhampton Wanderers,1,2025,28928,2025-12-13 20:00:00,83,229,Arsenal,Wolverhampton Wanderers,WOL,ARS,0,0.5785,1,0.61997,0.61997,-0.99799,15.2,3,3,2.1571000000000002,2,1.61796,1.61796,0.99799,9.416666666666666,12
ENG-Premier League,2526,2025-12-13 Burnley-Fulham,1,2025,28930,2025-12-13 17:30:00,92,228,Burnley,Fulham,FLH,BUR,3,1.0927,3,1.65053,1.65053,-0.4043300000000001,23.833333333333332,7,0,1.6566999999999998,2,2.05486,2.05486,0.4043300000000001,13.565217391304348,8
ENG-Premier League,2526,2025-12-13 Chelsea-Everton,1,2025,28931,2025-12-13 15:00:00,80,72,Chelsea,Everton,EVE,CHE,0,0.5821000000000001,0,1.34,1.34,-1.3045699999999998,15.2,4,3,2.2369000000000003,2,2.64457,2.64457,1.3045699999999998,8.173913043478262,6
ENG-Premier League,2526,2025-12-13 Liverpool-Brighton,1,2025,28933,2025-12-13 15:00:00,87,220,Liverpool,Brighton,BRI,LIV,0,0.9045,0,1.69004,1.69004,-0.7226600000000001,9.866666666666667,8,3,1.8756,2,2.4127,2.4127,0.7226600000000001,18.3125,12
ENG-Premier League,2526,2025-12-14 Brentford-Leeds,1,2025,28929,2025-12-14 16:30:00,244,245,Brentford,Leeds,LED,BRE,1,2.1303,1,1.63409,1.63409,0.937084,18.3125,9,1,0.6105,1,0.697006,0.697006,-0.937084,8.65,6
ENG-Premier League,2526,2025-12-14 Crystal Palace-Manchester City,1,2025,28932,2025-12-14 14:00:00,78,88,Crystal Palace,Manchester City,MCI,CRY,3,1.4515,3,1.35317,0.591996,-0.7089240000000001,13.0,3,0,1.2586000000000002,0,1.30092,1.30092,0.7089240000000001,13.37037037037037,8
ENG-Premier League,2526,2025-12-14 Nottingham Forest-Tottenham,1,2025,28935,2025-12-14 14:00:00,249,82,Nottingham Forest,Tottenham,TOT,NOT,0,0.1654,0,0.380246,0.380246,-1.9463339999999998,7.884615384615385,4,3,2.7379,3,2.32658,2.32658,1.9463339999999998,8.36,1
ENG-Premier League,2526,2025-12-14 Sunderland-Newcastle United,1,2025,28936,2025-12-14 14:00:00,77,86,Sunderland,Newcastle United,NEW,SUN,0,0.7123,0,0.169329,0.169329,-0.46071599999999996,10.4375,4,3,1.8202,1,0.630045,0.630045,0.46071599999999996,11.652173913043478,5
ENG-Premier League,2526,2025-12-14 West Ham-Aston Villa,1,2025,28937,2025-12-14 14:00:00,81,71,West Ham,Aston Villa,AVL,WHU,3,0.6824999999999999,3,0.595093,0.595093,-0.681917,10.857142857142858,3,0,2.0064,2,1.27701,1.27701,0.681917,12.428571428571429,0
ENG-Premier League,2526,2025-12-15 Manchester United-Bournemouth,1,2025,28934,2025-12-15 20:00:00,89,73,Manchester United,Bournemouth,BOU,MUN,1,0.8651,4,2.35196,2.35196,-0.86008,13.538461538461538,12,1,1.937,4,3.21204,3.21204,0.86008,6.055555555555555,18
ENG-Premier League,2526,2025-12-20 Bournemouth-Burnley,1,2025,28938,2025-12-20 15:00:00,73,92,Bournemouth,Burnley,BUR,BOU,1,0.34109999999999996,1,0.480528,0.480528,-1.337942,10.590909090909092,3,1,2.4666,1,1.81847,1.81847,1.337942,5.5,12
ENG-Premier League,2526,2025-12-20 Brighton-Sunderland,1,2025,28940,2025-12-20 15:00:00,220,77,Brighton,Sunderland,SUN,BRI,1,1.6883000000000001,0,1.31044,1.31044,0.39116800000000007,8.52,8,1,1.0229,0,0.919272,0.919272,-0.39116800000000007,9.882352941176471,10
ENG-Premier League,2526,2025-12-20 Everton-Arsenal,1,2025,28941,2025-12-20 20:00:00,72,83,Everton,Arsenal,ARS,EVE,3,2.7131,1,1.84723,1.08606,0.872787,13.857142857142858,13,0,0.17,0,0.213273,0.213273,-0.872787,24.11764705882353,0
ENG-Premier League,2526,2025-12-20 Leeds-Crystal Palace,1,2025,28943,2025-12-20 20:00:00,245,78,Leeds,Crystal Palace,CRY,LED,0,0.4698,1,1.53058,0.769407,-2.138453,8.758620689655173,5,3,2.3453999999999997,4,2.90786,2.90786,2.138453,10.473684210526315,7
ENG-Premier League,2526,2025-12-20 Manchester City-West Ham,1,2025,28944,2025-12-20 15:00:00,88,81,Manchester City,West Ham,WHU,MCI,0,0.1532,0,1.02143,1.02143,-2.56045,19.09090909090909,2,3,2.7782,3,3.58188,3.58188,2.56045,7.757575757575758,14
ENG-Premier League,2526,2025-12-20 Newcastle United-Chelsea,1,2025,28945,2025-12-20 12:30:00,86,80,Newcastle United,Chelsea,CHE,NEW,1,0.2691,2,1.0261,1.0261,-1.8525299999999998,9.15,7,1,2.6139,2,2.87863,2.87863,1.8525299999999998,8.296296296296296,7
ENG-Premier League,2526,2025-12-20 Tottenham-Liverpool,1,2025,28946,2025-12-20 17:30:00,82,87,Tottenham,Liverpool,LIV,TOT,3,1.2494,2,1.23164,1.23164,-0.11741000000000001,12.23076923076923,10,0,1.4414,1,1.34905,1.34905,0.11741000000000001,17.8125,2
ENG-Premier League,2526,2025-12-20 Wolverhampton Wanderers-Brentford,1,2025,28947,2025-12-20 15:00:00,229,244,Wolverhampton Wanderers,Brentford,BRE,WOL,3,1.5776000000000001,2,1.56309,1.56309,1.0560260000000001,6.233333333333333,9,0,1.13,0,1.26823,0.507064,-1.0560260000000001,13.318181818181818,6
ENG-Premier League,2526,2025-12-21 Aston Villa-Manchester United,1,2025,28939,2025-12-21 16:30:00,71,89,Aston Villa,Manchester United,MUN,AVL,0,0.8601000000000001,1,1.30455,1.30455,-0.5646199999999999,5.7894736842105265,8,3,1.8699,2,1.86917,1.86917,0.5646199999999999,11.521739130434783,1
ENG-Premier League,2526,2025-12-22 Fulham-Nottingham Forest,1,2025,28942,2025-12-22 20:00:00,228,249,Fulham,Nottingham Forest,NOT,FLH,0,0.3848,0,0.486296,0.486296,-0.458212,16.0,7,3,2.4221,1,1.70568,0.944508,0.458212,23.583333333333332,5
ENG-Premier League,2526,2025-12-26 Manchester United-Newcastle United,1,2025,28954,2025-12-26 20:00:00,89,86,Manchester United,Newcastle United,NEW,MUN,0,1.4795,0,1.12998,1.12998,0.18916900000000003,7.708333333333333,9,3,1.208,1,0.940811,0.940811,-0.18916900000000003,16.5,1
ENG-Premier League,2526,2025-12-27 Arsenal-Brighton,1,2025,28948,2025-12-27 15:00:00,83,220,Arsenal,Brighton,BRI,ARS,0,0.2768,1,0.710064,0.710064,-1.833116,10.826086956521738,6,3,2.5946,2,2.54318,2.54318,1.833116,13.882352941176471,8
ENG-Premier League,2526,2025-12-27 Brentford-Bournemouth,1,2025,28949,2025-12-27 15:00:00,244,73,Brentford,Bournemouth,BOU,BRE,0,1.1932,1,2.56183,2.56183,-0.2894700000000001,6.866666666666666,5,3,1.5703,4,2.8513,2.8513,0.2894700000000001,8.3,9
ENG-Premier League,2526,2025-12-27 Burnley-Everton,1,2025,28950,2025-12-27 15:00:00,92,72,Burnley,Everton,EVE,BUR,1,1.3984,0,1.25204,1.25204,0.0025600000000001177,11.619047619047619,6,1,1.3078,0,1.24948,1.24948,-0.0025600000000001177,8.428571428571429,4
ENG-Premier League,2526,2025-12-27 Chelsea-Aston Villa,1,2025,28951,2025-12-27 17:30:00,80,71,Chelsea,Aston Villa,AVL,CHE,3,1.444,2,2.05918,2.05918,0.0876300000000001,40.57142857142857,6,0,1.2811,1,1.97155,1.97155,-0.0876300000000001,4.794871794871795,11
ENG-Premier League,2526,2025-12-27 Liverpool-Wolverhampton Wanderers,1,2025,28953,2025-12-27 15:00:00,87,229,Liverpool,Wolverhampton Wanderers,WOL,LIV,0,0.6966,1,0.780664,0.780664,-0.784356,13.409090909090908,2,3,2.0151,2,1.56502,1.56502,0.784356,7.434782608695652,12
ENG-Premier League,2526,2025-12-27 Nottingham Forest-Manchester City,1,2025,28955,2025-12-27 12:30:00,249,88,Nottingham Forest,Manchester City,MCI,NOT,3,2.0779,2,1.46468,1.46468,0.864539,6.476190476190476,11,0,0.655,1,0.600141,0.600141,-0.864539,18.6875,4
ENG-Premier League,2526,2025-12-27 West Ham-Fulham,1,2025,28957,2025-12-27 15:00:00,81,228,West Ham,Fulham,FLH,WHU,3,1.3251,1,1.11436,1.11436,-0.022829999999999906,10.0,5,0,1.3638,0,1.13719,1.13719,0.022829999999999906,12.35,11
ENG-Premier League,2526,2025-12-28 Crystal Palace-Tottenham,1,2025,28952,2025-12-28 16:30:00,78,82,Crystal Palace,Tottenham,TOT,CRY,3,1.3333000000000002,1,0.870768,0.870768,-0.05891299999999999,33.111111111111114,6,0,1.3204,0,0.929681,0.929681,0.05891299999999999,7.260869565217392,16
ENG-Premier League,2526,2025-12-28 Sunderland-Leeds,1,2025,28956,2025-12-28 14:00:00,77,245,Sunderland,Leeds,LED,SUN,1,2.5662,1,2.60653,2.60653,1.8005729999999998,9.863636363636363,16,1,0.30510000000000004,1,0.805957,0.805957,-1.8005729999999998,20.333333333333332,5
ENG-Premier League,2526,2025-12-30 Arsenal-Aston Villa,1,2025,28958,2025-12-30 20:15:00,83,71,Arsenal,Aston Villa,AVL,ARS,0,0.5795,1,2.94195,2.94195,-1.4714000000000005,21.375,4,3,2.2514,4,4.41335,4.41335,1.4714000000000005,8.451612903225806,8
ENG-Premier League,2526,2025-12-30 Burnley-Newcastle United,1,2025,28960,2025-12-30 19:30:00,92,86,Burnley,Newcastle United,NEW,BUR,3,2.2210000000000005,3,2.49248,2.49248,1.16697,11.5,7,0,0.583,1,1.32551,1.32551,-1.16697,12.26086956521739,11
ENG-Premier League,2526,2025-12-30 Chelsea-Bournemouth,1,2025,28961,2025-12-30 19:30:00,80,73,Chelsea,Bournemouth,BOU,CHE,1,2.1684,2,3.49142,3.49142,1.9196500000000003,15.8125,8,1,0.6411,2,2.33294,1.57177,-1.9196500000000003,4.958333333333333,10
ENG-Premier League,2526,2025-12-30 Manchester United-Wolverhampton Wanderers,1,2025,28964,2025-12-30 20:15:00,89,229,Manchester United,Wolverhampton Wanderers,WOL,MUN,1,1.4411,1,1.21784,1.21784,0.08478000000000008,17.41176470588235,7,1,1.2485,1,1.13306,1.13306,-0.08478000000000008,7.666666666666667,6
ENG-Premier League,2526,2025-12-30 Nottingham Forest-Everton,1,2025,28965,2025-12-30 19:30:00,249,72,Nottingham Forest,Everton,EVE,NOT,3,1.3394,2,1.69525,1.69525,-0.05920000000000014,13.434782608695652,4,0,1.3967,0,1.75445,1.75445,0.05920000000000014,5.555555555555555,16
ENG-Premier League,2526,2025-12-30 West Ham-Brighton,1,2025,28967,2025-12-30 19:30:00,81,220,West Ham,Brighton,BRI,WHU,1,1.9821,2,3.08914,1.56681,0.05154000000000014,6.846153846153846,5,1,0.8082,2,2.27644,1.51527,-0.05154000000000014,14.523809523809524,5
ENG-Premier League,2526,2026-01-01 Brentford-Tottenham,1,2025,28959,2026-01-01 20:00:00,244,82,Brentford,Tottenham,TOT,BRE,1,1.3421,0,0.608309,0.608309,0.05200499999999997,18.9375,7,1,1.2242,0,0.556304,0.556304,-0.05200499999999997,7.607142857142857,3
ENG-Premier League,2526,2026-01-01 Crystal Palace-Fulham,1,2025,28962,2026-01-01 17:30:00,78,228,Crystal Palace,Fulham,FLH,CRY,1,0.9235000000000001,1,1.75434,1.75434,-0.5991200000000001,8.12,9,1,1.8459999999999999,1,2.35346,2.35346,0.5991200000000001,25.76923076923077,10
ENG-Premier League,2526,2026-01-01 Liverpool-Leeds,1,2025,28963,2026-01-01 17:30:00,87,245,Liverpool,Leeds,LED,LIV,1,0.1995,0,0.15936,0.15936,-1.5189700000000002,17.5,1,1,2.6571000000000002,0,1.67833,1.67833,1.5189700000000002,6.521739130434782,10
ENG-Premier League,2526,2026-01-01 Sunderland-Manchester City,1,2025,28966,2026-01-01 20:00:00,77,88,Sunderland,Manchester City,MCI,SUN,1,2.3851,0,2.44247,2.44247,1.4803290000000002,5.6923076923076925,17,1,0.4552,0,0.962141,0.962141,-1.4803290000000002,8.54054054054054,5
ENG-Premier League,2526,2026-01-03 Aston Villa-Nottingham Forest,1,2025,28972,2026-01-03 12:30:00,71,249,Aston Villa,Nottingham Forest,NOT,AVL,0,0.9106,1,0.8982,0.8982,-0.53168,14.608695652173912,3,3,1.8039999999999998,3,1.42988,1.42988,0.53168,4.03030303030303,20
ENG-Premier League,2526,2026-01-03 Bournemouth-Arsenal,1,2025,28971,2026-01-03 17:30:00,73,83,Bournemouth,Arsenal,ARS,BOU,3,1.6371,3,1.28,1.28,0.33215400000000006,7.954545454545454,9,0,1.0641,2,0.947846,0.947846,-0.33215400000000006,15.625,4
ENG-Premier League,2526,2026-01-03 Brighton-Burnley,1,2025,28973,2026-01-03 15:00:00,220,92,Brighton,Burnley,BUR,BRI,0,0.37870000000000004,0,0.254551,0.254551,-1.217149,14.206896551724139,1,3,2.3977,2,1.4717,1.4717,1.217149,12.263157894736842,6
ENG-Premier League,2526,2026-01-03 Wolverhampton Wanderers-West Ham,1,2025,28970,2026-01-03 15:00:00,229,81,Wolverhampton Wanderers,West Ham,WHU,WOL,0,0.1111,0,0.235678,0.235678,-1.242402,5.21875,6,3,2.8108000000000004,3,2.23925,1.47808,1.242402,28.0,2
ENG-Premier League,2526,2026-01-04 Everton-Brentford,1,2025,28974,2026-01-04 15:00:00,72,244,Everton,Brentford,BRE,EVE,3,2.5972,4,3.05179,3.05179,2.04613,9.2,5,0,0.2893,2,1.00566,1.00566,-2.04613,11.0,5
ENG-Premier League,2526,2026-01-04 Fulham-Liverpool,1,2025,28975,2026-01-04 15:00:00,228,87,Fulham,Liverpool,LIV,FLH,1,2.2775,2,1.7188,1.7188,1.1096180000000002,20.285714285714285,8,1,0.5047999999999999,2,0.609182,0.609182,-1.1096180000000002,18.666666666666668,4
ENG-Premier League,2526,2026-01-04 Leeds-Manchester United,1,2025,28976,2026-01-04 12:30:00,245,89,Leeds,Manchester United,MUN,LED,1,2.1113,1,1.94781,1.94781,0.9776720000000001,10.5,8,1,0.6536000000000001,1,0.970138,0.970138,-0.9776720000000001,8.82857142857143,11
ENG-Premier League,2526,2026-01-04 Manchester City-Chelsea,1,2025,28977,2026-01-04 17:30:00,88,80,Manchester City,Chelsea,CHE,MCI,1,2.2523,1,2.03726,2.03726,1.00677,13.16,2,1,0.5465,1,1.03049,1.03049,-1.00677,8.212121212121213,7
ENG-Premier League,2526,2026-01-04 Newcastle United-Crystal Palace,1,2025,28968,2026-01-04 15:00:00,86,78,Newcastle United,Crystal Palace,CRY,NEW,0,0.4227,0,1.27825,1.27825,-1.44939,9.266666666666667,9,3,2.412,2,2.72764,2.72764,1.44939,9.1875,10
ENG-Premier League,2526,2026-01-04 Tottenham-Sunderland,1,2025,28969,2026-01-04 15:00:00,82,77,Tottenham,Sunderland,SUN,TOT,1,0.4607,1,0.467481,0.467481,-0.950019,8.25,9,1,2.3072,1,1.4175,1.4175,0.950019,7.407407407407407,9
ENG-Premier League,2526,2026-01-06 West Ham-Nottingham Forest,1,2025,28987,2026-01-06 20:00:00,81,249,West Ham,Nottingham Forest,NOT,WHU,3,0.9863,2,1.26683,0.505666,-1.231304,12.0,8,0,1.7281999999999997,1,1.73697,1.73697,1.231304,9.947368421052632,7
ENG-Premier League,2526,2026-01-07 Bournemouth-Tottenham,1,2025,28979,2026-01-07 19:30:00,73,82,Bournemouth,Tottenham,TOT,BOU,0,1.7059,2,1.6261,1.6261,0.4359600000000001,9.222222222222221,8,3,1.0072,3,1.19014,1.19014,-0.4359600000000001,9.071428571428571,4
ENG-Premier League,2526,2026-01-07 Brentford-Sunderland,1,2025,28981,2026-01-07 19:30:00,244,77,Brentford,Sunderland,SUN,BRE,0,0.1961,0,1.50644,0.745273,-3.115687,10.631578947368421,5,3,2.7173,3,3.86096,3.86096,3.115687,14.1875,13
ENG-Premier League,2526,2026-01-07 Burnley-Manchester United,1,2025,28982,2026-01-07 20:15:00,92,89,Burnley,Manchester United,MUN,BUR,1,2.7248,2,2.52488,2.52488,2.20517,8.333333333333334,13,1,0.1727,2,0.31971,0.31971,-2.20517,11.807692307692308,1
ENG-Premier League,2526,2026-01-07 Crystal Palace-Aston Villa,1,2025,28983,2026-01-07 19:30:00,78,71,Crystal Palace,Aston Villa,AVL,CRY,1,1.9556,0,2.07015,2.07015,0.7450999999999999,13.466666666666667,10,1,0.8117,0,1.32505,1.32505,-0.7450999999999999,19.333333333333332,8
ENG-Premier League,2526,2026-01-07 Everton-Wolverhampton Wanderers,1,2025,28978,2026-01-07 19:30:00,72,229,Everton,Wolverhampton Wanderers,WOL,EVE,1,0.6043000000000001,1,0.71329,0.71329,-0.9199200000000001,10.526315789473685,5,1,2.1634,1,1.63321,1.63321,0.9199200000000001,10.208333333333334,2
ENG-Premier League,2526,2026-01-07 Fulham-Chelsea,1,2025,28984,2026-01-07 19:30:00,228,80,Fulham,Chelsea,CHE,FLH,0,2.3612,1,2.45107,2.45107,1.39094,12.608695652173912,5,3,0.47419999999999995,2,1.06013,1.06013,-1.39094,10.592592592592593,15
ENG-Premier League,2526,2026-01-07 Manchester City-Brighton,1,2025,28985,2026-01-07 19:30:00,88,220,Manchester City,Brighton,BRI,MCI,1,0.41,1,1.33162,1.33162,-0.86625,12.4,1,1,2.4293,1,2.95904,2.19787,0.86625,9.592592592592593,13
ENG-Premier League,2526,2026-01-07 Newcastle United-Leeds,1,2025,28986,2026-01-07 20:15:00,86,245,Newcastle United,Leeds,LED,NEW,0,1.2912,3,2.35318,1.59201,-0.08177000000000012,10.933333333333334,5,3,1.4559000000000002,4,2.43495,1.67378,0.08177000000000012,8.15,8
ENG-Premier League,2526,2026-01-08 Arsenal-Liverpool,1,2025,28980,2026-01-08 20:00:00,83,87,Arsenal,Liverpool,LIV,ARS,1,0.8744000000000001,0,0.318642,0.318642,-0.38319000000000003,19.181818181818183,0,1,1.6844,0,0.701832,0.701832,0.38319000000000003,13.380952380952381,10
ENG-Premier League,2526,2026-01-17 Chelsea-Brentford,1,2025,28990,2026-01-17 15:00:00,80,244,Chelsea,Brentford,BRE,CHE,0,1.1815,0,1.47521,1.47521,0.6137489999999999,10.538461538461538,9,3,1.5375999999999999,2,1.62263,0.861461,-0.6137489999999999,17.941176470588236,1
ENG-Premier League,2526,2026-01-17 Leeds-Fulham,1,2025,28991,2026-01-17 15:00:00,245,228,Leeds,Fulham,FLH,LED,0,0.1754,0,0.258796,0.258796,-1.9101839999999999,11.8,4,3,2.7083,1,2.16898,2.16898,1.9101839999999999,17.157894736842106,5
ENG-Premier League,2526,2026-01-17 Liverpool-Burnley,1,2025,28992,2026-01-17 15:00:00,87,92,Liverpool,Burnley,BUR,LIV,1,0.0767,1,0.546971,0.546971,-2.182309,16.58823529411765,5,1,2.8823000000000003,1,3.49045,2.72928,2.182309,6.9411764705882355,27
ENG-Premier League,2526,2026-01-17 Manchester United-Manchester City,1,2025,28993,2026-01-17 12:30:00,89,88,Manchester United,Manchester City,MCI,MUN,0,0.08460000000000001,0,0.387015,0.387015,-2.685765,6.571428571428571,11,3,2.8665000000000003,2,3.07278,3.07278,2.685765,15.85,4
ENG-Premier League,2526,2026-01-17 Nottingham Forest-Arsenal,1,2025,28994,2026-01-17 17:30:00,249,83,Nottingham Forest,Arsenal,ARS,NOT,1,2.8794,0,2.86323,2.86323,2.5447490000000004,6.3,12,1,0.0732,0,0.318481,0.318481,-2.5447490000000004,31.555555555555557,5
ENG-Premier League,2526,2026-01-17 Sunderland-Crystal Palace,1,2025,28995,2026-01-17 15:00:00,77,78,Sunderland,Crystal Palace,CRY,SUN,0,0.8102,1,1.15169,1.15169,-0.6943199999999998,12.15,2,3,1.9298,2,1.84601,1.84601,0.6943199999999998,8.157894736842104,2
ENG-Premier League,2526,2026-01-17 Tottenham-West Ham,1,2025,28996,2026-01-17 15:00:00,82,81,Tottenham,West Ham,WHU,TOT,3,2.1685,2,2.76761,2.76761,1.11469,12.05,3,0,0.6295,1,1.65292,1.65292,-1.11469,5.793103448275862,11
ENG-Premier League,2526,2026-01-18 Aston Villa-Everton,1,2025,28988,2026-01-18 16:30:00,71,72,Aston Villa,Everton,EVE,AVL,3,1.2161,1,0.745859,0.745859,-0.15953399999999995,11.25,3,0,1.4266999999999999,0,0.905393,0.905393,0.15953399999999995,7.894736842105263,10
ENG-Premier League,2526,2026-01-18 Wolverhampton Wanderers-Newcastle United,1,2025,28997,2026-01-18 14:00:00,229,86,Wolverhampton Wanderers,Newcastle United,NEW,WOL,1,1.7229,0,0.813313,0.813313,0.42309699999999995,7.6,7,1,0.8858999999999999,0,0.390216,0.390216,-0.42309699999999995,25.0,5
ENG-Premier League,2526,2026-01-19 Brighton-Bournemouth,1,2025,28989,2026-01-19 20:00:00,220,73,Brighton,Bournemouth,BOU,BRI,1,1.9743000000000002,1,1.69737,0.936204,-0.05957299999999999,22.384615384615383,7,1,0.78,1,0.995777,0.995777,0.05957299999999999,6.65,8
ENG-Premier League,2526,2026-01-24 Bournemouth-Liverpool,1,2025,28998,2026-01-24 17:30:00,73,87,Bournemouth,Liverpool,LIV,BOU,0,0.1613,2,0.937335,0.937335,-2.377405,9.875,18,3,2.7662,3,3.31474,3.31474,2.377405,34.0,7
ENG-Premier League,2526,2026-01-24 Burnley-Tottenham,1,2025,29001,2026-01-24 15:00:00,92,82,Burnley,Tottenham,TOT,BUR,1,2.1158,2,2.59093,2.59093,1.0420900000000002,7.518518518518518,4,1,0.6716,2,1.54884,1.54884,-1.0420900000000002,11.724137931034482,5
ENG-Premier League,2526,2026-01-24 Fulham-Brighton,1,2025,29004,2026-01-24 15:00:00,228,220,Fulham,Brighton,BRI,FLH,0,2.0177,1,1.94652,1.94652,0.81409,13.652173913043478,6,3,0.7442,2,1.13243,1.13243,-0.81409,17.529411764705884,7
ENG-Premier League,2526,2026-01-24 Manchester City-Wolverhampton Wanderers,1,2025,29005,2026-01-24 15:00:00,88,229,Manchester City,Wolverhampton Wanderers,WOL,MCI,0,0.8474,0,0.542683,0.542683,-0.5227169999999999,20.61111111111111,2,3,1.8209,2,1.0654,1.0654,0.5227169999999999,5.923076923076923,10
ENG-Premier League,2526,2026-01-24 West Ham-Sunderland,1,2025,29007,2026-01-24 12:30:00,81,77,West Ham,Sunderland,SUN,WHU,0,0.344,1,0.713838,0.713838,-0.7117420000000001,8.590909090909092,1,3,2.4935,3,2.18675,1.42558,0.7117420000000001,13.944444444444445,5
ENG-Premier League,2526,2026-01-25 Arsenal-Manchester United,1,2025,28999,2026-01-25 16:30:00,83,89,Arsenal,Manchester United,MUN,ARS,3,0.6517,3,0.640902,0.640902,-0.783208,12.058823529411764,1,0,2.0776,2,1.42411,1.42411,0.783208,8.608695652173912,12
ENG-Premier League,2526,2026-01-25 Brentford-Nottingham Forest,1,2025,29000,2026-01-25 14:00:00,244,249,Brentford,Nottingham Forest,NOT,BRE,3,0.8089,2,1.38958,1.38958,-0.6145499999999999,17.0,3,0,1.9017999999999997,0,2.00413,2.00413,0.6145499999999999,5.3076923076923075,13
ENG-Premier League,2526,2026-01-25 Crystal Palace-Chelsea,1,2025,29002,2026-01-25 14:00:00,78,80,Crystal Palace,Chelsea,CHE,CRY,3,1.8348999999999998,3,3.08817,2.327,-0.09093000000000018,9.307692307692308,4,0,0.9526,1,2.41793,2.41793,0.09093000000000018,17.416666666666668,5
ENG-Premier League,2526,2026-01-25 Newcastle United-Aston Villa,1,2025,29006,2026-01-25 14:00:00,86,71,Newcastle United,Aston Villa,AVL,NEW,3,0.8787,2,1.32143,1.32143,-0.6334099999999998,11.291666666666666,6,0,1.8803999999999998,0,1.95484,1.95484,0.6334099999999998,6.545454545454546,4
ENG-Premier League,2526,2026-01-26 Everton-Leeds,1,2025,29003,2026-01-26 20:00:00,72,245,Everton,Leeds,LED,EVE,1,2.0182,1,1.6766,1.6766,0.786684,10.272727272727273,7,1,0.7228,1,0.889916,0.889916,-0.786684,12.777777777777779,6
ENG-Premier League,2526,2026-01-31 Brighton-Everton,1,2025,29010,2026-01-31 15:00:00,220,72,Brighton,Everton,EVE,BRI,1,1.234,1,1.28126,1.28126,-0.14698999999999995,16.555555555555557,7,1,1.4662,1,1.42825,1.42825,0.14698999999999995,7.333333333333333,9
ENG-Premier League,2526,2026-01-31 Chelsea-West Ham,1,2025,29009,2026-01-31 17:30:00,80,81,Chelsea,West Ham,WHU,CHE,0,0.7209,2,1.72585,1.72585,-0.9354799999999999,32.333333333333336,6,3,2.058,3,2.66133,2.66133,0.9354799999999999,5.038461538461538,6
ENG-Premier League,2526,2026-01-31 Leeds-Arsenal,1,2025,29015,2026-01-31 15:00:00,245,83,Leeds,Arsenal,ARS,LED,3,2.9532,4,3.54427,3.54427,3.36556,12.210526315789474,6,0,0.0267,0,0.17871,0.17871,-3.36556,9.590909090909092,1
ENG-Premier League,2526,2026-01-31 Liverpool-Newcastle United,1,2025,29014,2026-01-31 20:00:00,87,86,Liverpool,Newcastle United,NEW,LIV,0,0.07250000000000001,1,0.284319,0.284319,-2.815411,17.083333333333332,6,3,2.8832,4,3.09973,3.09973,2.815411,10.052631578947368,11
ENG-Premier League,2526,2026-01-31 Wolverhampton Wanderers-Bournemouth,1,2025,29017,2026-01-31 15:00:00,229,73,Wolverhampton Wanderers,Bournemouth,BOU,WOL,3,1.0088,2,1.59116,1.59116,-0.5123700000000002,12.208333333333334,4,0,1.7312,0,2.10353,2.10353,0.5123700000000002,13.571428571428571,5
ENG-Premier League,2526,2026-02-01 Aston Villa-Brentford,1,2025,29008,2026-02-01 14:00:00,71,244,Aston Villa,Brentford,BRE,AVL,3,0.2368,1,0.314916,0.314916,-1.8382440000000002,18.23076923076923,2,0,2.6269,0,2.15316,2.15316,1.8382440000000002,8.625,20
ENG-Premier League,2526,2026-02-01 Manchester United-Fulham,1,2025,29012,2026-02-01 14:00:00,89,228,Manchester United,Fulham,FLH,MUN,0,1.2828,2,1.71998,0.95881,-0.88481,11.842105263157896,7,3,1.4507999999999999,3,1.84362,1.84362,0.88481,19.352941176470587,7
ENG-Premier League,2526,2026-02-01 Nottingham Forest-Crystal Palace,1,2025,29013,2026-02-01 14:00:00,249,78,Nottingham Forest,Crystal Palace,CRY,NOT,1,1.9155000000000002,1,1.648,0.886826,-0.10042799999999996,4.645161290322581,10,1,0.8073,1,0.987254,0.987254,0.10042799999999996,34.75,3
ENG-Premier League,2526,2026-02-01 Tottenham-Manchester City,1,2025,29016,2026-02-01 16:30:00,82,88,Tottenham,Manchester City,MCI,TOT,1,1.7692999999999999,2,2.03614,2.03614,0.5387600000000001,9.6,7,1,0.992,2,1.49738,1.49738,-0.5387600000000001,11.633333333333333,10
ENG-Premier League,2526,2026-02-02 Sunderland-Burnley,1,2025,29011,2026-02-02 20:00:00,77,92,Sunderland,Burnley,BUR,SUN,0,0.14429999999999998,0,0.126371,0.126371,-1.760129,10.695652173913043,2,3,2.7438,3,1.8865,1.8865,1.760129,19.666666666666668,7
ENG-Premier League,2526,2026-02-06 Leeds-Nottingham Forest,1,2025,29023,2026-02-06 20:00:00,245,249,Leeds,Nottingham Forest,NOT,LED,0,0.388,1,1.6608,1.6608,-1.72099,21.5,6,3,2.4720999999999997,3,3.38179,3.38179,1.72099,9.15,10
ENG-Premier League,2526,2026-02-07 Arsenal-Sunderland,1,2025,29019,2026-02-07 15:00:00,83,77,Arsenal,Sunderland,SUN,ARS,0,0.6584,0,0.427225,0.427225,-0.766785,13.714285714285714,1,3,2.0242999999999998,3,1.19401,1.19401,0.766785,9.076923076923077,9
ENG-Premier League,2526,2026-02-07 Bournemouth-Aston Villa,1,2025,29018,2026-02-07 15:00:00,73,71,Bournemouth,Aston Villa,AVL,BOU,1,0.5115,1,0.646496,0.646496,-1.179964,13.588235294117647,8,1,2.2787999999999995,1,1.82646,1.82646,1.179964,11.941176470588236,6
ENG-Premier League,2526,2026-02-07 Burnley-West Ham,1,2025,29021,2026-02-07 15:00:00,92,81,Burnley,West Ham,WHU,BUR,3,0.8090999999999999,2,1.1223,1.1223,-0.72414,14.466666666666667,4,0,1.9272,0,1.84644,1.84644,0.72414,11.434782608695652,6
ENG-Premier League,2526,2026-02-07 Fulham-Everton,1,2025,29022,2026-02-07 15:00:00,228,72,Fulham,Everton,EVE,FLH,3,1.1731,2,1.88778,1.88778,-0.31348,12.727272727272727,6,0,1.5973000000000002,1,2.20126,2.20126,0.31348,12.823529411764707,11
ENG-Premier League,2526,2026-02-07 Manchester United-Tottenham,1,2025,29025,2026-02-07 12:30:00,89,82,Manchester United,Tottenham,TOT,MUN,0,0.35509999999999997,0,0.593404,0.593404,-1.572356,20.2,8,3,2.4863,2,2.16576,2.16576,1.572356,8.954545454545455,18
ENG-Premier League,2526,2026-02-07 Newcastle United-Brentford,1,2025,29026,2026-02-07 17:30:00,86,244,Newcastle United,Brentford,BRE,NEW,3,0.3922,3,1.65022,0.889048,-1.6712820000000002,11.05,11,0,2.4699999999999998,2,3.3215,2.56033,1.6712820000000002,17.333333333333332,8
ENG-Premier League,2526,2026-02-07 Wolverhampton Wanderers-Chelsea,1,2025,29027,2026-02-07 15:00:00,229,80,Wolverhampton Wanderers,Chelsea,CHE,WOL,3,2.8028999999999997,3,3.76278,2.24044,1.12672,9.48,10,0,0.1347,1,1.11372,1.11372,-1.12672,34.6,6
ENG-Premier League,2526,2026-02-08 Brighton-Crystal Palace,1,2025,29020,2026-02-08 14:00:00,220,78,Brighton,Crystal Palace,CRY,BRI,3,1.5053,1,0.928404,0.928404,0.19060600000000005,20.444444444444443,6,0,1.1303,0,0.737798,0.737798,-0.19060600000000005,7.571428571428571,3
ENG-Premier League,2526,2026-02-08 Liverpool-Manchester City,1,2025,29024,2026-02-08 16:30:00,87,88,Liverpool,Manchester City,MCI,LIV,3,2.2124,2,2.41476,1.65359,0.3870699999999998,7.44,12,0,0.5914999999999999,1,1.26652,1.26652,-0.3870699999999998,19.666666666666668,8
ENG-Premier League,2526,2026-02-10 Chelsea-Leeds,1,2025,29030,2026-02-10 19:30:00,80,245,Chelsea,Leeds,LED,CHE,1,0.25880000000000003,2,1.28948,0.528313,-1.922277,24.764705882352942,2,1,2.6114,2,3.21176,2.45059,1.922277,10.4,9
ENG-Premier League,2526,2026-02-10 Everton-Bournemouth,1,2025,29032,2026-02-10 19:30:00,72,73,Everton,Bournemouth,BOU,EVE,3,0.7162,2,1.4121,1.4121,-0.15787000000000018,13.0,5,0,2.0488,1,2.33114,1.56997,0.15787000000000018,8.4,5
ENG-Premier League,2526,2026-02-10 Tottenham-Newcastle United,1,2025,29036,2026-02-10 19:30:00,82,86,Tottenham,Newcastle United,NEW,TOT,3,1.9274,2,2.46991,2.46991,0.7806600000000001,8.407407407407407,11,0,0.8519,1,1.68925,1.68925,-0.7806600000000001,7.363636363636363,9
ENG-Premier League,2526,2026-02-10 West Ham-Manchester United,1,2025,29037,2026-02-10 20:15:00,81,89,West Ham,Manchester United,MUN,WHU,1,0.7972000000000001,1,0.735767,0.735767,-0.5716930000000001,10.666666666666666,5,1,1.909,1,1.30746,1.30746,0.5716930000000001,15.714285714285714,1
ENG-Premier League,2526,2026-02-11 Aston Villa-Brighton,1,2025,29028,2026-02-11 19:30:00,71,220,Aston Villa,Brighton,BRI,AVL,0,1.186,0,0.481306,0.481306,-0.09483200000000003,8.379310344827585,5,3,1.3666,1,0.576138,0.576138,0.09483200000000003,16.142857142857142,10
ENG-Premier League,2526,2026-02-11 Crystal Palace-Burnley,1,2025,29031,2026-02-11 19:30:00,78,92,Crystal Palace,Burnley,BUR,CRY,3,0.4368,3,0.691273,0.691273,-1.4363270000000001,18.705882352941178,5,0,2.3823,2,2.1276,2.1276,1.4363270000000001,7.684210526315789,15
ENG-Premier League,2526,2026-02-11 Manchester City-Fulham,1,2025,29033,2026-02-11 19:30:00,88,228,Manchester City,Fulham,FLH,MCI,0,0.8878999999999999,0,1.05283,1.05283,-0.62439,17.476190476190474,3,3,1.8575,3,1.67722,1.67722,0.62439,14.571428571428571,5
ENG-Premier League,2526,2026-02-11 Nottingham Forest-Wolverhampton Wanderers,1,2025,29034,2026-02-11 19:30:00,249,229,Nottingham Forest,Wolverhampton Wanderers,WOL,NOT,1,0.0375,0,0.406959,0.406959,-3.283981,9.916666666666666,2,1,2.9376,0,3.69094,3.69094,3.283981,7.181818181818182,13
ENG-Premier League,2526,2026-02-11 Sunderland-Liverpool,1,2025,29035,2026-02-11 20:15:00,77,87,Sunderland,Liverpool,LIV,SUN,3,2.7369,1,3.08172,3.08172,2.3879259999999998,9.857142857142858,10,0,0.1827,0,0.693794,0.693794,-2.3879259999999998,11.421052631578947,8
ENG-Premier League,2526,2026-02-12 Brentford-Arsenal,1,2025,29029,2026-02-12 20:00:00,244,83,Brentford,Arsenal,ARS,BRE,1,0.6291,1,0.78418,0.78418,-1.0273599999999998,8.090909090909092,9,1,2.1405000000000003,1,1.81154,1.81154,1.0273599999999998,9.523809523809524,5
ENG-Premier League,2526,2026-02-18 Wolverhampton Wanderers-Arsenal,1,2025,29087,2026-02-18 20:00:00,229,83,Wolverhampton Wanderers,Arsenal,ARS,WOL,1,2.7840999999999996,2,2.01018,2.01018,1.837061,8.208333333333334,5,1,0.1297,2,0.173119,0.173119,-1.837061,11.444444444444445,4
ENG-Premier League,2526,2026-02-21 Aston Villa-Leeds,1,2025,29038,2026-02-21 15:00:00,71,245,Aston Villa,Leeds,LED,AVL,1,1.3724,1,1.27855,1.27855,0.02416000000000018,9.88,3,1,1.3373,1,1.25439,1.25439,-0.02416000000000018,5.333333333333333,11
ENG-Premier League,2526,2026-02-21 Brentford-Brighton,1,2025,29039,2026-02-21 15:00:00,244,220,Brentford,Brighton,BRI,BRE,3,1.0887,2,1.37203,1.37203,-0.3181999999999998,9.037037037037036,5,0,1.6272,0,1.69023,1.69023,0.3181999999999998,15.307692307692308,8
ENG-Premier League,2526,2026-02-21 Chelsea-Burnley,1,2025,29040,2026-02-21 15:00:00,80,92,Chelsea,Burnley,BUR,CHE,1,0.38570000000000004,1,1.01255,1.01255,-1.50279,15.631578947368421,4,1,2.4515,1,2.51534,2.51534,1.50279,7.681818181818182,12
ENG-Premier League,2526,2026-02-21 Manchester City-Newcastle United,1,2025,29043,2026-02-21 20:00:00,88,86,Manchester City,Newcastle United,NEW,MCI,0,0.28280000000000005,1,0.507954,0.507954,-1.718526,8.192307692307692,1,3,2.5799000000000003,2,2.22648,2.22648,1.718526,9.565217391304348,11
ENG-Premier League,2526,2026-02-21 West Ham-Bournemouth,1,2025,29047,2026-02-21 17:30:00,81,73,West Ham,Bournemouth,BOU,WHU,1,0.24330000000000002,0,0.522731,0.522731,-1.8213890000000004,7.6521739130434785,3,1,2.6363999999999996,0,2.34412,2.34412,1.8213890000000004,12.454545454545455,8
ENG-Premier League,2526,2026-02-22 Crystal Palace-Wolverhampton Wanderers,1,2025,29041,2026-02-22 14:00:00,78,229,Crystal Palace,Wolverhampton Wanderers,WOL,CRY,0,1.0848,0,1.67749,0.916319,-1.119271,10.0,5,3,1.6461000000000001,1,2.03559,2.03559,1.119271,6.05,4
ENG-Premier League,2526,2026-02-22 Nottingham Forest-Liverpool,1,2025,29044,2026-02-22 14:00:00,249,87,Nottingham Forest,Liverpool,LIV,NOT,3,2.5054,1,2.39634,2.39634,1.4615719999999999,9.090909090909092,3,0,0.346,0,0.934768,0.934768,-1.4615719999999999,10.6,2
ENG-Premier League,2526,2026-02-22 Sunderland-Fulham,1,2025,29045,2026-02-22 14:00:00,77,228,Sunderland,Fulham,FLH,SUN,3,1.6787999999999998,3,2.16696,1.40579,0.4060600000000001,12.047619047619047,8,0,1.0548,1,1.7609,0.99973,-0.4060600000000001,16.416666666666668,16
ENG-Premier League,2526,2026-02-22 Tottenham-Arsenal,1,2025,29046,2026-02-22 16:30:00,82,83,Tottenham,Arsenal,ARS,TOT,3,2.8933999999999997,4,3.31701,3.31701,2.9337459999999997,5.733333333333333,9,0,0.0665,1,0.383264,0.383264,-2.9337459999999997,7.464285714285714,0
ENG-Premier League,2526,2026-02-23 Everton-Manchester United,1,2025,29042,2026-02-23 20:00:00,72,89,Everton,Manchester United,MUN,EVE,3,2.1872,1,1.4547,1.4547,0.8937760000000001,13.833333333333334,5,0,0.5678,0,0.560924,0.560924,-0.8937760000000001,10.958333333333334,6
ENG-Premier League,2526,2026-02-27 Wolverhampton Wanderers-Aston Villa,1,2025,29057,2026-02-27 20:00:00,229,71,Wolverhampton Wanderers,Aston Villa,AVL,WOL,0,1.1668,0,1.31328,1.31328,-0.1944300000000001,5.333333333333333,7,3,1.5504999999999998,2,1.50771,1.50771,0.1944300000000001,17.105263157894736,1
ENG-Premier League,2526,2026-02-28 Bournemouth-Sunderland,1,2025,29048,2026-02-28 12:30:00,73,77,Bournemouth,Sunderland,SUN,BOU,1,0.8050999999999999,1,1.07887,1.07887,-0.7454700000000001,5.911764705882353,1,1,1.9301000000000001,1,1.82434,1.82434,0.7454700000000001,4.777777777777778,9
ENG-Premier League,2526,2026-02-28 Burnley-Brentford,1,2025,29051,2026-02-28 15:00:00,92,244,Burnley,Brentford,BRE,BUR,3,2.5303,4,2.44595,2.44595,1.6221259999999997,6.555555555555555,9,0,0.3262,3,0.823824,0.823824,-1.6221259999999997,16.176470588235293,4
ENG-Premier League,2526,2026-02-28 Leeds-Manchester City,1,2025,29053,2026-02-28 17:30:00,245,88,Leeds,Manchester City,MCI,LED,3,2.1835,1,2.46834,2.46834,1.0901,17.0,6,0,0.6187,0,1.37824,1.37824,-1.0901,15.35,4
ENG-Premier League,2526,2026-02-28 Liverpool-West Ham,1,2025,29054,2026-02-28 15:00:00,87,81,Liverpool,West Ham,WHU,LIV,0,0.8714,2,1.3517,1.3517,-0.7476900000000002,7.423076923076923,5,3,1.8947,5,2.09939,2.09939,0.7476900000000002,9.416666666666666,14
ENG-Premier League,2526,2026-02-28 Newcastle United-Everton,1,2025,29056,2026-02-28 15:00:00,86,72,Newcastle United,Everton,EVE,NEW,3,2.4895,3,2.40731,2.40731,1.28842,16.0,4,0,0.3415,2,1.11889,1.11889,-1.28842,4.866666666666666,13
ENG-Premier League,2526,2026-03-01 Arsenal-Chelsea,1,2025,29049,2026-03-01 16:30:00,83,80,Arsenal,Chelsea,CHE,ARS,0,1.0801,1,1.35268,1.35268,-0.36329999999999996,8.952380952380953,4,3,1.6273,2,1.71598,1.71598,0.36329999999999996,15.181818181818182,10
ENG-Premier League,2526,2026-03-01 Brighton-Nottingham Forest,1,2025,29050,2026-03-01 14:00:00,220,249,Brighton,Nottingham Forest,NOT,BRI,0,1.0361,1,0.83055,0.83055,-0.37052000000000007,14.904761904761905,2,3,1.6604,2,1.20107,1.20107,0.37052000000000007,9.413793103448276,10
ENG-Premier League,2526,2026-03-01 Fulham-Tottenham,1,2025,29052,2026-03-01 14:00:00,228,82,Fulham,Tottenham,TOT,FLH,0,0.5136999999999999,1,0.952091,0.952091,-1.368609,12.434782608695652,6,3,2.3034999999999997,2,2.3207,2.3207,1.368609,10.476190476190476,12
ENG-Premier League,2526,2026-03-01 Manchester United-Crystal Palace,1,2025,29055,2026-03-01 14:00:00,89,78,Manchester United,Crystal Palace,CRY,MUN,0,0.1676,1,0.384699,0.384699,-1.200221,14.857142857142858,5,3,2.7323,2,2.34609,1.58492,1.200221,11.19047619047619,8
ENG-Premier League,2526,2026-03-03 Bournemouth-Brentford,1,2025,29058,2026-03-03 19:30:00,73,244,Bournemouth,Brentford,BRE,BOU,1,0.3264,0,0.673328,0.673328,-1.6443719999999997,8.363636363636363,4,1,2.5221,0,2.3177,2.3177,1.6443719999999997,10.416666666666666,12
ENG-Premier League,2526,2026-03-03 Everton-Burnley,1,2025,29061,2026-03-03 19:30:00,72,92,Everton,Burnley,BUR,EVE,0,1.0072,0,0.762229,0.762229,-0.39622099999999993,14.238095238095237,2,3,1.6492,2,1.15845,1.15845,0.39622099999999993,12.041666666666666,4
ENG-Premier League,2526,2026-03-03 Leeds-Sunderland,1,2025,29063,2026-03-03 19:30:00,245,77,Leeds,Sunderland,SUN,LED,3,1.3852,1,0.843856,0.0826876,-0.8055444,15.476190476190476,1,0,1.2505,0,0.888232,0.888232,0.8055444,3.962962962962963,7
ENG-Premier League,2526,2026-03-03 Wolverhampton Wanderers-Liverpool,1,2025,29067,2026-03-03 20:15:00,229,87,Wolverhampton Wanderers,Liverpool,LIV,WOL,0,2.4928,1,2.17217,2.17217,1.536137,7.142857142857143,10,3,0.3412,2,0.636033,0.636033,-1.536137,22.357142857142858,1
ENG-Premier League,2526,2026-03-04 Aston Villa-Chelsea,1,2025,29059,2026-03-04 19:30:00,71,80,Aston Villa,Chelsea,CHE,AVL,3,2.7303,4,3.38883,3.38883,2.32029,12.666666666666666,12,0,0.1863,1,1.06854,1.06854,-2.32029,22.88888888888889,6
ENG-Premier League,2526,2026-03-04 Brighton-Arsenal,1,2025,29060,2026-03-04 19:30:00,220,83,Brighton,Arsenal,ARS,BRI,3,0.9373,1,0.514803,0.514803,-0.40442500000000003,12.142857142857142,3,0,1.6939,0,0.919228,0.919228,0.40442500000000003,7.125,6
ENG-Premier League,2526,2026-03-04 Fulham-West Ham,1,2025,29062,2026-03-04 19:30:00,228,81,Fulham,West Ham,WHU,FLH,3,2.1376,1,1.49528,1.49528,0.867157,18.941176470588236,3,0,0.6202,0,0.628123,0.628123,-0.867157,10.590909090909092,9
ENG-Premier League,2526,2026-03-04 Manchester City-Nottingham Forest,1,2025,29064,2026-03-04 19:30:00,88,249,Manchester City,Nottingham Forest,NOT,MCI,1,0.47,2,1.23642,1.23642,-1.49013,27.583333333333332,3,1,2.3648,2,2.72655,2.72655,1.49013,10.631578947368421,14
ENG-Premier League,2526,2026-03-04 Newcastle United-Manchester United,1,2025,29065,2026-03-04 20:15:00,86,89,Newcastle United,Manchester United,MUN,NEW,0,1.2093,1,1.80571,1.80571,0.6005099999999999,6.821428571428571,11,3,1.5363,2,1.96637,1.2052,-0.6005099999999999,8.62962962962963,8
ENG-Premier League,2526,2026-03-05 Tottenham-Crystal Palace,1,2025,29066,2026-03-05 20:00:00,82,78,Tottenham,Crystal Palace,CRY,TOT,3,1.8688,3,1.91515,1.15398,-0.1421699999999999,10.529411764705882,9,0,0.8736999999999999,1,1.29615,1.29615,0.1421699999999999,13.857142857142858,3
ENG-Premier League,2526,2026-03-14 Arsenal-Everton,1,2025,29068,2026-03-14 17:30:00,83,72,Arsenal,Everton,EVE,ARS,0,0.8188,0,1.17847,1.17847,-0.7300800000000001,15.666666666666666,1,3,1.9309,2,1.90855,1.90855,0.7300800000000001,7.782608695652174,10
ENG-Premier League,2526,2026-03-14 Burnley-Bournemouth,1,2025,29070,2026-03-14 15:00:00,92,73,Burnley,Bournemouth,BOU,BUR,1,1.8564000000000003,0,2.36979,2.36979,0.6928400000000001,9.538461538461538,9,1,0.9222,0,1.67695,1.67695,-0.6928400000000001,12.65,5
ENG-Premier League,2526,2026-03-14 Chelsea-Newcastle United,1,2025,29071,2026-03-14 17:30:00,80,86,Chelsea,Newcastle United,NEW,CHE,3,0.8613,1,1.03251,1.03251,-0.6925699999999999,17.31578947368421,7,0,1.869,0,1.72508,1.72508,0.6925699999999999,10.647058823529411,12
ENG-Premier League,2526,2026-03-14 Sunderland-Brighton,1,2025,29076,2026-03-14 15:00:00,77,220,Sunderland,Brighton,BRI,SUN,3,1.7702000000000002,1,1.12832,1.12832,0.469237,8.68,12,0,0.9139999999999999,0,0.659083,0.659083,-0.469237,20.076923076923077,9
ENG-Premier League,2526,2026-03-14 West Ham-Manchester City,1,2025,29077,2026-03-14 20:00:00,81,88,West Ham,Manchester City,MCI,WHU,1,2.4822,1,1.9546,1.9546,1.4656179999999999,9.25,8,1,0.3267,1,0.488982,0.488982,-1.4656179999999999,17.227272727272727,2
ENG-Premier League,2526,2026-03-15 Crystal Palace-Leeds,1,2025,29072,2026-03-15 14:00:00,78,245,Crystal Palace,Leeds,LED,CRY,1,2.0132,0,1.13558,0.374413,-0.15079200000000004,17.615384615384617,4,1,0.6851,0,0.525205,0.525205,0.15079200000000004,8.166666666666666,2
ENG-Premier League,2526,2026-03-15 Liverpool-Tottenham,1,2025,29073,2026-03-15 16:30:00,87,82,Liverpool,Tottenham,TOT,LIV,1,1.271,1,1.15636,1.15636,-0.14439999999999986,13.15,3,1,1.4429,1,1.30076,1.30076,0.14439999999999986,5.538461538461538,17
ENG-Premier League,2526,2026-03-15 Manchester United-Aston Villa,1,2025,29074,2026-03-15 14:00:00,89,71,Manchester United,Aston Villa,AVL,MUN,0,1.0158,1,1.21071,1.21071,-0.46752000000000016,17.333333333333332,10,3,1.7202,3,1.67823,1.67823,0.46752000000000016,9.727272727272727,5
ENG-Premier League,2526,2026-03-15 Nottingham Forest-Fulham,1,2025,29075,2026-03-15 14:00:00,249,228,Nottingham Forest,Fulham,FLH,NOT,1,1.5091999999999999,0,0.933988,0.933988,0.112977,12.25,3,1,1.1281999999999999,0,0.821011,0.821011,-0.112977,21.53846153846154,3
ENG-Premier League,2526,2026-03-16 Brentford-Wolverhampton Wanderers,1,2025,29069,2026-03-16 20:00:00,244,229,Brentford,Wolverhampton Wanderers,WOL,BRE,1,0.721,2,1.80044,1.80044,-0.9961600000000002,13.647058823529411,9,1,2.0722,2,2.7966,2.7966,0.9961600000000002,8.928571428571429,7
ENG-Premier League,2526,2026-03-20 Bournemouth-Manchester United,1,2025,29078,2026-03-20 20:00:00,73,89,Bournemouth,Manchester United,MUN,BOU,1,1.3522,2,1.74574,0.984568,-0.020902000000000087,12.095238095238095,8,1,1.3639000000000001,2,1.76664,1.00547,0.020902000000000087,10.9,6
ENG-Premier League,2526,2026-03-21 Brighton-Liverpool,1,2025,29080,2026-03-21 12:30:00,220,87,Brighton,Liverpool,LIV,BRI,0,0.14730000000000001,1,0.956801,0.956801,-2.472759,11.125,7,3,2.7837,2,3.42956,3.42956,2.472759,11.5,7
ENG-Premier League,2526,2026-03-21 Everton-Chelsea,1,2025,29081,2026-03-21 17:30:00,72,80,Everton,Chelsea,CHE,EVE,0,1.2955,0,1.35143,1.35143,-0.09389000000000003,11.833333333333334,9,3,1.4251,3,1.44532,1.44532,0.09389000000000003,29.307692307692307,7
ENG-Premier League,2526,2026-03-21 Fulham-Burnley,1,2025,29082,2026-03-21 15:00:00,228,92,Fulham,Burnley,BUR,FLH,0,0.5219,1,1.92556,1.92556,-0.79765,20.923076923076923,4,3,2.3195,3,3.48438,2.72321,0.79765,16.133333333333333,16
ENG-Premier League,2526,2026-03-21 Leeds-Brentford,1,2025,29083,2026-03-21 20:00:00,245,244,Leeds,Brentford,BRE,LED,1,1.0807,0,0.302221,0.302221,-0.11507499999999998,12.166666666666666,2,1,1.3780000000000001,0,0.417296,0.417296,0.11507499999999998,8.818181818181818,9
ENG-Premier League,2526,2026-03-22 Aston Villa-West Ham,1,2025,29079,2026-03-22 14:15:00,71,81,Aston Villa,West Ham,WHU,AVL,0,0.2996,0,0.760054,0.760054,-1.725226,15.529411764705882,5,3,2.5688,2,2.48528,2.48528,1.725226,14.666666666666666,15
ENG-Premier League,2526,2026-03-22 Newcastle United-Sunderland,1,2025,29085,2026-03-22 12:00:00,86,77,Newcastle United,Sunderland,SUN,NEW,3,2.324,2,2.66657,2.66657,1.39952,11.045454545454545,10,0,0.5123,1,1.26705,1.26705,-1.39952,6.235294117647059,3
ENG-Premier League,2526,2026-03-22 Tottenham-Nottingham Forest,1,2025,29086,2026-03-22 14:15:00,82,249,Tottenham,Nottingham Forest,NOT,TOT,3,1.325,3,1.54408,1.54408,-0.07482000000000011,9.84,3,0,1.3952000000000002,0,1.6189,1.6189,0.07482000000000011,6.071428571428571,4
ENG-Premier League,2526,2026-04-10 West Ham-Wolverhampton Wanderers,1,2025,29091,2026-04-10 19:00:00,81,229,West Ham,Wolverhampton Wanderers,WOL,WHU,0,0.2434,0,0.571967,0.571967,-1.971823,9.333333333333334,4,3,2.644,4,2.54379,2.54379,1.971823,13.55,7
ENG-Premier League,2526,2026-04-11 Arsenal-Bournemouth,1,2025,29092,2026-04-11 11:30:00,83,73,Arsenal,Bournemouth,BOU,ARS,3,0.2743,2,1.39461,1.39461,-1.00768,8.0,5,0,2.5960000000000005,1,3.16346,2.40229,1.00768,9.304347826086957,5
ENG-Premier League,2526,2026-04-11 Brentford-Everton,1,2025,29093,2026-04-11 14:00:00,244,72,Brentford,Everton,EVE,BRE,1,0.8997999999999999,2,1.57033,1.57033,0.0684800000000001,10.782608695652174,8,1,1.8637,2,2.26302,1.50185,-0.0684800000000001,10.944444444444445,5
ENG-Premier League,2526,2026-04-11 Burnley-Brighton,1,2025,29094,2026-04-11 14:00:00,92,220,Burnley,Brighton,BRI,BUR,3,1.5306,2,1.07182,1.07182,0.259791,7.8,11,0,1.137,0,0.812029,0.812029,-0.259791,18.3125,3
ENG-Premier League,2526,2026-04-11 Liverpool-Fulham,1,2025,29097,2026-04-11 16:30:00,87,228,Liverpool,Fulham,FLH,LIV,0,0.9683999999999999,0,1.42024,1.42024,-0.5947500000000001,13.65,12,3,1.7901,2,2.01499,2.01499,0.5947500000000001,10.043478260869565,21
ENG-Premier League,2526,2026-04-12 Chelsea-Manchester City,1,2025,29095,2026-04-12 15:30:00,80,88,Chelsea,Manchester City,MCI,CHE,3,2.1764,3,2.40839,2.40839,1.1873099999999999,8.592592592592593,15,0,0.6302,0,1.22108,1.22108,-1.1873099999999999,25.846153846153847,2
ENG-Premier League,2526,2026-04-12 Crystal Palace-Newcastle United,1,2025,29096,2026-04-12 13:00:00,78,86,Crystal Palace,Newcastle United,NEW,CRY,0,0.2813,1,1.27299,1.27299,-1.1051699999999998,10.833333333333334,3,3,2.5955000000000004,2,3.13933,2.37816,1.1051699999999998,10.172413793103448,4
ENG-Premier League,2526,2026-04-12 Nottingham Forest-Aston Villa,1,2025,29089,2026-04-12 13:00:00,249,71,Nottingham Forest,Aston Villa,AVL,NOT,1,1.7912000000000001,1,1.36297,1.36297,0.51252,10.375,6,1,0.9284,1,0.85045,0.85045,-0.51252,10.814814814814815,6
ENG-Premier League,2526,2026-04-12 Sunderland-Tottenham,1,2025,29090,2026-04-12 13:00:00,77,82,Sunderland,Tottenham,TOT,SUN,0,0.7801,0,1.01598,1.01598,-0.75986,10.947368421052632,3,3,1.9645,1,1.77584,1.77584,0.75986,7.133333333333334,7
ENG-Premier League,2526,2026-04-13 Manchester United-Leeds,1,2025,29088,2026-04-13 19:00:00,89,245,Manchester United,Leeds,LED,MUN,3,2.4141000000000004,2,2.95118,2.95118,1.5856299999999999,12.714285714285714,8,0,0.4425,1,1.36555,1.36555,-1.5856299999999999,10.391304347826088,11
ENG-Premier League,2526,2026-04-18 Brentford-Fulham,1,2025,29099,2026-04-18 11:30:00,244,228,Brentford,Fulham,FLH,BRE,1,0.39189999999999997,0,0.790707,0.790707,-1.5448129999999998,13.277777777777779,12,1,2.4486999999999997,0,2.33552,2.33552,1.5448129999999998,13.35,4
ENG-Premier League,2526,2026-04-18 Chelsea-Manchester United,1,2025,29100,2026-04-18 19:00:00,80,89,Chelsea,Manchester United,MUN,CHE,3,0.6592,1,0.436043,0.436043,-0.8450470000000001,28.384615384615383,1,0,2.0428,0,1.28109,1.28109,0.8450470000000001,11.347826086956522,8
ENG-Premier League,2526,2026-04-18 Leeds-Wolverhampton Wanderers,1,2025,29103,2026-04-18 14:00:00,245,229,Leeds,Wolverhampton Wanderers,WOL,LED,0,0.0557,0,0.568627,0.568627,-2.2282830000000002,11.64,4,3,2.9123,3,3.55804,2.79691,2.2282830000000002,10.368421052631579,7
ENG-Premier League,2526,2026-04-18 Newcastle United-Bournemouth,1,2025,29105,2026-04-18 14:00:00,86,73,Newcastle United,Bournemouth,BOU,NEW,3,2.5901,2,3.36662,3.36662,1.7549500000000002,10.523809523809524,7,0,0.2867,1,1.61167,1.61167,-1.7549500000000002,8.0,8
ENG-Premier League,2526,2026-04-18 Tottenham-Brighton,1,2025,29107,2026-04-18 16:30:00,82,220,Tottenham,Brighton,BRI,TOT,1,1.0158,2,1.1373,1.1373,-0.42321999999999993,5.636363636363637,7,1,1.7111999999999998,2,1.56052,1.56052,0.42321999999999993,12.444444444444445,9
ENG-Premier League,2526,2026-04-19 Aston Villa-Sunderland,1,2025,29098,2026-04-19 13:00:00,71,77,Aston Villa,Sunderland,SUN,AVL,0,0.2352,3,1.56008,1.56008,-2.34215,12.052631578947368,3,3,2.6763,4,3.90223,3.90223,2.34215,13.470588235294118,7
ENG-Premier League,2526,2026-04-19 Everton-Liverpool,1,2025,29102,2026-04-19 13:00:00,72,87,Everton,Liverpool,LIV,EVE,3,1.2572,2,1.38333,1.38333,-0.09506999999999999,8.909090909090908,8,0,1.4591,1,1.4784,1.4784,0.09506999999999999,14.9,5
ENG-Premier League,2526,2026-04-19 Manchester City-Arsenal,1,2025,29104,2026-04-19 15:30:00,88,83,Manchester City,Arsenal,ARS,MCI,0,1.1578,1,2.28964,2.28964,-0.32563999999999993,9.153846153846153,3,3,1.5943,2,2.61528,2.61528,0.32563999999999993,13.461538461538462,15
ENG-Premier League,2526,2026-04-19 Nottingham Forest-Burnley,1,2025,29106,2026-04-19 13:00:00,249,92,Nottingham Forest,Burnley,BUR,NOT,0,0.6392,1,0.601418,0.601418,-0.8410819999999999,10.214285714285714,3,3,2.0771,4,1.4425,1.4425,0.8410819999999999,14.45,6
ENG-Premier League,2526,2026-04-20 Crystal Palace-West Ham,1,2025,29101,2026-04-20 19:00:00,78,81,Crystal Palace,West Ham,WHU,CRY,1,1.1961,0,0.622445,0.622445,-0.11099700000000001,10.32,5,1,1.4175,0,0.733442,0.733442,0.11099700000000001,10.277777777777779,5
ENG-Premier League,2526,2026-04-21 Brighton-Chelsea,1,2025,29110,2026-04-21 19:00:00,220,80,Brighton,Chelsea,CHE,BRI,0,0.1325,0,0.297865,0.297865,-2.2199750000000003,22.214285714285715,3,3,2.7887000000000004,3,2.51784,2.51784,2.2199750000000003,10.23076923076923,9
ENG-Premier League,2526,2026-04-22 Bournemouth-Leeds,1,2025,29108,2026-04-22 19:00:00,73,245,Bournemouth,Leeds,LED,BOU,1,0.8593,2,1.21601,1.21601,-0.69754,10.4,6,1,1.8973000000000002,2,1.91355,1.91355,0.69754,8.842105263157896,13
ENG-Premier League,2526,2026-04-22 Burnley-Manchester City,1,2025,29111,2026-04-22 19:00:00,92,88,Burnley,Manchester City,MCI,BUR,3,2.6851000000000003,1,3.40888,3.40888,2.435104,10.454545454545455,19,0,0.2239,0,0.973776,0.973776,-2.435104,16.05,5
ENG-Premier League,2526,2026-04-24 Sunderland-Nottingham Forest,1,2025,29115,2026-04-24 19:00:00,77,249,Sunderland,Nottingham Forest,NOT,SUN,3,2.1618,5,1.54208,1.54208,0.9277569999999999,10.65,3,0,0.5967,0,0.614323,0.614323,-0.9277569999999999,5.409090909090909,13
ENG-Premier League,2526,2026-04-25 Arsenal-Newcastle United,1,2025,29109,2026-04-25 16:30:00,83,86,Arsenal,Newcastle United,NEW,ARS,0,1.5840999999999998,0,0.868897,0.868897,0.22970800000000002,8.818181818181818,7,3,1.0522,1,0.639189,0.639189,-0.22970800000000002,14.88888888888889,10
ENG-Premier League,2526,2026-04-25 Fulham-Aston Villa,1,2025,29112,2026-04-25 11:30:00,228,71,Fulham,Aston Villa,AVL,FLH,0,1.0486,0,0.906156,0.906156,-0.3345340000000001,8.894736842105264,4,3,1.6360000000000001,1,1.24069,1.24069,0.3345340000000001,9.277777777777779,5
ENG-Premier League,2526,2026-04-25 Liverpool-Crystal Palace,1,2025,29113,2026-04-25 14:00:00,87,78,Liverpool,Crystal Palace,CRY,LIV,0,1.8945,1,2.19912,2.19912,0.7484100000000002,15.444444444444445,6,3,0.8742000000000001,3,1.45071,1.45071,-0.7484100000000002,15.235294117647058,6
ENG-Premier League,2526,2026-04-25 West Ham-Everton,1,2025,29116,2026-04-25 14:00:00,81,72,West Ham,Everton,EVE,WHU,0,0.8041,1,1.1144,1.1144,-0.7211999999999998,11.941176470588236,9,3,1.9405,2,1.8356,1.8356,0.7211999999999998,9.653846153846153,7
ENG-Premier League,2526,2026-04-25 Wolverhampton Wanderers-Tottenham,1,2025,29117,2026-04-25 14:00:00,229,82,Wolverhampton Wanderers,Tottenham,TOT,WOL,3,1.6622000000000001,1,1.06403,1.06403,0.30137400000000003,4.857142857142857,4,0,0.9893000000000001,0,0.762656,0.762656,-0.30137400000000003,13.5,0
ENG-Premier League,2526,2026-04-27 Manchester United-Brentford,1,2025,29114,2026-04-27 19:00:00,89,244,Manchester United,Brentford,BRE,MUN,0,0.8975,1,1.30383,1.30383,-0.5446899999999999,9.958333333333334,10,3,1.8439999999999999,2,1.84852,1.84852,0.5446899999999999,13.0,8
ENG-Premier League,2526,2026-05-01 Leeds-Burnley,1,2025,29124,2026-05-01 20:00:00,245,92,Leeds,Burnley,BUR,LED,0,0.255,1,0.434597,0.434597,-1.660863,12.95,3,3,2.6082,3,2.09546,2.09546,1.660863,11.172413793103448,4
ENG-Premier League,2526,2026-05-02 Arsenal-Fulham,1,2025,29119,2026-05-02 17:30:00,83,228,Arsenal,Fulham,FLH,ARS,0,0.0539,0,0.696714,0.696714,-3.394076,13.681818181818182,3,3,2.915,3,4.09079,4.09079,3.394076,14.5,14
ENG-Premier League,2526,2026-05-02 Brentford-West Ham,1,2025,29121,2026-05-02 15:00:00,244,81,Brentford,West Ham,WHU,BRE,0,0.3611,0,0.753895,0.753895,-0.758675,7.818181818181818,2,3,2.4871999999999996,3,2.27374,1.51257,0.758675,9.333333333333334,7
ENG-Premier League,2526,2026-05-02 Newcastle United-Brighton,1,2025,29126,2026-05-02 15:00:00,86,220,Newcastle United,Brighton,BRI,NEW,0,0.6411,1,1.87112,1.87112,-1.25821,7.411764705882353,9,3,2.1879,3,3.12933,3.12933,1.25821,21.363636363636363,3
ENG-Premier League,2526,2026-05-02 Wolverhampton Wanderers-Sunderland,1,2025,29127,2026-05-02 15:00:00,229,77,Wolverhampton Wanderers,Sunderland,SUN,WOL,1,0.6384,1,0.923954,0.923954,-1.037356,13.105263157894736,6,1,2.1408,1,1.96131,1.96131,1.037356,8.117647058823529,10
ENG-Premier League,2526,2026-05-03 Aston Villa-Tottenham,1,2025,29120,2026-05-03 19:00:00,71,82,Aston Villa,Tottenham,TOT,AVL,3,1.8213,2,1.12225,1.12225,0.512756,11.6,3,0,0.8391000000000001,1,0.609494,0.609494,-0.512756,9.5,0
ENG-Premier League,2526,2026-05-03 Bournemouth-Crystal Palace,1,2025,29118,2026-05-03 14:00:00,73,78,Bournemouth,Crystal Palace,CRY,BOU,0,0.3143,0,0.678329,0.678329,-0.8567610000000001,9.904761904761905,10,3,2.5408999999999997,3,2.29626,1.53509,0.8567610000000001,10.318181818181818,6
ENG-Premier League,2526,2026-05-03 Manchester United-Liverpool,1,2025,29125,2026-05-03 15:30:00,89,87,Manchester United,Liverpool,LIV,MUN,0,0.4435,2,1.02814,1.02814,-1.52798,9.7,5,3,2.4019,3,2.55612,2.55612,1.52798,12.391304347826088,7
ENG-Premier League,2526,2026-05-04 Chelsea-Nottingham Forest,1,2025,29122,2026-05-04 15:00:00,80,249,Chelsea,Nottingham Forest,NOT,CHE,3,1.504,3,2.31019,1.54902,0.13887000000000005,23.125,4,0,1.2142000000000002,1,2.17132,1.41015,-0.13887000000000005,8.041666666666666,12
ENG-Premier League,2526,2026-05-04 Everton-Manchester City,1,2025,29123,2026-05-04 20:00:00,72,88,Everton,Manchester City,MCI,EVE,1,1.145,3,1.41706,1.41706,-0.2685200000000001,6.466666666666667,14,1,1.5911,3,1.68558,1.68558,0.2685200000000001,16.470588235294116,1
ENG-Premier League,2526,2026-05-09 Brighton-Wolverhampton Wanderers,1,2025,29128,2026-05-09 15:00:00,220,229,Brighton,Wolverhampton Wanderers,WOL,BRI,0,0.275,0,0.515647,0.515647,-1.7086230000000002,25.571428571428573,2,3,2.5841,3,2.22427,2.22427,1.7086230000000002,4.275862068965517,9
ENG-Premier League,2526,2026-05-09 Fulham-Bournemouth,1,2025,29131,2026-05-09 15:00:00,228,73,Fulham,Bournemouth,BOU,FLH,3,1.1361999999999999,1,0.998003,0.998003,-0.24533699999999992,13.521739130434783,4,0,1.549,0,1.24334,1.24334,0.24533699999999992,11.833333333333334,8
ENG-Premier League,2526,2026-05-09 Liverpool-Chelsea,1,2025,29132,2026-05-09 12:30:00,87,80,Liverpool,Chelsea,CHE,LIV,1,1.2752999999999999,1,0.597184,0.597184,-0.026007000000000002,9.121212121212121,7,1,1.3029,1,0.623191,0.623191,0.026007000000000002,12.28,7
ENG-Premier League,2526,2026-05-09 Manchester City-Brentford,1,2025,29133,2026-05-09 17:30:00,88,244,Manchester City,Brentford,BRE,MCI,0,0.014499999999999999,0,0.670038,0.670038,-3.7042520000000003,7.666666666666667,3,3,2.9734,3,4.37429,4.37429,3.7042520000000003,7.28,13
ENG-Premier League,2526,2026-05-09 Sunderland-Manchester United,1,2025,29135,2026-05-09 15:00:00,77,89,Sunderland,Manchester United,MUN,SUN,1,0.7339,0,0.535981,0.535981,-0.701619,12.761904761904763,7,1,1.9752999999999998,0,1.2376,1.2376,0.701619,13.555555555555555,13
ENG-Premier League,2526,2026-05-10 Burnley-Aston Villa,1,2025,29129,2026-05-10 14:00:00,92,71,Burnley,Aston Villa,AVL,BUR,1,1.3934,2,1.75493,1.75493,0.04259000000000013,7.875,7,1,1.3481,2,1.71234,1.71234,-0.04259000000000013,11.25,7
ENG-Premier League,2526,2026-05-10 Crystal Palace-Everton,1,2025,29130,2026-05-10 14:00:00,78,72,Crystal Palace,Everton,EVE,CRY,1,0.7327,2,2.10265,2.10265,-1.18561,16.214285714285715,9,1,2.0941,2,3.28826,3.28826,1.18561,6.380952380952381,9
ENG-Premier League,2526,2026-05-10 Nottingham Forest-Newcastle United,1,2025,29134,2026-05-10 14:00:00,249,86,Nottingham Forest,Newcastle United,NEW,NOT,1,1.5316,1,1.65067,1.65067,0.1863300000000001,8.142857142857142,11,1,1.201,1,1.46434,1.46434,-0.1863300000000001,17.0,9
ENG-Premier League,2526,2026-05-10 West Ham-Arsenal,1,2025,29137,2026-05-10 16:30:00,81,83,West Ham,Arsenal,ARS,WHU,3,1.4258,1,1.42953,1.42953,0.10942000000000007,6.0,9,0,1.2779,0,1.32011,1.32011,-0.10942000000000007,15.4375,7
ENG-Premier League,2526,2026-05-11 Tottenham-Leeds,1,2025,29136,2026-05-11 20:00:00,82,245,Tottenham,Leeds,LED,TOT,1,1.6843000000000001,1,1.86976,1.10859,-0.38176999999999994,9.826086956521738,4,1,1.0561,1,1.49036,1.49036,0.38176999999999994,6.1923076923076925,4
ENG-Premier League,2526,2026-05-13 Manchester City-Crystal Palace,1,2025,29084,2026-05-13 20:00:00,88,78,Manchester City,Crystal Palace,CRY,MCI,0,0.3052,0,0.428862,0.428862,-1.527928,28.083333333333332,2,3,2.5366,3,1.95679,1.95679,1.527928,7.833333333333333,17
ENG-Premier League,2526,2026-05-15 Aston Villa-Liverpool,1,2025,29140,2026-05-15 20:00:00,71,87,Aston Villa,Liverpool,LIV,AVL,0,0.7071999999999999,2,1.55027,1.55027,-0.9749299999999999,14.285714285714286,7,3,2.0842,4,2.5252,2.5252,0.9749299999999999,13.105263157894736,5
ENG-Premier League,2526,2026-05-17 Brentford-Crystal Palace,1,2025,29141,2026-05-17 15:00:00,244,78,Brentford,Crystal Palace,CRY,BRE,1,1.5973000000000002,2,1.82274,1.06157,-0.48407,31.555555555555557,14,1,1.1392,2,1.54564,1.54564,0.48407,14.777777777777779,9
ENG-Premier League,2526,2026-05-17 Everton-Sunderland,1,2025,29143,2026-05-17 15:00:00,72,77,Everton,Sunderland,SUN,EVE,3,1.2879,3,1.28383,1.28383,-0.0379799999999999,12.75,2,0,1.3961999999999999,1,1.32181,1.32181,0.0379799999999999,14.5,3
ENG-Premier League,2526,2026-05-17 Leeds-Brighton,1,2025,29144,2026-05-17 15:00:00,245,220,Leeds,Brighton,BRI,LED,0,2.4103,0,2.23238,2.23238,1.4846240000000002,7.866666666666666,16,3,0.4024,1,0.747756,0.747756,-1.4846240000000002,21.0,2
ENG-Premier League,2526,2026-05-17 Manchester United-Nottingham Forest,1,2025,29145,2026-05-17 12:30:00,89,249,Manchester United,Nottingham Forest,NOT,MUN,0,0.2795,2,1.84418,1.84418,-2.44114,13.833333333333334,11,3,2.6182999999999996,3,4.28532,4.28532,2.44114,10.04,14
ENG-Premier League,2526,2026-05-17 Newcastle United-West Ham,1,2025,29146,2026-05-17 17:30:00,86,81,Newcastle United,West Ham,WHU,NEW,0,0.5649,1,0.957771,0.957771,-1.1758289999999998,10.23076923076923,10,3,2.2356,3,2.1336,2.1336,1.1758289999999998,11.411764705882353,19
ENG-Premier League,2526,2026-05-17 Wolverhampton Wanderers-Fulham,1,2025,29147,2026-05-17 15:00:00,229,228,Wolverhampton Wanderers,Fulham,FLH,WOL,1,1.3603,1,1.48412,0.722955,-0.774295,6.7368421052631575,14,1,1.3525,1,1.49725,1.49725,0.774295,12.444444444444445,4
ENG-Premier League,2526,2026-05-18 Arsenal-Burnley,1,2025,29139,2026-05-18 20:00:00,83,92,Arsenal,Burnley,BUR,ARS,0,0.4053,0,0.194884,0.194884,-1.032066,13.764705882352942,2,3,2.3346,1,1.22695,1.22695,1.032066,12.4375,20
ENG-Premier League,2526,2026-05-19 Bournemouth-Manchester City,1,2025,29138,2026-05-19 19:30:00,73,88,Bournemouth,Manchester City,MCI,BOU,1,1.0296,1,1.26917,1.26917,-0.44569000000000014,21.90909090909091,12,1,1.7151,1,1.71486,1.71486,0.44569000000000014,10.655172413793103,9
ENG-Premier League,2526,2026-05-19 Chelsea-Tottenham,1,2025,29142,2026-05-19 20:15:00,80,82,Chelsea,Tottenham,TOT,CHE,0,2.2183,1,2.15227,2.15227,1.0596500000000002,9.125,7,3,0.5689,2,1.09262,1.09262,-1.0596500000000002,11.724137931034482,3
ENG-Premier League,2526,2026-05-24 Brighton-Manchester United,1,2025,29148,2026-05-24 15:00:00,220,89,Brighton,Manchester United,MUN,BRI,3,2.5873,3,2.32868,2.32868,1.6262819999999998,15.705882352941176,9,0,0.28390000000000004,0,0.702398,0.702398,-1.6262819999999998,7.612903225806452,10
ENG-Premier League,2526,2026-05-24 Burnley-Wolverhampton Wanderers,1,2025,29149,2026-05-24 15:00:00,92,229,Burnley,Wolverhampton Wanderers,WOL,BUR,1,2.4256,1,2.8433,2.08213,0.7973699999999999,13.666666666666666,5,1,0.41890000000000005,1,1.28476,1.28476,-0.7973699999999999,9.357142857142858,13
ENG-Premier League,2526,2026-05-24 Crystal Palace-Arsenal,1,2025,29150,2026-05-24 15:00:00,78,83,Crystal Palace,Arsenal,ARS,CRY,3,2.8347,2,3.90645,3.90645,2.90153,9.88888888888889,8,0,0.11460000000000001,1,1.00492,1.00492,-2.90153,17.75,3
ENG-Premier League,2526,2026-05-24 Fulham-Newcastle United,1,2025,29151,2026-05-24 15:00:00,228,86,Fulham,Newcastle United,NEW,FLH,0,0.2861,0,0.24232,0.24232,-1.48646,12.764705882352942,6,3,2.5355,2,1.72878,1.72878,1.48646,11.444444444444445,10
ENG-Premier League,2526,2026-05-24 Liverpool-Brentford,1,2025,29152,2026-05-24 15:00:00,87,244,Liverpool,Brentford,BRE,LIV,1,0.5012,1,1.46082,1.46082,-1.5333,12.222222222222221,5,1,2.3327,1,2.99412,2.99412,1.5333,11.705882352941176,11
ENG-Premier League,2526,2026-05-24 Manchester City-Aston Villa,1,2025,29153,2026-05-24 15:00:00,88,71,Manchester City,Aston Villa,AVL,MCI,3,2.1366,2,2.4397,2.4397,1.0588500000000003,20.7,4,0,0.6744,1,1.38085,1.38085,-1.0588500000000003,16.2,14
ENG-Premier League,2526,2026-05-24 Nottingham Forest-Bournemouth,1,2025,29154,2026-05-24 15:00:00,249,73,Nottingham Forest,Bournemouth,BOU,NOT,1,0.8557,1,1.33684,1.33684,-0.7216800000000001,8.0,8,1,1.9114,1,2.05852,2.05852,0.7216800000000001,17.916666666666668,3
ENG-Premier League,2526,2026-05-24 Sunderland-Chelsea,1,2025,29155,2026-05-24 15:00:00,77,80,Sunderland,Chelsea,CHE,SUN,0,0.44129999999999997,1,0.920885,0.920885,-1.4102050000000002,17.272727272727273,7,3,2.3832,2,2.33109,2.33109,1.4102050000000002,7.9375,12
ENG-Premier League,2526,2026-05-24 Tottenham-Everton,1,2025,29156,2026-05-24 15:00:00,82,72,Tottenham,Everton,EVE,TOT,0,0.3246,0,0.268476,0.268476,-1.137494,7.793103448275862,3,3,2.4774,1,1.40597,1.40597,1.137494,7.5,2
ENG-Premier League,2526,2026-05-24 West Ham-Leeds,1,2025,29157,2026-05-24 15:00:00,81,245,West Ham,Leeds,LED,WHU,0,0.8823000000000001,0,1.94969,1.94969,-0.78166,5.133333333333334,6,3,1.8960000000000001,3,2.73135,2.73135,0.78166,16.470588235294116,6
ENG-Premier League,2627,2026-08-21 Arsenal-Coventry,1,2026,31180,2026-08-21 19:00:00,83,294,Arsenal,Coventry,COV,ARS,0,0.4106,0,0.558336,0.558336,-1.2959040000000002,27.25,2,3,2.3738,3,1.85424,1.85424,1.2959040000000002,9.647058823529411,18
ENG-Premier League,2627,2026-08-22 Brentford-Tottenham,1,2026,31185,2026-08-22 16:30:00,244,82,Brentford,Tottenham,TOT,BRE,0,0.064,0,0.756284,0.756284,-2.524096,7.884615384615385,7,3,2.9014,3,4.04155,3.28038,2.524096,8.161290322580646,13
ENG-Premier League,2627,2026-08-22 Everton-Crystal Palace,1,2026,31182,2026-08-22 14:00:00,72,78,Everton,Crystal Palace,CRY,EVE,0,1.9875999999999998,0,2.23095,2.23095,0.7801,7.107142857142857,6,3,0.7830999999999999,2,1.45085,1.45085,-0.7801,22.466666666666665,10
ENG-Premier League,2627,2026-08-22 Hull-Manchester United,1,2026,31181,2026-08-22 11:30:00,91,89,Hull,Manchester United,MUN,HUL,0,1.5478,0,1.77874,1.77874,0.28247,10.357142857142858,11,3,1.1638,2,1.49627,1.49627,-0.28247,20.571428571428573,1
ENG-Premier League,2627,2026-08-22 Ipswich-Sunderland,1,2026,31183,2026-08-22 14:00:00,285,77,Ipswich,Sunderland,SUN,IPS,0,0.99,1,1.17743,1.17743,-0.40708999999999995,6.653846153846154,6,3,1.7238,2,1.58452,1.58452,0.40708999999999995,12.10344827586207,4
ENG-Premier League,2627,2026-08-22 Nottingham Forest-Leeds,1,2026,31184,2026-08-22 14:00:00,249,245,Nottingham Forest,Leeds,LED,NOT,3,1.0787,1,0.466247,0.466247,-0.19043399999999994,6.28125,2,0,1.5032,0,0.656681,0.656681,0.19043399999999994,9.421052631578947,6
ENG-Premier League,2627,2026-08-23 Brighton-Aston Villa,1,2026,31186,2026-08-23 13:00:00,220,71,Brighton,Aston Villa,AVL,BRI,0,0.010799999999999999,0,0.275249,0.275249,-3.7280209999999996,32.27272727272727,0,3,2.9799,4,4.00327,4.00327,3.7280209999999996,3.735294117647059,13
ENG-Premier League,2627,2026-08-23 Manchester City-Bournemouth,1,2026,31187,2026-08-23 13:00:00,88,73,Manchester City,Bournemouth,BOU,MCI,0,0.28750000000000003,1,0.707541,0.707541,-1.766899,17.894736842105264,1,3,2.575,2,2.47444,2.47444,1.766899,7.6,14
ENG-Premier League,2627,2026-08-23 Newcastle United-Liverpool,1,2026,31188,2026-08-23 15:30:00,86,87,Newcastle United,Liverpool,LIV,NEW,1,2.4082999999999997,2,3.13133,2.37016,0.7755099999999999,5.689655172413793,4,1,0.4379,2,1.59465,1.59465,-0.7755099999999999,8.772727272727273,3
ENG-Premier League,2627,2026-08-24 Fulham-Chelsea,1,2026,31189,2026-08-24 19:00:00,228,80,Fulham,Chelsea,CHE,FLH,3,2.1868000000000003,3,2.58384,2.58384,1.1667699999999999,19.0,10,0,0.6187,2,1.41707,1.41707,-1.1667699999999999,8.125,5
ENG-Premier League,2627,2026-08-28 Crystal Palace-Manchester City,1,2026,31190,2026-08-28 19:00:00,78,88,Crystal Palace,Manchester City,MCI,CRY,3,2.4576000000000002,4,2.56662,2.56662,1.639996,7.346153846153846,11,0,0.3888,1,0.926624,0.926624,-1.639996,22.38095238095238,3
ENG-Premier League,2627,2026-08-29 Bournemouth-Everton,1,2026,31193,2026-08-29 14:00:00,73,72,Bournemouth,Everton,EVE,BOU,1,0.9696,1,1.66352,1.66352,-0.5945100000000001,10.291666666666666,4,1,1.7945999999999998,1,2.25803,2.25803,0.5945100000000001,6.7272727272727275,10
ENG-Premier League,2627,2026-08-29 Coventry-Hull,1,2026,31192,2026-08-29 14:00:00,294,91,Coventry,Hull,HUL,COV,3,0.6444000000000001,1,0.459726,0.459726,-0.722604,16.65,3,0,2.0532,0,1.18233,1.18233,0.722604,8.733333333333333,4
ENG-Premier League,2627,2026-08-29 Liverpool-Nottingham Forest,1,2026,31191,2026-08-29 11:30:00,87,249,Liverpool,Nottingham Forest,NOT,LIV,1,2.4799,2,2.87937,2.1182,0.8389899999999999,20.9375,6,1,0.36850000000000005,2,1.27921,1.27921,-0.8389899999999999,3.9705882352941178,4
ENG-Premier League,2627,2026-08-29 Tottenham-Newcastle United,1,2026,31194,2026-08-29 16:30:00,82,86,Tottenham,Newcastle United,NEW,TOT,3,1.2813,2,1.00952,1.00952,-0.11085000000000012,19.285714285714285,8,0,1.4016,0,1.12037,1.12037,0.11085000000000012,9.909090909090908,7
ENG-Premier League,2627,2026-08-30 Chelsea-Brighton,1,2026,31196,2026-08-30 13:00:00,80,220,Chelsea,Brighton,BRI,CHE,0,0.3367,3,1.79173,1.79173,-2.0371699999999997,4.333333333333333,5,3,2.5465,4,3.8289,3.8289,2.0371699999999997,27.333333333333332,13
ENG-Premier League,2627,2026-08-30 Leeds-Brentford,1,2026,31197,2026-08-30 13:00:00,245,244,Leeds,Brentford,BRE,LED,1,1.7052,1,1.61344,1.61344,0.4635100000000001,6.9,5,1,0.9771,1,1.14993,1.14993,-0.4635100000000001,12.5625,1
ENG-Premier League,2627,2026-08-30 Manchester United-Ipswich,1,2026,31198,2026-08-30 15:30:00,89,285,Manchester United,Ipswich,IPS,MUN,0,0.1226,2,1.80548,1.80548,-2.2994699999999995,13.681818181818182,3,3,2.8193,5,4.86612,4.10495,2.2994699999999995,10.272727272727273,11
ENG-Premier League,2627,2026-08-30 Sunderland-Fulham,1,2026,31195,2026-08-30 13:00:00,77,228,Sunderland,Fulham,FLH,SUN,0,0.9077999999999999,0,1.02405,1.02405,-0.53824,7.964285714285714,6,3,1.8239999999999998,1,1.56229,1.56229,0.53824,15.55,5
ENG-Premier League,2627,2026-08-31 Aston Villa-Arsenal,1,2026,31199,2026-08-31 19:00:00,71,83,Aston Villa,Arsenal,ARS,AVL,3,2.6457,1,1.52441,1.52441,1.242485,9.941176470588236,8,0,0.207,0,0.281925,0.281925,-1.242485,18.75,5
